id,label,reason_tag,severity_reason,urgent_prob,severity_prob,review_priority
2a7594db3287407b.jpg,Ileocecal valve,raised_round_mass,retained_foreign_object,0.332,0.2754,5
6154fc77bf987398.jpg,Foreign body,red_fluid_region,suspicious_vascular_cluster,0.0952,0.3605,2
d7c707c4c0e9f828.jpg,Foreign body,normal_texture,large_protruding_lesion,0.1699,0.8715,5
d2f9c8b9b28400f7.jpg,Pylorus,foreign_object_shape,large_protruding_lesion,0.4528,0.4513,3
3dab5204c708fdf0.jpg,Ileocecal valve,normal_texture,active_bleeding_visible,0.2666,0.842,4
30650b7d640b30c3.jpg,Ulcer,dark_blood_residue,deep_ulceration_pattern,0.6552,0.325,3
dd4a2dd91eb3d8ca.jpg,Ileocecal valve,landmark_ring_structure,low_risk_appearance,0.7426,0.5973,1
1eb51cf1897eacf7.jpg,Ampulla of vater,blurred_visibility,suspicious_vascular_cluster,0.5333,0.4985,3
df0268e0afea84b8.jpg,Erythema,raised_round_mass,active_bleeding_visible,0.3467,0.5143,3
68a74ab3a09287bc.jpg,Lymphangiectasia,inflamed_red_surface,large_protruding_lesion,0.2554,0.5505,5
3bb6af28c58c795e.jpg,Pylorus,raised_round_mass,active_bleeding_visible,0.0679,0.3881,3
fc16d56fda432bc5.jpg,Pylorus,inflamed_red_surface,large_protruding_lesion,0.8713,0.2479,2
fc29ef6c0ff10dca.jpg,Ileocecal valve,vascular_red_spots,unclear_view_needs_review,0.5507,0.3336,1
e0b7eac029ff8ecd.jpg,Blood - fresh,normal_texture,large_protruding_lesion,0.727,0.1389,1
8823bee520a77271.jpg,Pylorus,vascular_red_spots,deep_ulceration_pattern,0.0369,0.6578,3
4974ddd7676f0471.jpg,Ileocecal valve,raised_round_mass,unclear_view_needs_review,0.7431,0.8338,3
258e1008494e902f.jpg,Reduced mucosal view,vascular_red_spots,retained_foreign_object,0.4729,0.6616,5
4854a6e0bd060a10.jpg,Erythema,red_fluid_region,widespread_inflammation,0.3953,0.428,2
4a862ece8f5deb57.jpg,Lymphangiectasia,red_fluid_region,widespread_inflammation,0.6984,0.1534,3
160a21ad55bc163c.jpg,Ileocecal valve,white_crater_lesion,suspicious_vascular_cluster,0.2354,0.4716,3
8ba48bb908db7541.jpg,Ulcer,normal_texture,widespread_inflammation,0.3029,0.5292,2
574cc21cf9d801fe.jpg,Reduced mucosal view,dark_blood_residue,suspicious_vascular_cluster,0.7503,0.3965,4
5197bbf8b39d8aef.jpg,Pylorus,raised_round_mass,retained_foreign_object,0.123,0.1212,2
701475cf55f27bea.jpg,Ileocecal valve,vascular_red_spots,large_protruding_lesion,0.566,0.537,4
f230e169cee434be.jpg,Ulcer,vascular_red_spots,active_bleeding_visible,0.2238,0.3298,1
e231726e0be1e0b2.jpg,Reduced mucosal view,vascular_red_spots,unclear_view_needs_review,0.0646,0.2625,4
a465f17577e0b24c.jpg,Pylorus,normal_texture,low_risk_appearance,0.7306,0.4485,3
1182489958227d66.jpg,Blood - fresh,red_fluid_region,unclear_view_needs_review,0.515,0.3264,1
2a575b8a0bed9e54.jpg,Ileocecal valve,dark_blood_residue,retained_foreign_object,0.3441,0.7038,3
93bf64158aa88b44.jpg,Lymphangiectasia,white_crater_lesion,active_bleeding_visible,0.5846,0.328,3
82cd160cbce62613.jpg,Ileocecal valve,blurred_visibility,suspicious_vascular_cluster,0.1314,0.727,5
c97f117421adee0e.jpg,Ileocecal valve,blurred_visibility,low_risk_appearance,0.2774,0.3269,2
1423984d28c7cbc6.jpg,Reduced mucosal view,white_crater_lesion,deep_ulceration_pattern,0.6152,0.2597,4
d349523f836ecd08.jpg,Erosion,dark_blood_residue,deep_ulceration_pattern,0.2152,0.1073,3
b69c005477349f97.jpg,Lymphangiectasia,dark_blood_residue,suspicious_vascular_cluster,0.3356,0.3864,3
ff5a4ef9c385d250.jpg,Ileocecal valve,red_fluid_region,low_risk_appearance,0.5308,0.5031,2
e79ffac946fb1688.jpg,Angiectasia,dark_blood_residue,large_protruding_lesion,0.4271,0.6529,4
4fee5177d97db2db.jpg,Erosion,red_fluid_region,suspicious_vascular_cluster,0.5033,0.5878,1
ef3d26ce5dd0bb7f.jpg,Pylorus,landmark_ring_structure,low_risk_appearance,0.1817,0.4648,2
fe678ecc0dcf3d99.jpg,Reduced mucosal view,inflamed_red_surface,low_risk_appearance,0.1557,0.6163,3
88bdea5eae08a61e.jpg,Pylorus,landmark_ring_structure,active_bleeding_visible,0.492,0.2045,4
bf3bd1ec24714483.jpg,Angiectasia,foreign_object_shape,large_protruding_lesion,0.82,0.3837,2
faf9ae4031b192e2.jpg,Foreign body,foreign_object_shape,deep_ulceration_pattern,0.9042,0.5288,5
dbfd74ea48c79e07.jpg,Ileocecal valve,blurred_visibility,unclear_view_needs_review,0.7572,0.5855,3
aac6d5e682c09e76.jpg,Foreign body,landmark_ring_structure,large_protruding_lesion,0.3822,0.286,3
187cb8a3b9627556.jpg,Ulcer,landmark_ring_structure,unclear_view_needs_review,0.6728,0.6607,3
6021f02a5c1d33f7.jpg,Angiectasia,vascular_red_spots,suspicious_vascular_cluster,0.573,0.2573,4
e756f090e61b291d.jpg,Foreign body,raised_round_mass,unclear_view_needs_review,0.4559,0.1017,1
c4de185fb71bca64.jpg,Pylorus,inflamed_red_surface,large_protruding_lesion,0.7,0.765,3
9b8e68fec505b8ba.jpg,Lymphangiectasia,blurred_visibility,widespread_inflammation,0.7834,0.8623,3
e175f7312c7abb5d.jpg,Reduced mucosal view,dark_blood_residue,retained_foreign_object,0.55,0.6666,5
80e84813976c3929.jpg,Lymphangiectasia,dark_blood_residue,suspicious_vascular_cluster,0.4091,0.8422,4
ca3d1d8f7794f3ec.jpg,Ileocecal valve,inflamed_red_surface,widespread_inflammation,0.7061,0.9244,4
2d790b2cdf14b21e.jpg,Reduced mucosal view,red_fluid_region,low_risk_appearance,0.522,0.4391,2
2d2ac481bdb8f834.jpg,Pylorus,normal_texture,widespread_inflammation,0.6743,0.6147,3
5df3bf175c2c40a3.jpg,Ileocecal valve,red_fluid_region,widespread_inflammation,0.4721,0.6377,3
bca479c26646ba40.jpg,Ileocecal valve,blurred_visibility,large_protruding_lesion,0.5249,0.2403,3
923404fa7a7b81f3.jpg,Blood - fresh,inflamed_red_surface,retained_foreign_object,0.5431,0.7718,3
286e5767a4b59e4a.jpg,Ileocecal valve,blurred_visibility,low_risk_appearance,0.2562,0.4588,4
0504e3c9cf38c5d1.jpg,Ileocecal valve,dark_blood_residue,widespread_inflammation,0.6839,0.3166,2
f737c0537fa3d982.jpg,Ileocecal valve,vascular_red_spots,retained_foreign_object,0.3806,0.9668,3
8625b14b58d1659d.jpg,Ileocecal valve,landmark_ring_structure,low_risk_appearance,0.6024,0.2753,2
7e4585377d068f72.jpg,Blood - fresh,white_crater_lesion,retained_foreign_object,0.807,0.5836,2
01d77f1ebdefc962.jpg,Lymphangiectasia,red_fluid_region,deep_ulceration_pattern,0.4639,0.8648,2
2688d47f20854c49.jpg,Angiectasia,normal_texture,deep_ulceration_pattern,0.3494,0.5573,3
1426c68e577b0d9f.jpg,Erythema,inflamed_red_surface,deep_ulceration_pattern,0.5389,0.2787,1
e84091579e535870.jpg,Ileocecal valve,inflamed_red_surface,low_risk_appearance,0.6431,0.6294,2
38a1d3ae3e4446d9.jpg,Ileocecal valve,blurred_visibility,deep_ulceration_pattern,0.6382,0.5542,4
66521fb8bc613b4c.jpg,Ileocecal valve,normal_texture,retained_foreign_object,0.6758,0.7134,4
9f47b8dd4b6059a6.jpg,Blood - fresh,landmark_ring_structure,widespread_inflammation,0.4248,0.6495,4
28409808db9d8c7f.jpg,Foreign body,raised_round_mass,deep_ulceration_pattern,0.5747,0.2457,2
e05a317088a43428.jpg,Ileocecal valve,normal_texture,active_bleeding_visible,0.5467,0.6303,4
48c1dee1face1038.jpg,Ileocecal valve,normal_texture,widespread_inflammation,0.7209,0.5955,2
1be00f33f17fc2e0.jpg,Blood - fresh,landmark_ring_structure,deep_ulceration_pattern,0.3673,0.6392,1
3d53c6f47c5a172b.jpg,Foreign body,white_crater_lesion,unclear_view_needs_review,0.5615,0.87,1
d253de18d784c966.jpg,Ileocecal valve,white_crater_lesion,retained_foreign_object,0.747,0.8761,3
ff29edde9b4d1b98.jpg,Ileocecal valve,dark_blood_residue,unclear_view_needs_review,0.7121,0.5889,2
e1b7cefea91464f2.jpg,Reduced mucosal view,landmark_ring_structure,deep_ulceration_pattern,0.7738,0.7447,3
85ffd6eee64c5977.jpg,Angiectasia,inflamed_red_surface,widespread_inflammation,0.738,0.587,2
988fe4a4ae87d3ba.jpg,Ileocecal valve,blurred_visibility,suspicious_vascular_cluster,0.1162,0.9035,3
4cdf2e05a79f424c.jpg,Angiectasia,normal_texture,widespread_inflammation,0.8505,0.5422,2
b4ce8d0aac42c01c.jpg,Ileocecal valve,landmark_ring_structure,unclear_view_needs_review,0.5944,0.956,2
02a4a76a745bffe4.jpg,Ileocecal valve,white_crater_lesion,low_risk_appearance,0.8322,0.6707,4
d8d7365b217d4efc.jpg,Ileocecal valve,red_fluid_region,low_risk_appearance,0.7603,0.8881,1
6e34c36dd89e8b0e.jpg,Pylorus,vascular_red_spots,active_bleeding_visible,0.0686,0.3621,3
5950bf7783b5667b.jpg,Erosion,inflamed_red_surface,suspicious_vascular_cluster,0.3244,0.3978,2
0a2861f33b377159.jpg,Lymphangiectasia,landmark_ring_structure,low_risk_appearance,0.9203,0.5081,3
1111398be1ce9bcd.jpg,Pylorus,inflamed_red_surface,retained_foreign_object,0.1949,0.4217,3
2ca2c14e53778d98.jpg,Ileocecal valve,white_crater_lesion,widespread_inflammation,0.3301,0.5106,4
15c9f1a8101dcc36.jpg,Ileocecal valve,vascular_red_spots,suspicious_vascular_cluster,0.1871,0.2014,2
26637a25cf34c50c.jpg,Angiectasia,raised_round_mass,deep_ulceration_pattern,0.7336,0.64,5
3bc3cb9e606ab18a.jpg,Reduced mucosal view,white_crater_lesion,widespread_inflammation,0.441,0.5314,3
756ad5c311123a66.jpg,Reduced mucosal view,raised_round_mass,large_protruding_lesion,0.4312,0.1536,4
5b433dd87047cd32.jpg,Ileocecal valve,vascular_red_spots,active_bleeding_visible,0.4108,0.3672,3
c6621641d1d734e6.jpg,Angiectasia,vascular_red_spots,active_bleeding_visible,0.5799,0.6044,3
c4f7335066dd3957.jpg,Erosion,raised_round_mass,unclear_view_needs_review,0.8058,0.7358,3
c466071b72b2ae89.jpg,Ulcer,blurred_visibility,suspicious_vascular_cluster,0.681,0.2759,4
2d7a728572e17c0a.jpg,Ulcer,blurred_visibility,widespread_inflammation,0.2299,0.6963,4
e0e0a1789d320d95.jpg,Reduced mucosal view,raised_round_mass,large_protruding_lesion,0.1651,0.6583,5
8feebe32d76f988a.jpg,Lymphangiectasia,dark_blood_residue,deep_ulceration_pattern,0.4628,0.6233,1
943be467e10e6911.jpg,Reduced mucosal view,normal_texture,deep_ulceration_pattern,0.8257,0.833,3
640e812988624091.jpg,Reduced mucosal view,normal_texture,deep_ulceration_pattern,0.7338,0.4536,4
b731fe25fb9742a7.jpg,Ileocecal valve,landmark_ring_structure,suspicious_vascular_cluster,0.1584,0.8933,1
2e0ab6e5e52f9f81.jpg,Reduced mucosal view,blurred_visibility,suspicious_vascular_cluster,0.5143,0.7641,1
ba52777439222433.jpg,Ileocecal valve,red_fluid_region,active_bleeding_visible,0.8355,0.2427,1
5128d82b209a7be4.jpg,Ileocecal valve,blurred_visibility,active_bleeding_visible,0.5138,0.5529,3
1ea845dbd798e25e.jpg,Foreign body,normal_texture,widespread_inflammation,0.204,0.5474,4
6f26de010327149f.jpg,Reduced mucosal view,dark_blood_residue,retained_foreign_object,0.578,0.5937,2
e74e097101468061.jpg,Reduced mucosal view,normal_texture,widespread_inflammation,0.3881,0.1348,5
df543c454f56f7f2.jpg,Ileocecal valve,vascular_red_spots,large_protruding_lesion,0.5753,0.6261,1
22499f92f44a6999.jpg,Ileocecal valve,raised_round_mass,deep_ulceration_pattern,0.9014,0.6259,4
4f356885dc3ff6bd.jpg,Reduced mucosal view,red_fluid_region,suspicious_vascular_cluster,0.5868,0.2918,4
9a218433c312231e.jpg,Pylorus,raised_round_mass,unclear_view_needs_review,0.5736,0.8598,3
49e3918c78202d74.jpg,Ileocecal valve,vascular_red_spots,large_protruding_lesion,0.9464,0.7323,4
2d3200447759e019.jpg,Erythema,white_crater_lesion,unclear_view_needs_review,0.2393,0.2581,2
0f4e74e72d18b713.jpg,Pylorus,white_crater_lesion,large_protruding_lesion,0.6236,0.4326,3
7e31c5117df83062.jpg,Foreign body,blurred_visibility,retained_foreign_object,0.6523,0.4107,4
9efbcf268d23e8db.jpg,Pylorus,red_fluid_region,retained_foreign_object,0.2495,0.5683,3
89e0292fa35825ee.jpg,Ulcer,raised_round_mass,widespread_inflammation,0.9609,0.6657,1
7093c9bc58ab67c0.jpg,Angiectasia,vascular_red_spots,retained_foreign_object,0.3505,0.1623,4
a996ad3b442c3728.jpg,Erosion,landmark_ring_structure,active_bleeding_visible,0.4893,0.6749,3
d30e12ddfdf6a1a7.jpg,Angiectasia,blurred_visibility,unclear_view_needs_review,0.5937,0.1636,1
691050e5b594ad34.jpg,Ileocecal valve,raised_round_mass,widespread_inflammation,0.5108,0.3692,5
8d62b8ac60940916.jpg,Ileocecal valve,landmark_ring_structure,low_risk_appearance,0.2709,0.4406,4
6d0fce53a9f151a8.jpg,Angiectasia,blurred_visibility,low_risk_appearance,0.7604,0.2057,5
070807b64a7a6769.jpg,Ileocecal valve,dark_blood_residue,unclear_view_needs_review,0.6575,0.1598,2
a0e9fe50673d4936.jpg,Blood - fresh,red_fluid_region,active_bleeding_visible,0.4889,0.7623,4
0f13106d06b98781.jpg,Ulcer,normal_texture,retained_foreign_object,0.6839,0.7818,1
01975ebdf10a223d.jpg,Ileocecal valve,foreign_object_shape,suspicious_vascular_cluster,0.63,0.3369,5
0ae673aa63de965d.jpg,Reduced mucosal view,normal_texture,suspicious_vascular_cluster,0.1049,0.2374,2
befa07d8252c0ad8.jpg,Ileocecal valve,dark_blood_residue,unclear_view_needs_review,0.3448,0.6896,1
ac966cb53367426f.jpg,Foreign body,landmark_ring_structure,unclear_view_needs_review,0.5402,0.7185,2
2d2bf8245032f072.jpg,Ileocecal valve,white_crater_lesion,widespread_inflammation,0.7345,0.8674,4
b130cc1c924a6f3f.jpg,Ileocecal valve,normal_texture,widespread_inflammation,0.1206,0.3249,2
8e2874efb128041d.jpg,Ileocecal valve,foreign_object_shape,low_risk_appearance,0.6736,0.8551,2
d9f8a82b4e4bad30.jpg,Reduced mucosal view,foreign_object_shape,deep_ulceration_pattern,0.8168,0.2681,3
9e5359f5fffedc17.jpg,Erosion,inflamed_red_surface,large_protruding_lesion,0.5552,0.4228,2
c1bccae2d1c42c24.jpg,Foreign body,inflamed_red_surface,unclear_view_needs_review,0.6682,0.7001,1
c72363a9078c9d1e.jpg,Reduced mucosal view,landmark_ring_structure,low_risk_appearance,0.3535,0.4326,2
91ed7d52f21a6086.jpg,Angiectasia,inflamed_red_surface,active_bleeding_visible,0.2188,0.7769,3
38f2de1dcde3ebb1.jpg,Reduced mucosal view,red_fluid_region,low_risk_appearance,0.1951,0.4533,3
c82b0d1d9e6f2343.jpg,Ileocecal valve,landmark_ring_structure,unclear_view_needs_review,0.4076,0.7609,3
22becbf47137d94b.jpg,Foreign body,normal_texture,unclear_view_needs_review,0.4722,0.2449,4
62ad42ace2d7f61c.jpg,Reduced mucosal view,red_fluid_region,retained_foreign_object,0.2196,0.3418,3
289c956b4f87733b.jpg,Angiectasia,white_crater_lesion,unclear_view_needs_review,0.7373,0.8104,2
94ac4e0afed05aa3.jpg,Ulcer,red_fluid_region,unclear_view_needs_review,0.255,0.274,2
4bc6112c0625d9d3.jpg,Foreign body,blurred_visibility,deep_ulceration_pattern,0.3077,0.4101,3
43115e3709120c85.jpg,Reduced mucosal view,dark_blood_residue,retained_foreign_object,0.2248,0.7924,5
e9668402a80b9d97.jpg,Reduced mucosal view,blurred_visibility,suspicious_vascular_cluster,0.2355,0.8238,4
a419a9f3f4177469.jpg,Ileocecal valve,raised_round_mass,suspicious_vascular_cluster,0.4294,0.3584,4
32a04d0b9e3e7485.jpg,Ileocecal valve,raised_round_mass,unclear_view_needs_review,0.7112,0.8187,3
7d429aa301137a2a.jpg,Blood - fresh,red_fluid_region,deep_ulceration_pattern,0.3911,0.7949,3
72bddb2c29446023.jpg,Ulcer,vascular_red_spots,unclear_view_needs_review,0.4386,0.5842,2
1b8fc8e6d89a8c1a.jpg,Ulcer,normal_texture,retained_foreign_object,0.7035,0.8368,5
3c94d0cf853e7d10.jpg,Blood - fresh,vascular_red_spots,retained_foreign_object,0.6159,0.1768,2
d89ba171b4561f96.jpg,Ileocecal valve,raised_round_mass,active_bleeding_visible,0.5159,0.7935,4
3c8dd456a72754d0.jpg,Ileocecal valve,normal_texture,widespread_inflammation,0.6825,0.5875,1
880072934c7d03b7.jpg,Reduced mucosal view,landmark_ring_structure,unclear_view_needs_review,0.6166,0.2975,2
adee76b2f3e2401e.jpg,Reduced mucosal view,raised_round_mass,low_risk_appearance,0.3115,0.4522,4
d2be60bf1e8a0e27.jpg,Pylorus,vascular_red_spots,suspicious_vascular_cluster,0.6481,0.9448,4
33c1d654275219cd.jpg,Ileocecal valve,vascular_red_spots,widespread_inflammation,0.6765,0.7389,2
0262d6a4e94fb2d7.jpg,Erythema,dark_blood_residue,suspicious_vascular_cluster,0.4356,0.7107,2
29737551d109212c.jpg,Ulcer,red_fluid_region,low_risk_appearance,0.3029,0.5823,2
51bec9e7214f159f.jpg,Ulcer,vascular_red_spots,deep_ulceration_pattern,0.1876,0.389,2
0c01ef36563bfa12.jpg,Reduced mucosal view,dark_blood_residue,deep_ulceration_pattern,0.8681,0.1799,2
3e797688ea3e8988.jpg,Angiectasia,inflamed_red_surface,widespread_inflammation,0.4427,0.4724,2
6ef8cec97145b516.jpg,Blood - fresh,dark_blood_residue,unclear_view_needs_review,0.8825,0.5459,5
f5c93e1a4e0479a6.jpg,Reduced mucosal view,inflamed_red_surface,low_risk_appearance,0.3615,0.4594,1
e20b34e366075b01.jpg,Ileocecal valve,inflamed_red_surface,large_protruding_lesion,0.6818,0.8589,5
9259acbec414da4d.jpg,Reduced mucosal view,raised_round_mass,retained_foreign_object,0.6896,0.0942,2
7f2a95fa4b807d21.jpg,Reduced mucosal view,blurred_visibility,widespread_inflammation,0.2701,0.1659,5
1b3f52547edb2724.jpg,Ileocecal valve,inflamed_red_surface,retained_foreign_object,0.5056,0.8046,4
452ee3524c9a0bdf.jpg,Ileocecal valve,blurred_visibility,large_protruding_lesion,0.8066,0.7754,3
0d7d291821bacbbd.jpg,Ileocecal valve,landmark_ring_structure,deep_ulceration_pattern,0.5893,0.4452,3
9221aeb83a0523ff.jpg,Reduced mucosal view,white_crater_lesion,active_bleeding_visible,0.8826,0.7993,3
5f0129d61ef49a3d.jpg,Reduced mucosal view,landmark_ring_structure,active_bleeding_visible,0.1049,0.3475,1
1398f7aa1fd425ef.jpg,Angiectasia,red_fluid_region,active_bleeding_visible,0.3862,0.2949,2
97ac74dfe8e11181.jpg,Reduced mucosal view,raised_round_mass,active_bleeding_visible,0.6799,0.112,3
67e32372e1d65447.jpg,Pylorus,dark_blood_residue,unclear_view_needs_review,0.6716,0.279,1
944254c066151469.jpg,Ileocecal valve,vascular_red_spots,active_bleeding_visible,0.3369,0.3148,3
f377cbd2c58771d1.jpg,Foreign body,white_crater_lesion,large_protruding_lesion,0.567,0.1248,2
d164992cdb2d5d45.jpg,Pylorus,red_fluid_region,unclear_view_needs_review,0.5594,0.1884,2
1b5b98e03d8d7a7c.jpg,Pylorus,inflamed_red_surface,suspicious_vascular_cluster,0.2216,0.5504,4
a2cbb488b188ebb4.jpg,Ileocecal valve,foreign_object_shape,suspicious_vascular_cluster,0.5269,0.8199,3
929ce6f35f20c9f3.jpg,Reduced mucosal view,foreign_object_shape,unclear_view_needs_review,0.2661,0.6402,1
8ed57845ee525883.jpg,Pylorus,landmark_ring_structure,active_bleeding_visible,0.5011,0.7472,3
a9ae36d5988b0996.jpg,Ileocecal valve,red_fluid_region,deep_ulceration_pattern,0.0523,0.8878,4
715fc8fb7001be3f.jpg,Erythema,raised_round_mass,retained_foreign_object,0.954,0.6272,3
26ada9c68b23e267.jpg,Erosion,vascular_red_spots,deep_ulceration_pattern,0.1131,0.369,2
443e3b59fb545e23.jpg,Angiectasia,normal_texture,large_protruding_lesion,0.6514,0.8758,5
c8d513fa6845cd71.jpg,Ileocecal valve,red_fluid_region,deep_ulceration_pattern,0.3007,0.65,4
b59110eb679cc9ed.jpg,Ileocecal valve,inflamed_red_surface,widespread_inflammation,0.6325,0.1679,2
12f58d2d65208c4f.jpg,Reduced mucosal view,red_fluid_region,unclear_view_needs_review,0.1941,0.8876,1
4dbe651834eb0e4b.jpg,Ulcer,vascular_red_spots,unclear_view_needs_review,0.5242,0.6361,4
a5af2cf0a4436bca.jpg,Ileocecal valve,vascular_red_spots,large_protruding_lesion,0.7787,0.3071,3
1b9af958eaed297b.jpg,Blood - fresh,landmark_ring_structure,widespread_inflammation,0.8945,0.857,1
cfc9581a4944f2ca.jpg,Ileocecal valve,dark_blood_residue,retained_foreign_object,0.3931,0.4465,3
ef9781093261fb5c.jpg,Foreign body,raised_round_mass,suspicious_vascular_cluster,0.5265,0.3854,2
8979af3ed93a1c87.jpg,Ulcer,raised_round_mass,suspicious_vascular_cluster,0.3786,0.715,3
010925a4fcfa30aa.jpg,Reduced mucosal view,inflamed_red_surface,low_risk_appearance,0.8359,0.5777,4
daff4b566a389e6b.jpg,Ileocecal valve,vascular_red_spots,deep_ulceration_pattern,0.1255,0.6918,4
37c80077ebc6d1b7.jpg,Ileocecal valve,dark_blood_residue,suspicious_vascular_cluster,0.7548,0.0758,2
c7cbc6d3202ff339.jpg,Ulcer,inflamed_red_surface,suspicious_vascular_cluster,0.4778,0.1217,4
7b81771f4de75257.jpg,Ileocecal valve,dark_blood_residue,unclear_view_needs_review,0.6048,0.5084,4
e7cdd87f3ef6d279.jpg,Normal clean mucosa,white_crater_lesion,suspicious_vascular_cluster,0.1462,0.3895,1
3c8dd6a491c96948.jpg,Ileocecal valve,white_crater_lesion,widespread_inflammation,0.7314,0.1544,4
fbccca6cf6455039.jpg,Angiectasia,blurred_visibility,deep_ulceration_pattern,0.5636,0.4695,3
e9ac703ef357ef25.jpg,Ulcer,dark_blood_residue,widespread_inflammation,0.7924,0.3978,4
29dc4370abab5304.jpg,Lymphangiectasia,red_fluid_region,deep_ulceration_pattern,0.0825,0.8247,3
3007864e4f19c1b9.jpg,Ulcer,white_crater_lesion,deep_ulceration_pattern,0.6143,0.1718,1
0f8610036e8f69f6.jpg,Ileocecal valve,dark_blood_residue,deep_ulceration_pattern,0.2973,0.4149,2
c940fa37e1cba612.jpg,Ileocecal valve,vascular_red_spots,retained_foreign_object,0.2393,0.9227,3
19a206dc97123381.jpg,Ileocecal valve,inflamed_red_surface,suspicious_vascular_cluster,0.6776,0.7116,1
953255edc66b63e6.jpg,Ileocecal valve,vascular_red_spots,low_risk_appearance,0.5234,0.1939,2
fd21bd4cf9fd492e.jpg,Lymphangiectasia,foreign_object_shape,widespread_inflammation,0.4624,0.3232,3
e640d5ddd0f382de.jpg,Pylorus,raised_round_mass,suspicious_vascular_cluster,0.175,0.2362,3
1970daeca50baa71.jpg,Angiectasia,red_fluid_region,unclear_view_needs_review,0.37,0.4446,2
6b12204377a5692a.jpg,Ileocecal valve,foreign_object_shape,retained_foreign_object,0.8648,0.0766,3
291ded9a33ea3284.jpg,Foreign body,raised_round_mass,active_bleeding_visible,0.2618,0.8303,2
6875fbd72873a1a3.jpg,Foreign body,inflamed_red_surface,widespread_inflammation,0.3378,0.1727,1
4eeee9126b8c6ce1.jpg,Reduced mucosal view,blurred_visibility,retained_foreign_object,0.8026,0.5793,3
b00dd2bb2cef2486.jpg,Reduced mucosal view,dark_blood_residue,large_protruding_lesion,0.8557,0.7316,2
c9447abb23d5345a.jpg,Ileocecal valve,white_crater_lesion,unclear_view_needs_review,0.7466,0.8945,3
080c4516e57e81ec.jpg,Reduced mucosal view,blurred_visibility,widespread_inflammation,0.3554,0.2059,3
8dbe3d41850b89c1.jpg,Lymphangiectasia,vascular_red_spots,active_bleeding_visible,0.6467,0.3566,1
3ce2e1aa11a0dc17.jpg,Reduced mucosal view,normal_texture,large_protruding_lesion,0.0788,0.6646,4
d7a3245543cd9101.jpg,Reduced mucosal view,inflamed_red_surface,suspicious_vascular_cluster,0.7811,0.4576,1
f28c2f7e5d6174a1.jpg,Foreign body,white_crater_lesion,deep_ulceration_pattern,0.4996,0.6137,3
3df8437fab7e6fde.jpg,Reduced mucosal view,white_crater_lesion,suspicious_vascular_cluster,0.146,0.3646,5
bf56ef24fec55e91.jpg,Ileocecal valve,normal_texture,widespread_inflammation,0.5848,0.7784,4
74dd9dfa0285836c.jpg,Ileocecal valve,white_crater_lesion,large_protruding_lesion,0.8703,0.3504,3
2790b37f9ad10854.jpg,Reduced mucosal view,normal_texture,unclear_view_needs_review,0.703,0.7061,2
43af802b7258cbf0.jpg,Blood - fresh,normal_texture,deep_ulceration_pattern,0.6034,0.8226,3
e921adda3f9a17dc.jpg,Reduced mucosal view,inflamed_red_surface,large_protruding_lesion,0.8012,0.6515,3
d9bd3526e47e3cd8.jpg,Angiectasia,blurred_visibility,active_bleeding_visible,0.1125,0.2905,2
e673d92ee4569de9.jpg,Reduced mucosal view,blurred_visibility,deep_ulceration_pattern,0.5228,0.1712,3
e64797769218fcbf.jpg,Reduced mucosal view,inflamed_red_surface,unclear_view_needs_review,0.2426,0.5074,3
d0d595b17c4c8070.jpg,Pylorus,foreign_object_shape,deep_ulceration_pattern,0.585,0.4914,2
51879b5fc77d9714.jpg,Blood - fresh,white_crater_lesion,large_protruding_lesion,0.4175,0.3308,5
6657520e677f8a69.jpg,Lymphangiectasia,normal_texture,active_bleeding_visible,0.0487,0.2342,4
716766b3251493db.jpg,Angiectasia,foreign_object_shape,deep_ulceration_pattern,0.74,0.5177,5
71994f61c2dc0652.jpg,Reduced mucosal view,inflamed_red_surface,unclear_view_needs_review,0.57,0.3523,4
2356b454f71ca9f9.jpg,Ileocecal valve,normal_texture,suspicious_vascular_cluster,0.7952,0.4566,4
a7abcbaf78c1581c.jpg,Reduced mucosal view,foreign_object_shape,widespread_inflammation,0.3461,0.4648,3
43f68216e3bc507f.jpg,Reduced mucosal view,blurred_visibility,widespread_inflammation,0.595,0.5978,3
ebf4bc3e15430bef.jpg,Reduced mucosal view,landmark_ring_structure,low_risk_appearance,0.2484,0.356,2
8769aaa1d7721be8.jpg,Angiectasia,raised_round_mass,large_protruding_lesion,0.2589,0.3883,2
0ce4bca03cd3066a.jpg,Reduced mucosal view,white_crater_lesion,large_protruding_lesion,0.2664,0.3583,3
e7c27efd0f358e50.jpg,Reduced mucosal view,inflamed_red_surface,deep_ulceration_pattern,0.4774,0.4655,4
8fb123c2d9963a78.jpg,Reduced mucosal view,blurred_visibility,suspicious_vascular_cluster,0.6814,0.0595,4
3b0d7fef13c46155.jpg,Ileocecal valve,white_crater_lesion,widespread_inflammation,0.249,0.7901,4
d24dd22e91de7a19.jpg,Pylorus,inflamed_red_surface,large_protruding_lesion,0.2331,0.673,2
6c6b93524998c0bf.jpg,Foreign body,blurred_visibility,large_protruding_lesion,0.4626,0.3227,1
2204f92e54a9b7f0.jpg,Ileocecal valve,blurred_visibility,unclear_view_needs_review,0.2901,0.5874,3
b9a76a894adf9d40.jpg,Ulcer,normal_texture,low_risk_appearance,0.4358,0.2751,3
3000d98e3b6b1d42.jpg,Ulcer,landmark_ring_structure,deep_ulceration_pattern,0.3815,0.2617,2
1cbe98218cbd1865.jpg,Erosion,foreign_object_shape,large_protruding_lesion,0.2779,0.2119,2
da3cc03c107bbf43.jpg,Ileocecal valve,dark_blood_residue,retained_foreign_object,0.4855,0.4948,4
c7d35e9bed789a7e.jpg,Ulcer,blurred_visibility,suspicious_vascular_cluster,0.7695,0.165,4
7bb3d38bdd06e474.jpg,Ileocecal valve,white_crater_lesion,suspicious_vascular_cluster,0.7056,0.8607,2
1cd694b9fad2299c.jpg,Ulcer,raised_round_mass,deep_ulceration_pattern,0.2015,0.0534,2
a4d31253d2787fdd.jpg,Reduced mucosal view,normal_texture,suspicious_vascular_cluster,0.5168,0.1264,3
e0b354334520b477.jpg,Ulcer,landmark_ring_structure,unclear_view_needs_review,0.2986,0.6165,2
50a24b3b499cbbdc.jpg,Ileocecal valve,white_crater_lesion,unclear_view_needs_review,0.6884,0.9812,4
e419250e75329576.jpg,Angiectasia,dark_blood_residue,deep_ulceration_pattern,0.0624,0.5754,1
a1ddd52e9226ca51.jpg,Ileocecal valve,foreign_object_shape,low_risk_appearance,0.3941,0.56,3
c6062a753ce4b552.jpg,Angiectasia,blurred_visibility,retained_foreign_object,0.609,0.4096,3
182c2556c57576ff.jpg,Ulcer,inflamed_red_surface,retained_foreign_object,0.6692,0.2701,3
97e43391ade5371f.jpg,Pylorus,landmark_ring_structure,large_protruding_lesion,0.8537,0.2663,3
ecb459391b20a8ca.jpg,Reduced mucosal view,normal_texture,retained_foreign_object,0.3777,0.7465,1
719038c4f718b4c5.jpg,Ulcer,foreign_object_shape,widespread_inflammation,0.6502,0.4198,2
3b9677829e6220bd.jpg,Ulcer,red_fluid_region,low_risk_appearance,0.4462,0.7602,2
30658eedaa260897.jpg,Pylorus,white_crater_lesion,active_bleeding_visible,0.6032,0.18,1
db71e831b757ba5d.jpg,Angiectasia,blurred_visibility,unclear_view_needs_review,0.7386,0.5153,4
385e759ccb401c92.jpg,Ileocecal valve,raised_round_mass,large_protruding_lesion,0.1666,0.2527,5
1c1da19f24786879.jpg,Ileocecal valve,white_crater_lesion,widespread_inflammation,0.186,0.5373,4
71925b345735148b.jpg,Ulcer,raised_round_mass,unclear_view_needs_review,0.4691,0.8083,5
c18dfefa4eadce96.jpg,Ulcer,foreign_object_shape,deep_ulceration_pattern,0.2537,0.3115,3
4fd40895e76e2125.jpg,Pylorus,normal_texture,large_protruding_lesion,0.2365,0.2748,1
18c2ac9a8168c8b5.jpg,Erythema,inflamed_red_surface,deep_ulceration_pattern,0.2636,0.9146,2
0fbfd2c26828edbf.jpg,Ileocecal valve,foreign_object_shape,suspicious_vascular_cluster,0.3118,0.8016,3
6b459a314cae52f4.jpg,Ileocecal valve,dark_blood_residue,large_protruding_lesion,0.1873,0.3268,1
db64cfd026362f05.jpg,Ileocecal valve,white_crater_lesion,active_bleeding_visible,0.2977,0.3312,4
84924e7a4167bedb.jpg,Blood - fresh,raised_round_mass,large_protruding_lesion,0.3494,0.8079,4
b24867021f245fcf.jpg,Foreign body,white_crater_lesion,suspicious_vascular_cluster,0.7475,0.7171,2
d387713b7a61bfbb.jpg,Reduced mucosal view,raised_round_mass,unclear_view_needs_review,0.4711,0.6316,1
0e3f9dc1ecda6df0.jpg,Reduced mucosal view,dark_blood_residue,suspicious_vascular_cluster,0.4876,0.4759,2
37a032b725161dd5.jpg,Ileocecal valve,vascular_red_spots,active_bleeding_visible,0.5444,0.8083,2
8c34168cbc830b8c.jpg,Lymphangiectasia,landmark_ring_structure,active_bleeding_visible,0.6476,0.425,2
4fb7a5f1eb0ff5a7.jpg,Foreign body,dark_blood_residue,active_bleeding_visible,0.4622,0.1356,3
a6aa63a6e3a4de3f.jpg,Ileocecal valve,blurred_visibility,large_protruding_lesion,0.9299,0.3867,4
fb4f922e37208ef4.jpg,Foreign body,blurred_visibility,widespread_inflammation,0.5337,0.9204,3
453d3b9b3a015b06.jpg,Ulcer,inflamed_red_surface,unclear_view_needs_review,0.3855,0.6447,3
331240b977e209db.jpg,Reduced mucosal view,inflamed_red_surface,low_risk_appearance,0.4842,0.875,4
ca635a900de1b898.jpg,Ileocecal valve,dark_blood_residue,retained_foreign_object,0.4585,0.7402,1
336d8a534b45b268.jpg,Ileocecal valve,inflamed_red_surface,retained_foreign_object,0.644,0.2078,3
6ab8016f70326c94.jpg,Erythema,white_crater_lesion,unclear_view_needs_review,0.2357,0.2715,4
20098296c4856d1e.jpg,Ulcer,red_fluid_region,deep_ulceration_pattern,0.5404,0.7179,5
b9b3419d95dbd26e.jpg,Blood - fresh,dark_blood_residue,active_bleeding_visible,0.8679,0.4624,3
d517cfc83f53fd33.jpg,Ileocecal valve,landmark_ring_structure,deep_ulceration_pattern,0.8731,0.3725,1
3050a786d338c76e.jpg,Foreign body,vascular_red_spots,deep_ulceration_pattern,0.4326,0.7009,3
cf6134ed44da0773.jpg,Pylorus,inflamed_red_surface,suspicious_vascular_cluster,0.7256,0.4255,2
a1f03c35ffca411f.jpg,Reduced mucosal view,normal_texture,low_risk_appearance,0.5497,0.379,2
4736dbb259058d3a.jpg,Reduced mucosal view,vascular_red_spots,deep_ulceration_pattern,0.8025,0.3509,3
807057985226eab3.jpg,Angiectasia,inflamed_red_surface,widespread_inflammation,0.3097,0.3663,3
de5d54c0e96b93ec.jpg,Pylorus,white_crater_lesion,large_protruding_lesion,0.8138,0.5617,1
a983340a8939b89b.jpg,Ulcer,blurred_visibility,suspicious_vascular_cluster,0.1982,0.1757,2
fa90799548deea60.jpg,Reduced mucosal view,inflamed_red_surface,large_protruding_lesion,0.4607,0.5187,1
6f60022cb608fd82.jpg,Ileocecal valve,foreign_object_shape,widespread_inflammation,0.3438,0.2875,2
3aefb1d1f88ad64b.jpg,Reduced mucosal view,red_fluid_region,low_risk_appearance,0.7366,0.6484,2
90938385567bf873.jpg,Ileocecal valve,inflamed_red_surface,deep_ulceration_pattern,0.8543,0.3372,1
ffd588b994c99739.jpg,Ileocecal valve,raised_round_mass,large_protruding_lesion,0.414,0.74,3
bc7788f8a64dfcdc.jpg,Pylorus,foreign_object_shape,active_bleeding_visible,0.7429,0.3858,2
978eaefd1df90760.jpg,Angiectasia,landmark_ring_structure,large_protruding_lesion,0.5978,0.1458,4
1e5ff763a892d0ce.jpg,Reduced mucosal view,normal_texture,unclear_view_needs_review,0.6095,0.5916,3
ffe37b0a79b56315.jpg,Ileocecal valve,blurred_visibility,unclear_view_needs_review,0.5601,0.7177,3
6440e53520de701b.jpg,Ileocecal valve,raised_round_mass,suspicious_vascular_cluster,0.6356,0.6834,1
c3dfffc54f9ebac3.jpg,Erosion,white_crater_lesion,retained_foreign_object,0.3069,0.5252,4
5276f10a9433d2b8.jpg,Reduced mucosal view,white_crater_lesion,suspicious_vascular_cluster,0.8345,0.9719,2
0ad859f631ad4a36.jpg,Pylorus,inflamed_red_surface,low_risk_appearance,0.085,0.5276,2
f51286d0278a3a88.jpg,Blood - hematin,blurred_visibility,active_bleeding_visible,0.5592,0.2952,5
e6a7cb2000c33518.jpg,Reduced mucosal view,vascular_red_spots,widespread_inflammation,0.5011,0.1753,3
321d45f84296f656.jpg,Pylorus,white_crater_lesion,active_bleeding_visible,0.6215,0.4198,3
2e235200f3fc2135.jpg,Reduced mucosal view,landmark_ring_structure,active_bleeding_visible,0.3354,0.6899,4
6f430a2059f4ec9e.jpg,Ileocecal valve,vascular_red_spots,deep_ulceration_pattern,0.8619,0.5097,2
02dcc1d901a43128.jpg,Angiectasia,raised_round_mass,large_protruding_lesion,0.8152,0.4455,3
9055bd00fe8066a0.jpg,Angiectasia,raised_round_mass,deep_ulceration_pattern,0.1398,0.544,2
3167f7960e82293b.jpg,Pylorus,landmark_ring_structure,large_protruding_lesion,0.0564,0.3415,4
da1e6c73c59306e2.jpg,Ileocecal valve,white_crater_lesion,deep_ulceration_pattern,0.3857,0.4709,3
78b05ef466bf078d.jpg,Pylorus,landmark_ring_structure,widespread_inflammation,0.5854,0.6935,3
2bf6089632c708fe.jpg,Foreign body,white_crater_lesion,suspicious_vascular_cluster,0.2788,0.4984,3
3c23fc949d7bd182.jpg,Angiectasia,vascular_red_spots,unclear_view_needs_review,0.2238,0.0543,3
37c246387cb645ad.jpg,Lymphangiectasia,raised_round_mass,active_bleeding_visible,0.676,0.6189,3
a9c20031b190ccee.jpg,Ileocecal valve,dark_blood_residue,suspicious_vascular_cluster,0.7662,0.3598,5
0b1d169ae74d6387.jpg,Ileocecal valve,foreign_object_shape,low_risk_appearance,0.4749,0.0632,4
a76862ff944d1caf.jpg,Pylorus,normal_texture,suspicious_vascular_cluster,0.1349,0.3991,2
3b0758afdec480f4.jpg,Ileocecal valve,normal_texture,deep_ulceration_pattern,0.7414,0.3272,4
4a51512d1f84a830.jpg,Ileocecal valve,normal_texture,suspicious_vascular_cluster,0.3949,0.6628,1
03c74dc8f2190652.jpg,Pylorus,red_fluid_region,deep_ulceration_pattern,0.6642,0.8138,1
9f6506359fd0650a.jpg,Reduced mucosal view,white_crater_lesion,large_protruding_lesion,0.3795,0.3561,1
278d089a20c48894.jpg,Blood - fresh,raised_round_mass,large_protruding_lesion,0.7449,0.4878,2
d3651d052ee54f56.jpg,Ulcer,blurred_visibility,low_risk_appearance,0.4928,0.291,2
aad0da055f37806b.jpg,Ileocecal valve,normal_texture,suspicious_vascular_cluster,0.169,0.5541,2
70c86ee628ae95cd.jpg,Ileocecal valve,foreign_object_shape,suspicious_vascular_cluster,0.471,0.3349,3
a7828815839189a9.jpg,Reduced mucosal view,red_fluid_region,unclear_view_needs_review,0.6459,0.5558,5
2cdb907eb8a0a0da.jpg,Pylorus,landmark_ring_structure,unclear_view_needs_review,0.5074,0.3545,2
8eed5912e542a0d9.jpg,Ileocecal valve,normal_texture,unclear_view_needs_review,0.0735,0.8141,2
b38bbb32c92d2600.jpg,Ulcer,vascular_red_spots,large_protruding_lesion,0.8043,0.4291,4
da493c6619c9c4ac.jpg,Reduced mucosal view,landmark_ring_structure,deep_ulceration_pattern,0.4831,0.2105,1
11c3d9d1f4fc980e.jpg,Angiectasia,dark_blood_residue,active_bleeding_visible,0.1977,0.484,3
49e8a869f6ceb53a.jpg,Reduced mucosal view,vascular_red_spots,low_risk_appearance,0.8089,0.7874,2
1ed5b51f7ab6464a.jpg,Ileocecal valve,dark_blood_residue,suspicious_vascular_cluster,0.4272,0.4838,2
bfb96bec71884249.jpg,Lymphangiectasia,normal_texture,deep_ulceration_pattern,0.3994,0.8299,1
f32a7d7e25ed1953.jpg,Ileocecal valve,red_fluid_region,active_bleeding_visible,0.688,0.625,2
21547259495973df.jpg,Reduced mucosal view,white_crater_lesion,large_protruding_lesion,0.458,0.6283,3
c226b1c87fe25612.jpg,Ileocecal valve,landmark_ring_structure,deep_ulceration_pattern,0.5636,0.4707,4
959bc9488b7ba2a6.jpg,Reduced mucosal view,raised_round_mass,suspicious_vascular_cluster,0.2171,0.5204,2
31e9e20f5dcf7aad.jpg,Angiectasia,white_crater_lesion,suspicious_vascular_cluster,0.8649,0.7475,3
3796d096e28b2961.jpg,Reduced mucosal view,red_fluid_region,widespread_inflammation,0.323,0.6897,3
eb8c9e40bd4603c4.jpg,Reduced mucosal view,blurred_visibility,deep_ulceration_pattern,0.4882,0.0725,5
5cd50699ff1acee8.jpg,Reduced mucosal view,inflamed_red_surface,low_risk_appearance,0.5817,0.8975,3
1a04f37708f3a1c5.jpg,Angiectasia,vascular_red_spots,large_protruding_lesion,0.3322,0.4935,1
f9c24de47e82da69.jpg,Ileocecal valve,blurred_visibility,retained_foreign_object,0.6542,0.3684,2
81f53f3ec31a0504.jpg,Ileocecal valve,blurred_visibility,unclear_view_needs_review,0.3438,0.3274,4
f08c8fe248df3be2.jpg,Ulcer,inflamed_red_surface,suspicious_vascular_cluster,0.3172,0.6979,2
61276456bfec1bb3.jpg,Ileocecal valve,red_fluid_region,deep_ulceration_pattern,0.6184,0.6636,3
62f1899492d597f1.jpg,Ileocecal valve,white_crater_lesion,suspicious_vascular_cluster,0.8288,0.625,4
be628cb4f2713b6c.jpg,Ileocecal valve,raised_round_mass,large_protruding_lesion,0.3264,0.671,3
29a39bd750428e1c.jpg,Pylorus,blurred_visibility,deep_ulceration_pattern,0.1121,0.1405,3
b228ff0b55ab46b5.jpg,Foreign body,vascular_red_spots,retained_foreign_object,0.0925,0.173,3
35ddfdc8051565f1.jpg,Reduced mucosal view,raised_round_mass,suspicious_vascular_cluster,0.6409,0.6165,3
c8af975a02cd4db8.jpg,Ileocecal valve,raised_round_mass,active_bleeding_visible,0.7853,0.1998,4
d113f30fc00d35e5.jpg,Pylorus,inflamed_red_surface,unclear_view_needs_review,0.9503,0.0136,4
10733ed4a463409a.jpg,Lymphangiectasia,dark_blood_residue,widespread_inflammation,0.3978,0.8527,1
baba0ad9891359cf.jpg,Blood - fresh,dark_blood_residue,deep_ulceration_pattern,0.5654,0.5987,3
01fc77cb542c1e12.jpg,Reduced mucosal view,raised_round_mass,unclear_view_needs_review,0.5532,0.4132,3
c35e13b8c019c5fb.jpg,Ileocecal valve,landmark_ring_structure,widespread_inflammation,0.501,0.1036,5
c5a40cbd3de7644e.jpg,Reduced mucosal view,vascular_red_spots,widespread_inflammation,0.1234,0.3864,2
8b4af497f2421fa3.jpg,Ileocecal valve,vascular_red_spots,retained_foreign_object,0.4394,0.2616,3
691e5a54798b54c2.jpg,Ileocecal valve,white_crater_lesion,widespread_inflammation,0.3678,0.1129,2
ca28534b30d582a7.jpg,Pylorus,blurred_visibility,deep_ulceration_pattern,0.8439,0.6056,2
d74f24366b524edd.jpg,Reduced mucosal view,red_fluid_region,suspicious_vascular_cluster,0.736,0.6483,4
93b53a3ae6ebd2cf.jpg,Blood - fresh,red_fluid_region,suspicious_vascular_cluster,0.4479,0.2529,2
534769ce139200d5.jpg,Ileocecal valve,raised_round_mass,large_protruding_lesion,0.1115,0.8172,3
b7704090cbbe17ea.jpg,Ileocecal valve,white_crater_lesion,widespread_inflammation,0.5949,0.8003,2
a07b1c452a1cf3c9.jpg,Ileocecal valve,white_crater_lesion,suspicious_vascular_cluster,0.4223,0.7107,3
48923526ca8237c4.jpg,Reduced mucosal view,white_crater_lesion,deep_ulceration_pattern,0.0847,0.9657,4
876d3aeca7cdd61b.jpg,Pylorus,blurred_visibility,suspicious_vascular_cluster,0.7426,0.1596,4
0e446404a5463881.jpg,Reduced mucosal view,blurred_visibility,active_bleeding_visible,0.5317,0.1718,2
80494e9c9a9f9462.jpg,Ileocecal valve,blurred_visibility,retained_foreign_object,0.3945,0.4326,3
c432cb8fe69adade.jpg,Ileocecal valve,dark_blood_residue,large_protruding_lesion,0.8742,0.4877,1
74311f8539c2e159.jpg,Ulcer,foreign_object_shape,active_bleeding_visible,0.5428,0.8753,4
c243ca7bbad1987f.jpg,Ileocecal valve,normal_texture,active_bleeding_visible,0.5238,0.1774,2
734154b20a32db06.jpg,Blood - fresh,inflamed_red_surface,unclear_view_needs_review,0.8171,0.5923,1
8033b7a5b34bdf10.jpg,Ulcer,white_crater_lesion,unclear_view_needs_review,0.424,0.3871,3
84e8b0294b218dab.jpg,Lymphangiectasia,white_crater_lesion,active_bleeding_visible,0.623,0.5047,1
9b790f91f1f8591e.jpg,Reduced mucosal view,inflamed_red_surface,large_protruding_lesion,0.2672,0.614,4
d4244fd65ab6c3fc.jpg,Pylorus,landmark_ring_structure,active_bleeding_visible,0.6769,0.6604,3
3aa04eefb124c003.jpg,Erosion,vascular_red_spots,deep_ulceration_pattern,0.022,0.7917,3
094c06235a33c586.jpg,Reduced mucosal view,normal_texture,widespread_inflammation,0.7229,0.3846,2
541900312c83d3e7.jpg,Ileocecal valve,foreign_object_shape,suspicious_vascular_cluster,0.8255,0.2804,2
72eec38f2e00ae66.jpg,Ileocecal valve,blurred_visibility,low_risk_appearance,0.6352,0.4648,3
8c8d0dc146c404cc.jpg,Foreign body,white_crater_lesion,deep_ulceration_pattern,0.5706,0.0168,2
a1a2d002ad7d1516.jpg,Reduced mucosal view,landmark_ring_structure,retained_foreign_object,0.9114,0.3278,4
6d992a4c3e5d9111.jpg,Pylorus,white_crater_lesion,suspicious_vascular_cluster,0.8702,0.2134,4
53335a6e42004824.jpg,Ileocecal valve,inflamed_red_surface,deep_ulceration_pattern,0.84,0.8615,5
b472ad847ff25d42.jpg,Normal clean mucosa,dark_blood_residue,low_risk_appearance,0.7802,0.5968,1
f46de52652f83c05.jpg,Reduced mucosal view,landmark_ring_structure,suspicious_vascular_cluster,0.153,0.6086,3
3808122391cd6bdd.jpg,Reduced mucosal view,blurred_visibility,active_bleeding_visible,0.2409,0.6006,4
e9294c80d613a19d.jpg,Reduced mucosal view,dark_blood_residue,large_protruding_lesion,0.5194,0.2065,3
14e7cd134aa7c624.jpg,Reduced mucosal view,blurred_visibility,retained_foreign_object,0.1507,0.2466,4
d7ffc39968c0ad43.jpg,Reduced mucosal view,dark_blood_residue,unclear_view_needs_review,0.3593,0.8937,2
4dcb3da5a614a833.jpg,Foreign body,white_crater_lesion,retained_foreign_object,0.5273,0.17,2
b6ffdfd79678dee7.jpg,Pylorus,white_crater_lesion,unclear_view_needs_review,0.6051,0.4783,2
5daebbcdeaf4d762.jpg,Ulcer,inflamed_red_surface,active_bleeding_visible,0.2697,0.5222,4
e4ed906bb1ddd175.jpg,Ileocecal valve,dark_blood_residue,retained_foreign_object,0.4986,0.0538,3
cf9bf1c60ae94455.jpg,Erosion,blurred_visibility,unclear_view_needs_review,0.66,0.8014,4
6bf5c1096c32c49a.jpg,Reduced mucosal view,vascular_red_spots,unclear_view_needs_review,0.3151,0.4256,2
93618709577fdb73.jpg,Ileocecal valve,white_crater_lesion,unclear_view_needs_review,0.8647,0.639,3
5c0f871f1df43328.jpg,Ileocecal valve,landmark_ring_structure,deep_ulceration_pattern,0.6427,0.2556,4
b4643a3988f29c27.jpg,Reduced mucosal view,white_crater_lesion,active_bleeding_visible,0.1134,0.759,4
76dcfe210fd63d2d.jpg,Lymphangiectasia,dark_blood_residue,deep_ulceration_pattern,0.5054,0.3352,3
ac85e052a191186a.jpg,Pylorus,normal_texture,large_protruding_lesion,0.497,0.3947,4
9ccc7d54ebb8ff64.jpg,Ileocecal valve,landmark_ring_structure,unclear_view_needs_review,0.4799,0.7966,2
539b086242481032.jpg,Pylorus,blurred_visibility,unclear_view_needs_review,0.7452,0.4476,3
6d394fe7ccfd6a33.jpg,Pylorus,normal_texture,active_bleeding_visible,0.2441,0.5792,3
b143ac6daca18d66.jpg,Reduced mucosal view,landmark_ring_structure,retained_foreign_object,0.5387,0.6177,2
063eeb75e9de1992.jpg,Ileocecal valve,raised_round_mass,low_risk_appearance,0.9186,0.8171,3
80b94e602e37d7cd.jpg,Ileocecal valve,landmark_ring_structure,suspicious_vascular_cluster,0.4835,0.28,3
b90abaeb4ec0ddc3.jpg,Lymphangiectasia,foreign_object_shape,suspicious_vascular_cluster,0.4848,0.6919,1
3a6a355cdca43b2f.jpg,Ileocecal valve,white_crater_lesion,retained_foreign_object,0.6554,0.4366,2
9515c45a8226ec27.jpg,Ileocecal valve,red_fluid_region,retained_foreign_object,0.2661,0.1335,5
6d8fcf1a4db74a57.jpg,Reduced mucosal view,normal_texture,deep_ulceration_pattern,0.3314,0.5894,3
fdf10e8236a04dec.jpg,Ileocecal valve,foreign_object_shape,widespread_inflammation,0.3358,0.5716,2
fe0bf3b0b3a4934e.jpg,Ulcer,raised_round_mass,active_bleeding_visible,0.6108,0.7424,4
ff11791543880aa2.jpg,Ileocecal valve,vascular_red_spots,widespread_inflammation,0.6121,0.4322,2
029ded34cc551ad6.jpg,Reduced mucosal view,red_fluid_region,low_risk_appearance,0.33,0.568,2
9ae8c14d34292bc5.jpg,Ileocecal valve,blurred_visibility,low_risk_appearance,0.8089,0.0338,3
16894dcc6fd57d8e.jpg,Angiectasia,red_fluid_region,deep_ulceration_pattern,0.7573,0.4551,4
89b3fa2caa48766b.jpg,Lymphangiectasia,normal_texture,unclear_view_needs_review,0.4474,0.554,3
6547105d502feb25.jpg,Pylorus,raised_round_mass,large_protruding_lesion,0.6825,0.3705,2
cff575a19145ba11.jpg,Ulcer,landmark_ring_structure,suspicious_vascular_cluster,0.3145,0.7811,2
c8b1ef725d34abfa.jpg,Foreign body,red_fluid_region,deep_ulceration_pattern,0.2621,0.2613,5
608c9fba878b61a2.jpg,Angiectasia,raised_round_mass,unclear_view_needs_review,0.249,0.6234,3
6c5944ccb39d0116.jpg,Angiectasia,red_fluid_region,low_risk_appearance,0.6445,0.6433,5
218a6a0d7428f0d4.jpg,Ileocecal valve,red_fluid_region,deep_ulceration_pattern,0.2483,0.4464,4
e9a4140758a769c3.jpg,Lymphangiectasia,normal_texture,active_bleeding_visible,0.248,0.4746,2
9c741214cdbc162a.jpg,Ileocecal valve,dark_blood_residue,retained_foreign_object,0.8159,0.4975,3
e70411eb8987422e.jpg,Ileocecal valve,normal_texture,large_protruding_lesion,0.4992,0.6782,3
da123b820bd06e84.jpg,Blood - fresh,white_crater_lesion,unclear_view_needs_review,0.3047,0.7726,2
18a3a5d86f83ee4a.jpg,Blood - fresh,vascular_red_spots,retained_foreign_object,0.9214,0.1153,4
71e4142161759eb6.jpg,Reduced mucosal view,inflamed_red_surface,widespread_inflammation,0.4789,0.6381,3
90c5c568b6c14251.jpg,Angiectasia,raised_round_mass,suspicious_vascular_cluster,0.1313,0.7191,3
a256101d1fcf2822.jpg,Ileocecal valve,foreign_object_shape,unclear_view_needs_review,0.6425,0.8775,4
d41096b7a82c296f.jpg,Ileocecal valve,vascular_red_spots,deep_ulceration_pattern,0.259,0.5354,3
02ed5f2e08cb9b43.jpg,Ileocecal valve,landmark_ring_structure,retained_foreign_object,0.4914,0.5794,1
117098ca3e3cbd3a.jpg,Ulcer,normal_texture,widespread_inflammation,0.6902,0.5836,3
d09ee7c4dc6a673e.jpg,Lymphangiectasia,white_crater_lesion,retained_foreign_object,0.3208,0.1788,1
fc3bd1ce4334f2f0.jpg,Pylorus,inflamed_red_surface,unclear_view_needs_review,0.4719,0.3958,4
03a48a5d7fc233d4.jpg,Ulcer,raised_round_mass,low_risk_appearance,0.3367,0.5333,2
4b4f0785c9668288.jpg,Ulcer,normal_texture,deep_ulceration_pattern,0.8182,0.6977,2
2645257b6581e8ee.jpg,Blood - hematin,raised_round_mass,suspicious_vascular_cluster,0.2669,0.1532,1
069b8398ea21bd8c.jpg,Ileocecal valve,inflamed_red_surface,suspicious_vascular_cluster,0.0777,0.2298,3
a7935820e92153e4.jpg,Ileocecal valve,inflamed_red_surface,suspicious_vascular_cluster,0.3357,0.7722,3
ec8d5a6e26582749.jpg,Ileocecal valve,white_crater_lesion,widespread_inflammation,0.7953,0.7775,3
82dfe56a1d541a4b.jpg,Reduced mucosal view,vascular_red_spots,retained_foreign_object,0.2516,0.8264,2
a146906709f3bf01.jpg,Erosion,dark_blood_residue,retained_foreign_object,0.2482,0.3496,3
ae0ee0230658af3a.jpg,Ileocecal valve,inflamed_red_surface,suspicious_vascular_cluster,0.5515,0.7711,2
306852f8d4a20d30.jpg,Ileocecal valve,red_fluid_region,deep_ulceration_pattern,0.597,0.4467,4
1a560c312837a555.jpg,Ileocecal valve,blurred_visibility,low_risk_appearance,0.9742,0.1361,4
3920d4ea779f6653.jpg,Reduced mucosal view,landmark_ring_structure,suspicious_vascular_cluster,0.6309,0.4178,3
319445983f50f559.jpg,Ileocecal valve,dark_blood_residue,retained_foreign_object,0.5103,0.4326,4
99ea5fbf15d3e607.jpg,Ileocecal valve,red_fluid_region,suspicious_vascular_cluster,0.2911,0.7802,2
a2f2c3e4f50dbc3b.jpg,Foreign body,raised_round_mass,large_protruding_lesion,0.2324,0.6272,5
cbc231e8f1e5bb68.jpg,Reduced mucosal view,red_fluid_region,widespread_inflammation,0.1504,0.8174,5
202b1951da1839b1.jpg,Erosion,raised_round_mass,retained_foreign_object,0.1415,0.1782,3
135973ac4997c1f9.jpg,Blood - fresh,inflamed_red_surface,active_bleeding_visible,0.5302,0.8999,2
9e50cd4a2861e626.jpg,Reduced mucosal view,vascular_red_spots,suspicious_vascular_cluster,0.4026,0.2232,3
557a6b15359f3e65.jpg,Ileocecal valve,raised_round_mass,suspicious_vascular_cluster,0.4612,0.4287,5
06f89e10e8517dec.jpg,Reduced mucosal view,blurred_visibility,large_protruding_lesion,0.4076,0.4293,2
a64bdb0ffa9bb62a.jpg,Ileocecal valve,inflamed_red_surface,deep_ulceration_pattern,0.7381,0.2868,2
1006eebfdcf564aa.jpg,Ulcer,red_fluid_region,large_protruding_lesion,0.8834,0.8701,3
5e4b05ad6b9e7e2b.jpg,Pylorus,normal_texture,deep_ulceration_pattern,0.5457,0.5091,4
2e885920a9345012.jpg,Ileocecal valve,raised_round_mass,unclear_view_needs_review,0.4646,0.3941,2
f5374089f3fd4233.jpg,Polyp,inflamed_red_surface,retained_foreign_object,0.7261,0.196,2
3685ac3b609a8ac7.jpg,Pylorus,dark_blood_residue,deep_ulceration_pattern,0.6052,0.133,2
be91e965614eadf3.jpg,Pylorus,raised_round_mass,widespread_inflammation,0.2714,0.4095,4
06e85d988abed70e.jpg,Foreign body,white_crater_lesion,suspicious_vascular_cluster,0.7815,0.3096,3
bb1a3970703ec86c.jpg,Ileocecal valve,blurred_visibility,unclear_view_needs_review,0.5189,0.9532,4
6d084125fccc95c3.jpg,Pylorus,red_fluid_region,active_bleeding_visible,0.7178,0.2372,4
d926d8203be64054.jpg,Foreign body,raised_round_mass,retained_foreign_object,0.5912,0.5376,5
8c89417d71814ecf.jpg,Pylorus,normal_texture,unclear_view_needs_review,0.3008,0.7233,1
70e2ed045596ee98.jpg,Reduced mucosal view,white_crater_lesion,unclear_view_needs_review,0.3455,0.3835,4
7ae54727a4e2e4f9.jpg,Ileocecal valve,normal_texture,unclear_view_needs_review,0.0877,0.8638,1
535f8774c9e878cf.jpg,Pylorus,red_fluid_region,deep_ulceration_pattern,0.5057,0.278,2
59224ad3a680b49d.jpg,Blood - fresh,red_fluid_region,low_risk_appearance,0.4581,0.6329,2
f03088748051da3c.jpg,Ileocecal valve,raised_round_mass,unclear_view_needs_review,0.7012,0.1777,5
c134576df7035c8b.jpg,Ileocecal valve,foreign_object_shape,retained_foreign_object,0.386,0.5797,4
3eac134aed363744.jpg,Blood - fresh,foreign_object_shape,suspicious_vascular_cluster,0.8965,0.0385,3
7d2fbd0da815f44a.jpg,Pylorus,inflamed_red_surface,large_protruding_lesion,0.3947,0.4508,1
32eceefcbf4cf645.jpg,Erosion,vascular_red_spots,deep_ulceration_pattern,0.2825,0.686,3
8a528e848c2e077b.jpg,Blood - fresh,foreign_object_shape,unclear_view_needs_review,0.4574,0.4593,4
03cb8d08ec01a59a.jpg,Reduced mucosal view,inflamed_red_surface,suspicious_vascular_cluster,0.7616,0.6548,3
c34bd9d0d85172d7.jpg,Ileocecal valve,red_fluid_region,active_bleeding_visible,0.4594,0.4883,5
6979af0a3c39733f.jpg,Lymphangiectasia,dark_blood_residue,suspicious_vascular_cluster,0.3728,0.4242,5
c8a55ecedd89baef.jpg,Reduced mucosal view,foreign_object_shape,retained_foreign_object,0.9168,0.1772,2
eb7c66bd03ce533c.jpg,Ileocecal valve,blurred_visibility,widespread_inflammation,0.6546,0.0898,4
2d5cfc7495f6921a.jpg,Ileocecal valve,normal_texture,retained_foreign_object,0.3719,0.2621,2
66cf6cdeb4dc6a6d.jpg,Reduced mucosal view,vascular_red_spots,suspicious_vascular_cluster,0.6905,0.3674,3
45a9dc6403162315.jpg,Reduced mucosal view,inflamed_red_surface,suspicious_vascular_cluster,0.8162,0.9503,4
85de16d661114482.jpg,Foreign body,foreign_object_shape,suspicious_vascular_cluster,0.5518,0.3392,2
454449503b11f081.jpg,Ileocecal valve,inflamed_red_surface,large_protruding_lesion,0.069,0.8646,1
95a4a06072551000.jpg,Erosion,white_crater_lesion,deep_ulceration_pattern,0.5067,0.4474,3
71dcc44a0c420b39.jpg,Angiectasia,white_crater_lesion,deep_ulceration_pattern,0.8359,0.5022,3
a3923054e5d6cf5e.jpg,Foreign body,raised_round_mass,widespread_inflammation,0.7062,0.3492,1
f612dffd7a16442b.jpg,Ileocecal valve,foreign_object_shape,unclear_view_needs_review,0.2783,0.4879,3
5179a5c0db873b7e.jpg,Reduced mucosal view,red_fluid_region,widespread_inflammation,0.1856,0.7604,4
31e4d8c28f7fa6cb.jpg,Ileocecal valve,vascular_red_spots,widespread_inflammation,0.6206,0.3309,3
2d5338f2b21a87f0.jpg,Erosion,normal_texture,large_protruding_lesion,0.7894,0.1621,2
3dc7f594f3531968.jpg,Ulcer,white_crater_lesion,suspicious_vascular_cluster,0.8926,0.1992,2
c2a7ac598fcc8ef6.jpg,Reduced mucosal view,landmark_ring_structure,widespread_inflammation,0.6346,0.7323,3
e5701dffa60b5f4e.jpg,Ileocecal valve,red_fluid_region,retained_foreign_object,0.7586,0.7985,5
2431dfd8e0294ad0.jpg,Pylorus,blurred_visibility,suspicious_vascular_cluster,0.6926,0.5733,4
771450f8f33d2e7c.jpg,Reduced mucosal view,blurred_visibility,active_bleeding_visible,0.1424,0.4253,2
0f944eb90ff3f8e6.jpg,Ileocecal valve,red_fluid_region,active_bleeding_visible,0.3047,0.4251,2
e1165a409a958746.jpg,Erosion,dark_blood_residue,retained_foreign_object,0.563,0.7979,5
029354e30dfa3361.jpg,Ileocecal valve,inflamed_red_surface,large_protruding_lesion,0.4304,0.5807,3
ada55499ed195d83.jpg,Reduced mucosal view,inflamed_red_surface,low_risk_appearance,0.551,0.4435,2
287fe35e7fbba1e5.jpg,Ileocecal valve,red_fluid_region,widespread_inflammation,0.3936,0.6507,2
10922796c5b6a036.jpg,Ileocecal valve,normal_texture,unclear_view_needs_review,0.4461,0.3327,3
7fcf35d4fcb3f471.jpg,Pylorus,inflamed_red_surface,large_protruding_lesion,0.0618,0.3836,2
97a56ea8d6900867.jpg,Ileocecal valve,blurred_visibility,active_bleeding_visible,0.3216,0.4412,2
0b7a9a3124ab5af1.jpg,Reduced mucosal view,blurred_visibility,widespread_inflammation,0.5213,0.5049,3
6f2fece9032c6328.jpg,Angiectasia,blurred_visibility,retained_foreign_object,0.5497,0.6423,2
feeb6a1195eadba5.jpg,Ileocecal valve,landmark_ring_structure,active_bleeding_visible,0.3421,0.3336,1
29c9481e838705e9.jpg,Reduced mucosal view,red_fluid_region,widespread_inflammation,0.3955,0.091,4
52d560940b7c1a43.jpg,Ileocecal valve,dark_blood_residue,widespread_inflammation,0.5258,0.4418,1
a5ae7e8f1d4fb7b6.jpg,Ileocecal valve,white_crater_lesion,deep_ulceration_pattern,0.5561,0.3238,2
067ff4e72ee4c705.jpg,Pylorus,red_fluid_region,retained_foreign_object,0.6712,0.7332,2
5560cdbe7b301061.jpg,Ileocecal valve,normal_texture,retained_foreign_object,0.3986,0.7863,3
a84e8c4bea01a47d.jpg,Ulcer,landmark_ring_structure,unclear_view_needs_review,0.4094,0.2443,4
7cbe439f8b973882.jpg,Angiectasia,raised_round_mass,large_protruding_lesion,0.6365,0.6567,2
f244e74c7308c032.jpg,Ileocecal valve,white_crater_lesion,retained_foreign_object,0.5196,0.8251,3
46362a1bd132f123.jpg,Ileocecal valve,blurred_visibility,unclear_view_needs_review,0.6633,0.6629,2
34e53d38eaeb4556.jpg,Reduced mucosal view,red_fluid_region,suspicious_vascular_cluster,0.7822,0.3267,5
106dce3cf3775c37.jpg,Ulcer,landmark_ring_structure,suspicious_vascular_cluster,0.5254,0.1668,1
2a9bf77075c79e8f.jpg,Ileocecal valve,foreign_object_shape,widespread_inflammation,0.6607,0.8978,3
7464ed528f25acb3.jpg,Pylorus,vascular_red_spots,unclear_view_needs_review,0.7657,0.2602,3
5e50c5518ee734fc.jpg,Reduced mucosal view,landmark_ring_structure,large_protruding_lesion,0.3494,0.4315,3
465908944239123d.jpg,Angiectasia,red_fluid_region,deep_ulceration_pattern,0.2683,0.4583,1
5a306603449c2c15.jpg,Blood - fresh,dark_blood_residue,low_risk_appearance,0.0672,0.302,3
3ee9bdcdae3ee548.jpg,Ulcer,dark_blood_residue,active_bleeding_visible,0.6865,0.6018,1
c1928f0b6211078d.jpg,Erosion,landmark_ring_structure,large_protruding_lesion,0.2445,0.3013,4
fe998ec13c9dc94f.jpg,Ileocecal valve,raised_round_mass,active_bleeding_visible,0.319,0.2923,2
fd8a1087d73ce743.jpg,Reduced mucosal view,dark_blood_residue,widespread_inflammation,0.2433,0.2696,4
86172157bdd453fc.jpg,Blood - fresh,landmark_ring_structure,deep_ulceration_pattern,0.5181,0.3408,3
6b0cf5555b7928ce.jpg,Reduced mucosal view,foreign_object_shape,suspicious_vascular_cluster,0.7139,0.6197,1
bcab435884319921.jpg,Angiectasia,landmark_ring_structure,suspicious_vascular_cluster,0.7071,0.5933,3
d18a93ed125f49cd.jpg,Ileocecal valve,foreign_object_shape,widespread_inflammation,0.5414,0.5633,4
68f54d3b3bbcca5d.jpg,Reduced mucosal view,white_crater_lesion,large_protruding_lesion,0.507,0.0647,3
79c01a6ccb55a8bc.jpg,Ileocecal valve,vascular_red_spots,large_protruding_lesion,0.7186,0.5223,3
9eb2c082b451ba2d.jpg,Angiectasia,white_crater_lesion,unclear_view_needs_review,0.4262,0.1788,2
467b4be450c14d52.jpg,Reduced mucosal view,normal_texture,large_protruding_lesion,0.1065,0.8391,2
6a18cb2bd299d266.jpg,Reduced mucosal view,vascular_red_spots,deep_ulceration_pattern,0.554,0.7821,4
ee5e2fec5add5d0a.jpg,Ileocecal valve,vascular_red_spots,unclear_view_needs_review,0.145,0.6307,1
7bb13c9725446c2b.jpg,Blood - fresh,blurred_visibility,deep_ulceration_pattern,0.4343,0.5212,5
760ef323865672fe.jpg,Ileocecal valve,white_crater_lesion,deep_ulceration_pattern,0.5903,0.5383,1
12753d0176d3c6e4.jpg,Erosion,dark_blood_residue,deep_ulceration_pattern,0.3044,0.0821,5
75608892f821b534.jpg,Angiectasia,raised_round_mass,active_bleeding_visible,0.9252,0.2596,3
cb1d1b1cb4e89ed5.jpg,Blood - fresh,white_crater_lesion,retained_foreign_object,0.8614,0.5496,2
60fe0f181b728789.jpg,Reduced mucosal view,foreign_object_shape,deep_ulceration_pattern,0.4096,0.9011,3
2c2c786ad748bcae.jpg,Lymphangiectasia,vascular_red_spots,unclear_view_needs_review,0.771,0.374,2
f8d4c75d270d482d.jpg,Reduced mucosal view,vascular_red_spots,widespread_inflammation,0.2088,0.964,4
96b927928c8f948f.jpg,Ileocecal valve,normal_texture,active_bleeding_visible,0.876,0.7446,3
e24a129d83c43db0.jpg,Reduced mucosal view,raised_round_mass,deep_ulceration_pattern,0.3453,0.3862,2
eeae4ad979796921.jpg,Pylorus,foreign_object_shape,active_bleeding_visible,0.6967,0.0887,3
2d1de8d6f8c15964.jpg,Ileocecal valve,raised_round_mass,low_risk_appearance,0.9208,0.3997,2
bfdf7182dd3ff6e6.jpg,Reduced mucosal view,vascular_red_spots,widespread_inflammation,0.5241,0.4628,3
0632c4dbf959bd8e.jpg,Ileocecal valve,foreign_object_shape,large_protruding_lesion,0.712,0.1011,1
61877e30b6c08b1c.jpg,Ileocecal valve,red_fluid_region,unclear_view_needs_review,0.5901,0.5378,4
5ec8fa98b1f8644d.jpg,Reduced mucosal view,landmark_ring_structure,widespread_inflammation,0.6625,0.5344,4
e979bf774bbd77b3.jpg,Reduced mucosal view,normal_texture,unclear_view_needs_review,0.5536,0.6961,2
184891ae989528d5.jpg,Pylorus,normal_texture,unclear_view_needs_review,0.1971,0.4459,1
23fdfe590360eca1.jpg,Reduced mucosal view,normal_texture,unclear_view_needs_review,0.362,0.4783,2
0de0d3d17cbdc0a3.jpg,Reduced mucosal view,red_fluid_region,deep_ulceration_pattern,0.5562,0.4293,2
3234d8a3b384edaf.jpg,Ileocecal valve,dark_blood_residue,active_bleeding_visible,0.6441,0.4616,5
d13b9921a6689272.jpg,Pylorus,normal_texture,low_risk_appearance,0.1747,0.4496,2
e6a22ae9ac3cde06.jpg,Lymphangiectasia,raised_round_mass,unclear_view_needs_review,0.1577,0.8267,1
557fe318e11c54e7.jpg,Lymphangiectasia,landmark_ring_structure,retained_foreign_object,0.5847,0.8922,2
9719c7b309c2cea9.jpg,Ileocecal valve,landmark_ring_structure,active_bleeding_visible,0.2156,0.5271,4
2c493d38ba4a72d1.jpg,Reduced mucosal view,red_fluid_region,low_risk_appearance,0.4987,0.9323,3
b85f4260b4a4c720.jpg,Reduced mucosal view,white_crater_lesion,retained_foreign_object,0.7205,0.2976,4
a85f79e3e2268ef3.jpg,Ileocecal valve,red_fluid_region,low_risk_appearance,0.5692,0.4146,3
ee85e17ea49ad041.jpg,Blood - fresh,red_fluid_region,low_risk_appearance,0.4342,0.6401,1
7b7cfbf3c40daaf8.jpg,Ulcer,red_fluid_region,suspicious_vascular_cluster,0.6269,0.54,4
89cc14b5e748136b.jpg,Angiectasia,normal_texture,unclear_view_needs_review,0.2853,0.5766,4
1b0c2636e61e90f4.jpg,Reduced mucosal view,blurred_visibility,deep_ulceration_pattern,0.1185,0.2636,4
8afc791ce845ebf2.jpg,Foreign body,red_fluid_region,widespread_inflammation,0.0811,0.5426,1
fb3f982a545d97e3.jpg,Reduced mucosal view,landmark_ring_structure,widespread_inflammation,0.1972,0.158,3
ef2dfae02cfadc59.jpg,Foreign body,white_crater_lesion,unclear_view_needs_review,0.2428,0.698,2
74092b5b6201411c.jpg,Blood - fresh,vascular_red_spots,large_protruding_lesion,0.4704,0.3588,2
5e3cb30015ed7315.jpg,Reduced mucosal view,blurred_visibility,unclear_view_needs_review,0.359,0.5099,3
34e714980b5a22b3.jpg,Erythema,white_crater_lesion,suspicious_vascular_cluster,0.3292,0.4831,3
177d4832b19676f6.jpg,Erosion,raised_round_mass,widespread_inflammation,0.5847,0.2941,4
8b16826a4322249a.jpg,Foreign body,foreign_object_shape,low_risk_appearance,0.3155,0.8085,2
b450871b685b6b13.jpg,Pylorus,dark_blood_residue,large_protruding_lesion,0.5934,0.1951,1
05e7955ebbe0d2f8.jpg,Pylorus,landmark_ring_structure,widespread_inflammation,0.4182,0.5558,3
a37268fdb03f18c6.jpg,Ulcer,white_crater_lesion,large_protruding_lesion,0.892,0.3075,3
729c169b1de12d5e.jpg,Ileocecal valve,normal_texture,unclear_view_needs_review,0.1756,0.1766,2
6d2721067771e3aa.jpg,Foreign body,blurred_visibility,suspicious_vascular_cluster,0.7641,0.7541,2
9324f5d0bee0e862.jpg,Foreign body,landmark_ring_structure,retained_foreign_object,0.7196,0.9513,3
e687fe9b5c223f95.jpg,Erythema,red_fluid_region,active_bleeding_visible,0.8738,0.5773,3
fcc0e188d1c8a097.jpg,Reduced mucosal view,white_crater_lesion,active_bleeding_visible,0.1435,0.6023,4
b2b94e2023e82bb4.jpg,Reduced mucosal view,blurred_visibility,suspicious_vascular_cluster,0.637,0.8384,2
448faac4ab7aca86.jpg,Lymphangiectasia,normal_texture,retained_foreign_object,0.2058,0.4998,3
ec6b42ed5b123df5.jpg,Ileocecal valve,blurred_visibility,active_bleeding_visible,0.6823,0.4757,2
2e293509940cdd5c.jpg,Reduced mucosal view,inflamed_red_surface,widespread_inflammation,0.1473,0.8149,3
bb5be78945b71789.jpg,Reduced mucosal view,foreign_object_shape,unclear_view_needs_review,0.2737,0.6285,4
83925df03af184c9.jpg,Erythema,foreign_object_shape,deep_ulceration_pattern,0.4442,0.3678,2
3025bd95c909f68d.jpg,Ileocecal valve,foreign_object_shape,suspicious_vascular_cluster,0.5407,0.2561,4
f99392856c24f1d9.jpg,Ileocecal valve,vascular_red_spots,retained_foreign_object,0.6558,0.395,2
7960fdc80b3d282a.jpg,Ileocecal valve,raised_round_mass,retained_foreign_object,0.8693,0.5228,4
5c4bc0bf6c67c1e9.jpg,Ileocecal valve,red_fluid_region,large_protruding_lesion,0.55,0.213,3
9874ac81338c32d9.jpg,Reduced mucosal view,blurred_visibility,widespread_inflammation,0.0155,0.4688,5
759e763b4eb4ae13.jpg,Reduced mucosal view,blurred_visibility,active_bleeding_visible,0.2156,0.4612,1
e45a43b224fd2ed4.jpg,Ileocecal valve,normal_texture,active_bleeding_visible,0.5384,0.3861,1
3f67f1e29c3c2650.jpg,Reduced mucosal view,vascular_red_spots,unclear_view_needs_review,0.0882,0.4697,2
249ed7201dd07a19.jpg,Erosion,blurred_visibility,suspicious_vascular_cluster,0.6721,0.7262,1
23b1562dd193f538.jpg,Ileocecal valve,inflamed_red_surface,large_protruding_lesion,0.4296,0.7768,2
3ad2c8537a99931f.jpg,Ileocecal valve,foreign_object_shape,unclear_view_needs_review,0.5564,0.8684,1
e08d91998f6f2591.jpg,Ileocecal valve,landmark_ring_structure,unclear_view_needs_review,0.6866,0.7353,4
8d25c57070c971ac.jpg,Ileocecal valve,vascular_red_spots,retained_foreign_object,0.8404,0.514,3
57b734eaacef46f9.jpg,Normal clean mucosa,white_crater_lesion,widespread_inflammation,0.2752,0.3681,1
d20760d5789d734d.jpg,Foreign body,landmark_ring_structure,large_protruding_lesion,0.1962,0.5681,2
73e0f3f3142e6fa6.jpg,Reduced mucosal view,blurred_visibility,widespread_inflammation,0.5571,0.278,4
cf0a9820bf87087a.jpg,Ileocecal valve,normal_texture,deep_ulceration_pattern,0.124,0.273,1
3593707a7ac7f59c.jpg,Angiectasia,raised_round_mass,unclear_view_needs_review,0.4192,0.803,2
a12a9ae7744dd017.jpg,Foreign body,red_fluid_region,large_protruding_lesion,0.0914,0.6587,3
fa7fcb48c44352cc.jpg,Ileocecal valve,raised_round_mass,retained_foreign_object,0.1729,0.0983,3
8f7bddfcb68524b4.jpg,Ulcer,normal_texture,widespread_inflammation,0.1897,0.5314,2
49ed8132b64b82b4.jpg,Pylorus,normal_texture,widespread_inflammation,0.5869,0.9507,1
d968162588eaf75a.jpg,Reduced mucosal view,inflamed_red_surface,unclear_view_needs_review,0.8209,0.6346,5
ad2719aed6273779.jpg,Pylorus,white_crater_lesion,large_protruding_lesion,0.4889,0.8767,2
6c516b914136cbff.jpg,Lymphangiectasia,vascular_red_spots,deep_ulceration_pattern,0.295,0.4815,3
5ff3b641edf73e4a.jpg,Reduced mucosal view,landmark_ring_structure,deep_ulceration_pattern,0.0266,0.2544,1
aaaaea457d6bfb7b.jpg,Erythema,blurred_visibility,widespread_inflammation,0.3606,0.6952,3
ba2aac23cd3a2ced.jpg,Ileocecal valve,foreign_object_shape,deep_ulceration_pattern,0.1303,0.4693,3
197d353422d2639d.jpg,Ileocecal valve,vascular_red_spots,deep_ulceration_pattern,0.6982,0.3604,4
c7439126136610f9.jpg,Erosion,dark_blood_residue,retained_foreign_object,0.5435,0.1096,2
bc7c91ab20cacd2f.jpg,Lymphangiectasia,red_fluid_region,deep_ulceration_pattern,0.3497,0.765,3
13f882f7ba9ea156.jpg,Ileocecal valve,dark_blood_residue,suspicious_vascular_cluster,0.8208,0.8219,4
f98c2a9556d411d2.jpg,Reduced mucosal view,inflamed_red_surface,suspicious_vascular_cluster,0.7554,0.6603,2
8db12c50e8a0017d.jpg,Reduced mucosal view,red_fluid_region,low_risk_appearance,0.5626,0.8065,3
267ac78c95e0c774.jpg,Reduced mucosal view,vascular_red_spots,low_risk_appearance,0.5529,0.7564,4
f370dd86d5b43d12.jpg,Pylorus,red_fluid_region,active_bleeding_visible,0.5406,0.5123,3
804462f05c786c95.jpg,Pylorus,raised_round_mass,suspicious_vascular_cluster,0.2889,0.1277,3
ca92b3021f8a9967.jpg,Reduced mucosal view,white_crater_lesion,large_protruding_lesion,0.3048,0.7643,5
51ff798dbff0a5fb.jpg,Reduced mucosal view,red_fluid_region,large_protruding_lesion,0.7142,0.6333,3
868ab498d4c52af8.jpg,Reduced mucosal view,blurred_visibility,large_protruding_lesion,0.5389,0.4324,4
c398905136fb7829.jpg,Ileocecal valve,dark_blood_residue,active_bleeding_visible,0.584,0.1686,3
decc3c1e3d89cfb0.jpg,Ulcer,landmark_ring_structure,active_bleeding_visible,0.2985,0.5308,1
01c3200fae390182.jpg,Reduced mucosal view,landmark_ring_structure,widespread_inflammation,0.4377,0.1782,5
bfa715e15b4c91ac.jpg,Ulcer,white_crater_lesion,deep_ulceration_pattern,0.7772,0.2218,4
36ebe55f69a9c29d.jpg,Pylorus,landmark_ring_structure,unclear_view_needs_review,0.3182,0.2062,5
667073f98286d95a.jpg,Ampulla of vater,vascular_red_spots,retained_foreign_object,0.8012,0.7979,1
725ee0acf2d7a421.jpg,Reduced mucosal view,white_crater_lesion,suspicious_vascular_cluster,0.3543,0.1851,3
511f55e5cd290a2d.jpg,Pylorus,landmark_ring_structure,deep_ulceration_pattern,0.2332,0.7514,2
8e3f18503aee8c7a.jpg,Reduced mucosal view,normal_texture,suspicious_vascular_cluster,0.3553,0.7491,3
91078b0e8a705178.jpg,Foreign body,red_fluid_region,large_protruding_lesion,0.2182,0.7376,3
d85017b003a96ab3.jpg,Ileocecal valve,vascular_red_spots,unclear_view_needs_review,0.2582,0.6531,4
1414c94f40fa7b9d.jpg,Ileocecal valve,vascular_red_spots,widespread_inflammation,0.5037,0.5204,4
a66437161aa2abe8.jpg,Angiectasia,normal_texture,large_protruding_lesion,0.9324,0.7188,3
d6626977876d32a2.jpg,Reduced mucosal view,inflamed_red_surface,large_protruding_lesion,0.5286,0.7392,5
ca25612b25d5ea6e.jpg,Ileocecal valve,normal_texture,suspicious_vascular_cluster,0.3642,0.6635,3
a02047a7b158e12b.jpg,Reduced mucosal view,vascular_red_spots,unclear_view_needs_review,0.8237,0.158,2
c56b12c4941e8f34.jpg,Reduced mucosal view,normal_texture,unclear_view_needs_review,0.6742,0.7705,1
40bf705bc0d27b84.jpg,Reduced mucosal view,red_fluid_region,active_bleeding_visible,0.7108,0.7268,4
3fc31b91800e9d01.jpg,Pylorus,white_crater_lesion,large_protruding_lesion,0.5484,0.9938,2
7ce2346b18129988.jpg,Pylorus,raised_round_mass,unclear_view_needs_review,0.4747,0.8499,5
24820de54f58197a.jpg,Pylorus,white_crater_lesion,active_bleeding_visible,0.7678,0.2788,2
a481f74a534838e3.jpg,Reduced mucosal view,white_crater_lesion,large_protruding_lesion,0.9809,0.559,2
f48978d2b1da70e8.jpg,Lymphangiectasia,vascular_red_spots,unclear_view_needs_review,0.5061,0.526,3
0fff6809ae886951.jpg,Ulcer,landmark_ring_structure,widespread_inflammation,0.1968,0.7984,1
d7d9f65f523fb8b0.jpg,Angiectasia,raised_round_mass,low_risk_appearance,0.2262,0.6091,4
1f53ff4216643089.jpg,Reduced mucosal view,vascular_red_spots,unclear_view_needs_review,0.7007,0.5549,4
1375518a10d1a536.jpg,Angiectasia,white_crater_lesion,deep_ulceration_pattern,0.1918,0.3769,4
2a6536cd5d1d0633.jpg,Foreign body,blurred_visibility,widespread_inflammation,0.2165,0.453,4
b704666fafa8d5f9.jpg,Reduced mucosal view,vascular_red_spots,widespread_inflammation,0.7834,0.3991,1
eea063b735e0437e.jpg,Pylorus,red_fluid_region,retained_foreign_object,0.8856,0.1066,5
56eaead7bf5125e7.jpg,Ileocecal valve,vascular_red_spots,widespread_inflammation,0.5285,0.4936,2
e80d0700a001afa7.jpg,Blood - fresh,landmark_ring_structure,deep_ulceration_pattern,0.817,0.688,1
a256e7204ce8a0cc.jpg,Reduced mucosal view,raised_round_mass,widespread_inflammation,0.7817,0.6963,3
78756f57b76369e6.jpg,Ulcer,white_crater_lesion,low_risk_appearance,0.647,0.3611,1
36f38b50678c53b4.jpg,Pylorus,inflamed_red_surface,low_risk_appearance,0.2002,0.7748,3
91464470ec87ed88.jpg,Ileocecal valve,foreign_object_shape,widespread_inflammation,0.6609,0.6059,4
7a7eaebbb2fc9be8.jpg,Ileocecal valve,raised_round_mass,active_bleeding_visible,0.8889,0.8619,3
d09261a91c29f77b.jpg,Blood - fresh,landmark_ring_structure,deep_ulceration_pattern,0.6198,0.6952,2
49b96bee107c05c1.jpg,Angiectasia,raised_round_mass,deep_ulceration_pattern,0.3813,0.5596,1
1420119049686d69.jpg,Ileocecal valve,inflamed_red_surface,active_bleeding_visible,0.2721,0.2132,1
bba3460632b3d361.jpg,Pylorus,normal_texture,large_protruding_lesion,0.5475,0.6101,3
5c95a796148c495d.jpg,Reduced mucosal view,normal_texture,retained_foreign_object,0.6383,0.5656,1
e3408ce2666b97f7.jpg,Ileocecal valve,white_crater_lesion,active_bleeding_visible,0.6505,0.4522,1
8cbac09a45c01b03.jpg,Ampulla of vater,raised_round_mass,suspicious_vascular_cluster,0.4733,0.283,1
2d42159babb3708a.jpg,Reduced mucosal view,red_fluid_region,unclear_view_needs_review,0.435,0.6381,3
ed6377becf4969e8.jpg,Ileocecal valve,landmark_ring_structure,widespread_inflammation,0.5149,0.3516,4
b4aea21bb2443530.jpg,Erosion,red_fluid_region,unclear_view_needs_review,0.5923,0.5819,4
30ff5defa94541ba.jpg,Foreign body,vascular_red_spots,widespread_inflammation,0.4935,0.1817,2
904830f9b956aedd.jpg,Ulcer,raised_round_mass,active_bleeding_visible,0.4035,0.6366,1
c842330f2727cf5d.jpg,Pylorus,raised_round_mass,low_risk_appearance,0.7029,0.5148,2
bdd5f16bd141de06.jpg,Ileocecal valve,white_crater_lesion,deep_ulceration_pattern,0.7845,0.6367,1
472a437c41ff53de.jpg,Angiectasia,white_crater_lesion,large_protruding_lesion,0.61,0.4179,2
6c6c83782e01483c.jpg,Ileocecal valve,red_fluid_region,suspicious_vascular_cluster,0.3345,0.6521,4
2657c6fd0ba7bc34.jpg,Pylorus,blurred_visibility,low_risk_appearance,0.5387,0.4135,3
8f9e382cc38f174f.jpg,Ileocecal valve,raised_round_mass,unclear_view_needs_review,0.6121,0.2976,2
3f86356f03451d66.jpg,Ileocecal valve,blurred_visibility,retained_foreign_object,0.4775,0.2585,5
e5062d955fc0335e.jpg,Reduced mucosal view,landmark_ring_structure,active_bleeding_visible,0.3379,0.8888,5
e17db9af9c43c40a.jpg,Foreign body,normal_texture,suspicious_vascular_cluster,0.1411,0.377,1
e04845b17ced12d3.jpg,Pylorus,vascular_red_spots,active_bleeding_visible,0.6997,0.3487,2
f2a58b1c228964d9.jpg,Reduced mucosal view,white_crater_lesion,retained_foreign_object,0.5498,0.821,4
ad413a64659b949f.jpg,Reduced mucosal view,red_fluid_region,deep_ulceration_pattern,0.1409,0.4336,2
c32653b74d37284e.jpg,Pylorus,inflamed_red_surface,widespread_inflammation,0.1883,0.8038,4
23ccde8178155332.jpg,Ileocecal valve,red_fluid_region,widespread_inflammation,0.2798,0.3281,4
ddc07d1909f737e8.jpg,Ileocecal valve,red_fluid_region,large_protruding_lesion,0.4734,0.7138,1
810528a4bac10386.jpg,Reduced mucosal view,white_crater_lesion,suspicious_vascular_cluster,0.9306,0.5085,4
7f6ad838eed52e64.jpg,Lymphangiectasia,white_crater_lesion,unclear_view_needs_review,0.6231,0.7868,2
2fb361b1b1a22453.jpg,Ileocecal valve,blurred_visibility,retained_foreign_object,0.7492,0.3493,3
7c111fbb836401a2.jpg,Blood - hematin,dark_blood_residue,active_bleeding_visible,0.2071,0.6776,5
30a6f9835bca9026.jpg,Ileocecal valve,red_fluid_region,deep_ulceration_pattern,0.5886,0.574,3
1e2c995b7e55e581.jpg,Reduced mucosal view,blurred_visibility,retained_foreign_object,0.4317,0.7739,4
53d199790dbb8f4d.jpg,Lymphangiectasia,red_fluid_region,active_bleeding_visible,0.522,0.5398,3
8082703abd76f48c.jpg,Ileocecal valve,foreign_object_shape,active_bleeding_visible,0.6918,0.5633,5
5afb90fa0156bd9a.jpg,Ileocecal valve,inflamed_red_surface,suspicious_vascular_cluster,0.3299,0.1379,4
7524a348c1363d60.jpg,Foreign body,red_fluid_region,retained_foreign_object,0.6124,0.6928,3
5fd09b5f06161359.jpg,Ulcer,red_fluid_region,large_protruding_lesion,0.6657,0.288,5
25c1f61f3f084a60.jpg,Ileocecal valve,vascular_red_spots,large_protruding_lesion,0.2309,0.8845,2
7852dd8079b56389.jpg,Pylorus,foreign_object_shape,widespread_inflammation,0.5258,0.4002,3
6073e1e17d854fce.jpg,Angiectasia,normal_texture,unclear_view_needs_review,0.7367,0.4585,4
c575050397a2f0bb.jpg,Ileocecal valve,normal_texture,unclear_view_needs_review,0.2534,0.2016,1
49eea980006dd589.jpg,Pylorus,landmark_ring_structure,suspicious_vascular_cluster,0.5542,0.5072,4
79d835d3c0cabf02.jpg,Ileocecal valve,dark_blood_residue,unclear_view_needs_review,0.1478,0.4117,2
0e528e22d56770b9.jpg,Ileocecal valve,raised_round_mass,unclear_view_needs_review,0.0431,0.7113,3
76fb20ce95d3f564.jpg,Reduced mucosal view,normal_texture,large_protruding_lesion,0.5023,0.4119,2
29fc994d42a6179f.jpg,Ileocecal valve,vascular_red_spots,large_protruding_lesion,0.3355,0.4159,3
55cd1b0e68b3e83c.jpg,Pylorus,normal_texture,widespread_inflammation,0.3746,0.2867,1
3a454ec2f5d77bc1.jpg,Reduced mucosal view,inflamed_red_surface,unclear_view_needs_review,0.3758,0.4534,3
cf4a04aa9350e941.jpg,Pylorus,landmark_ring_structure,widespread_inflammation,0.5723,0.7409,2
33e081f42d265f7f.jpg,Ulcer,normal_texture,active_bleeding_visible,0.5343,0.4855,2
908dbc996421363b.jpg,Reduced mucosal view,vascular_red_spots,deep_ulceration_pattern,0.7469,0.7268,3
1608a4b33c7535f4.jpg,Ileocecal valve,raised_round_mass,retained_foreign_object,0.2289,0.1691,5
56d8832881e0f141.jpg,Foreign body,red_fluid_region,unclear_view_needs_review,0.1507,0.4838,5
a85810d25b15e19f.jpg,Erythema,vascular_red_spots,widespread_inflammation,0.826,0.6832,3
eec8163f0cce4c75.jpg,Ileocecal valve,foreign_object_shape,large_protruding_lesion,0.5106,0.2231,3
3e9b82a4faadf6d8.jpg,Ileocecal valve,inflamed_red_surface,large_protruding_lesion,0.8564,0.3356,4
f29ecf89218444ae.jpg,Ileocecal valve,inflamed_red_surface,low_risk_appearance,0.2641,0.5005,3
a5d2551266a9a44d.jpg,Lymphangiectasia,blurred_visibility,widespread_inflammation,0.3952,0.8032,3
b587f9ee88c134ab.jpg,Angiectasia,red_fluid_region,retained_foreign_object,0.2884,0.2308,3
f1c5652772975500.jpg,Ulcer,white_crater_lesion,active_bleeding_visible,0.512,0.3227,3
840e39464f93b8ce.jpg,Ileocecal valve,white_crater_lesion,widespread_inflammation,0.5299,0.4269,2
feb946c84a78cea6.jpg,Reduced mucosal view,blurred_visibility,widespread_inflammation,0.4025,0.2183,1
a662bbf85b5c7553.jpg,Ileocecal valve,white_crater_lesion,suspicious_vascular_cluster,0.6915,0.3768,5
bda8bc377b3460b5.jpg,Pylorus,white_crater_lesion,large_protruding_lesion,0.2475,0.6962,3
8ac1c9f87078d486.jpg,Angiectasia,landmark_ring_structure,retained_foreign_object,0.7694,0.4526,1
e2c68017d0d12bce.jpg,Reduced mucosal view,dark_blood_residue,unclear_view_needs_review,0.6039,0.2875,2
0532ccd55766296d.jpg,Erythema,landmark_ring_structure,deep_ulceration_pattern,0.3375,0.4735,1
bd9ce20cd7d3e146.jpg,Foreign body,inflamed_red_surface,deep_ulceration_pattern,0.4323,0.986,2
479b5afdb8ca987f.jpg,Foreign body,dark_blood_residue,deep_ulceration_pattern,0.0376,0.5387,3
2d9e944609e3b290.jpg,Reduced mucosal view,white_crater_lesion,widespread_inflammation,0.2985,0.8784,4
2e6e55711ccb5477.jpg,Reduced mucosal view,landmark_ring_structure,low_risk_appearance,0.3173,0.6023,3
070b7056387a9f55.jpg,Ulcer,inflamed_red_surface,deep_ulceration_pattern,0.7048,0.6331,3
49e7e0ef372f4c7f.jpg,Ileocecal valve,raised_round_mass,active_bleeding_visible,0.4026,0.4288,4
e6b8942c81392c21.jpg,Ileocecal valve,normal_texture,large_protruding_lesion,0.4429,0.4876,4
42c37f9b2118f456.jpg,Ulcer,foreign_object_shape,large_protruding_lesion,0.4509,0.1989,2
12f9126e73c53b0e.jpg,Reduced mucosal view,normal_texture,large_protruding_lesion,0.4449,0.5664,2
604383ec5f318c7c.jpg,Ileocecal valve,normal_texture,deep_ulceration_pattern,0.4394,0.3486,2
7291e1ad50f2df95.jpg,Ulcer,landmark_ring_structure,retained_foreign_object,0.4058,0.665,1
2574c329156b9909.jpg,Reduced mucosal view,normal_texture,active_bleeding_visible,0.2845,0.8471,4
ca4e278088ab1936.jpg,Ileocecal valve,foreign_object_shape,suspicious_vascular_cluster,0.5516,0.4429,5
6d1e0f4ea7a858e5.jpg,Ileocecal valve,red_fluid_region,unclear_view_needs_review,0.6236,0.689,4
b3695585f842fa97.jpg,Ileocecal valve,blurred_visibility,widespread_inflammation,0.6781,0.2833,1
f1ce6bd98bbea35a.jpg,Pylorus,red_fluid_region,low_risk_appearance,0.5947,0.4531,2
bf28ff059de2754f.jpg,Ileocecal valve,raised_round_mass,suspicious_vascular_cluster,0.8853,0.2471,1
725c90dd01e258d9.jpg,Ileocecal valve,landmark_ring_structure,large_protruding_lesion,0.4784,0.6259,2
726142695d14f978.jpg,Ileocecal valve,blurred_visibility,active_bleeding_visible,0.7707,0.0553,5
d2a375254e101c20.jpg,Ulcer,dark_blood_residue,widespread_inflammation,0.3721,0.1604,3
4fa09085eebd8be7.jpg,Foreign body,dark_blood_residue,unclear_view_needs_review,0.4043,0.4208,2
3be5b14eccac733d.jpg,Ileocecal valve,inflamed_red_surface,retained_foreign_object,0.7403,0.254,3
1a54e8a4f9b73074.jpg,Ileocecal valve,blurred_visibility,unclear_view_needs_review,0.4336,0.7561,5
e9af68248982b7fc.jpg,Ileocecal valve,raised_round_mass,widespread_inflammation,0.2416,0.1703,2
ef05fb77d4018d12.jpg,Erythema,blurred_visibility,retained_foreign_object,0.8801,0.4552,3
44ab1234199c3fd6.jpg,Foreign body,blurred_visibility,deep_ulceration_pattern,0.0517,0.7314,2
c6652d7c42743faa.jpg,Angiectasia,landmark_ring_structure,large_protruding_lesion,0.3788,0.4032,2
7c3ef66d1c6d8a26.jpg,Ileocecal valve,raised_round_mass,deep_ulceration_pattern,0.2321,0.1509,3
a49595b29804ead6.jpg,Foreign body,dark_blood_residue,low_risk_appearance,0.3844,0.3994,5
d492e1b8c3fec0be.jpg,Pylorus,dark_blood_residue,active_bleeding_visible,0.4907,0.4159,2
21536c18c36a2edf.jpg,Ileocecal valve,vascular_red_spots,unclear_view_needs_review,0.2057,0.5387,1
6b6f9431a75e1bfe.jpg,Ulcer,dark_blood_residue,suspicious_vascular_cluster,0.8187,0.4737,4
1de84846fc524222.jpg,Angiectasia,inflamed_red_surface,widespread_inflammation,0.5023,0.5866,3
82a717bf0a29a99a.jpg,Reduced mucosal view,dark_blood_residue,unclear_view_needs_review,0.6163,0.5378,2
f9f6e2767fd97b6f.jpg,Ulcer,landmark_ring_structure,large_protruding_lesion,0.7588,0.278,2
51dad3ab98d4a0a6.jpg,Reduced mucosal view,inflamed_red_surface,unclear_view_needs_review,0.4299,0.509,1
b38c0149a19ded08.jpg,Reduced mucosal view,normal_texture,unclear_view_needs_review,0.6759,0.6401,2
43eabd88187ccb8d.jpg,Ileocecal valve,dark_blood_residue,large_protruding_lesion,0.4867,0.8422,1
8595ea49d41f6122.jpg,Erosion,blurred_visibility,deep_ulceration_pattern,0.6085,0.4576,4
91bad3cedb75e8b7.jpg,Ileocecal valve,dark_blood_residue,widespread_inflammation,0.7762,0.4687,2
e1bb22552b26d54e.jpg,Angiectasia,blurred_visibility,large_protruding_lesion,0.2514,0.6566,2
6a42d35fe438ea52.jpg,Pylorus,foreign_object_shape,widespread_inflammation,0.3592,0.5176,1
6daf056d57e086b4.jpg,Ileocecal valve,foreign_object_shape,suspicious_vascular_cluster,0.2139,0.6063,1
3576bca3627b0095.jpg,Ileocecal valve,normal_texture,suspicious_vascular_cluster,0.7394,0.1751,2
66b02d2c134a7ac1.jpg,Lymphangiectasia,white_crater_lesion,deep_ulceration_pattern,0.4268,0.7002,1
291dd3adde967885.jpg,Ileocecal valve,landmark_ring_structure,deep_ulceration_pattern,0.4536,0.5278,4
83160241ca52cb6d.jpg,Ileocecal valve,white_crater_lesion,low_risk_appearance,0.0723,0.7046,2
089031f33658b2b1.jpg,Ileocecal valve,blurred_visibility,widespread_inflammation,0.5351,0.3772,2
b3815fd3560afa92.jpg,Ileocecal valve,red_fluid_region,widespread_inflammation,0.5783,0.5746,3
a3476217365a3246.jpg,Reduced mucosal view,vascular_red_spots,suspicious_vascular_cluster,0.798,0.1725,3
1abcea460ebe99c5.jpg,Ileocecal valve,raised_round_mass,retained_foreign_object,0.5354,0.1599,4
c287714ccd79392d.jpg,Ileocecal valve,red_fluid_region,suspicious_vascular_cluster,0.1784,0.6274,2
d52ef0af15c74e22.jpg,Ileocecal valve,white_crater_lesion,retained_foreign_object,0.8479,0.5689,3
e35843cc086e0a27.jpg,Reduced mucosal view,foreign_object_shape,large_protruding_lesion,0.6803,0.8385,2
170e302b9f3084bd.jpg,Ileocecal valve,white_crater_lesion,deep_ulceration_pattern,0.7354,0.0756,2
331dd4922ee8f455.jpg,Reduced mucosal view,blurred_visibility,active_bleeding_visible,0.3069,0.4595,4
0286888791439529.jpg,Angiectasia,blurred_visibility,widespread_inflammation,0.6408,0.8306,3
6a8bd588de0b149b.jpg,Ileocecal valve,vascular_red_spots,suspicious_vascular_cluster,0.8855,0.9576,2
e212df62c42855ec.jpg,Ileocecal valve,dark_blood_residue,retained_foreign_object,0.4252,0.87,3
4a61cd4f6a6f8787.jpg,Ileocecal valve,inflamed_red_surface,widespread_inflammation,0.2671,0.5514,3
31bfe9e1557681d5.jpg,Ileocecal valve,inflamed_red_surface,retained_foreign_object,0.3007,0.3567,2
97ac8c194bbc0189.jpg,Angiectasia,blurred_visibility,widespread_inflammation,0.1217,0.3538,4
a90b1d23f7c6f753.jpg,Pylorus,white_crater_lesion,active_bleeding_visible,0.4884,0.1572,2
1fc193d5f908a4ff.jpg,Ileocecal valve,inflamed_red_surface,active_bleeding_visible,0.6031,0.3359,3
c01b5394afe568f4.jpg,Ileocecal valve,blurred_visibility,unclear_view_needs_review,0.7428,0.608,4
133a8655224c8a86.jpg,Reduced mucosal view,white_crater_lesion,retained_foreign_object,0.0279,0.5403,2
f52a0d2b7fb9efa0.jpg,Pylorus,white_crater_lesion,large_protruding_lesion,0.2251,0.6138,3
f7c0ead676f32c0c.jpg,Lymphangiectasia,vascular_red_spots,suspicious_vascular_cluster,0.3539,0.2899,2
e359d0938702228c.jpg,Lymphangiectasia,normal_texture,low_risk_appearance,0.6724,0.1517,2
922e7e532ed73e4f.jpg,Pylorus,red_fluid_region,deep_ulceration_pattern,0.4931,0.2644,4
c97358f572c54d18.jpg,Ileocecal valve,dark_blood_residue,retained_foreign_object,0.6801,0.4271,2
a5721d4243a3f2d6.jpg,Lymphangiectasia,foreign_object_shape,suspicious_vascular_cluster,0.6175,0.36,1
92847393a35f9079.jpg,Reduced mucosal view,vascular_red_spots,deep_ulceration_pattern,0.8601,0.4746,2
7d5455d9a8f8ddc4.jpg,Foreign body,inflamed_red_surface,unclear_view_needs_review,0.2591,0.647,1
72b841df49ffb835.jpg,Pylorus,vascular_red_spots,unclear_view_needs_review,0.2731,0.4614,2
f018aeef6f89baff.jpg,Foreign body,normal_texture,low_risk_appearance,0.7564,0.3915,2
92cfadb46a15a95c.jpg,Ileocecal valve,landmark_ring_structure,suspicious_vascular_cluster,0.5539,0.7543,4
fe72bb71dd3ac723.jpg,Pylorus,normal_texture,large_protruding_lesion,0.2782,0.8042,3
f7b790b9a2c8719e.jpg,Reduced mucosal view,red_fluid_region,retained_foreign_object,0.6604,0.5606,3
324a7b00f1bdee9d.jpg,Foreign body,vascular_red_spots,large_protruding_lesion,0.2642,0.5552,3
2c045399ed7fa280.jpg,Ileocecal valve,normal_texture,widespread_inflammation,0.6012,0.4505,4
6407faf0fe7459ee.jpg,Reduced mucosal view,white_crater_lesion,widespread_inflammation,0.4461,0.5452,2
4352ccdeed67cbdd.jpg,Blood - fresh,white_crater_lesion,retained_foreign_object,0.2059,0.3079,3
a76b2a0f931863b1.jpg,Erosion,inflamed_red_surface,suspicious_vascular_cluster,0.7485,0.4772,2
dba47f469d28b2de.jpg,Normal clean mucosa,inflamed_red_surface,retained_foreign_object,0.6267,0.7224,1
1577e811d061146a.jpg,Reduced mucosal view,vascular_red_spots,low_risk_appearance,0.6379,0.7542,4
1c9e9bda4edea640.jpg,Ulcer,red_fluid_region,low_risk_appearance,0.7273,0.6723,2
a0e4fed50ee7c03b.jpg,Ileocecal valve,normal_texture,retained_foreign_object,0.5991,0.9531,4
7b773f314d69c9c4.jpg,Ileocecal valve,blurred_visibility,retained_foreign_object,0.112,0.2518,2
99d921f1a88519e8.jpg,Ileocecal valve,normal_texture,retained_foreign_object,0.4072,0.5421,3
657230e336e251e3.jpg,Pylorus,dark_blood_residue,widespread_inflammation,0.7943,0.3718,3
0eb9cd70ac5027f3.jpg,Reduced mucosal view,landmark_ring_structure,retained_foreign_object,0.2097,0.1574,1
15c1e7a8d483592a.jpg,Ulcer,foreign_object_shape,active_bleeding_visible,0.4233,0.6557,4
54329ab9f4701e1f.jpg,Ileocecal valve,raised_round_mass,large_protruding_lesion,0.2514,0.724,5
71be2172865999df.jpg,Angiectasia,raised_round_mass,deep_ulceration_pattern,0.2737,0.6238,4
bde48984a3268c63.jpg,Angiectasia,landmark_ring_structure,unclear_view_needs_review,0.1008,0.5095,4
1bdafdfdba924c1d.jpg,Reduced mucosal view,white_crater_lesion,retained_foreign_object,0.4426,0.9269,2
bd5ae4fffbe53c4f.jpg,Blood - fresh,inflamed_red_surface,low_risk_appearance,0.2891,0.7327,3
8645d8d051f58f14.jpg,Pylorus,foreign_object_shape,large_protruding_lesion,0.6561,0.8201,3
d6ccdb41fb30eaf2.jpg,Ulcer,white_crater_lesion,widespread_inflammation,0.863,0.6339,4
f28d65f53376150e.jpg,Ileocecal valve,inflamed_red_surface,active_bleeding_visible,0.6864,0.4491,2
236838a6db6488bc.jpg,Foreign body,landmark_ring_structure,suspicious_vascular_cluster,0.4438,0.6522,1
2fdabf2126494424.jpg,Ulcer,normal_texture,retained_foreign_object,0.7415,0.6103,1
de02a9335dbd3898.jpg,Foreign body,vascular_red_spots,retained_foreign_object,0.5199,0.8156,4
377d880efedc7672.jpg,Reduced mucosal view,blurred_visibility,large_protruding_lesion,0.2307,0.4308,3
c0b99dd50ae73b4c.jpg,Pylorus,vascular_red_spots,retained_foreign_object,0.5026,0.2431,4
f27ccbfa3e663906.jpg,Ileocecal valve,raised_round_mass,active_bleeding_visible,0.6151,0.6538,3
1054785d7a8560dd.jpg,Ileocecal valve,normal_texture,suspicious_vascular_cluster,0.6577,0.9425,4
4f1c6be43809c968.jpg,Ileocecal valve,normal_texture,active_bleeding_visible,0.4321,0.3731,4
6bcf4d2c6dcc56b0.jpg,Reduced mucosal view,vascular_red_spots,unclear_view_needs_review,0.1959,0.4708,4
ee8499f8b640385a.jpg,Pylorus,foreign_object_shape,suspicious_vascular_cluster,0.6144,0.1443,4
e80225edb2ee4905.jpg,Reduced mucosal view,white_crater_lesion,retained_foreign_object,0.2838,0.3405,3
530dfad280154250.jpg,Ileocecal valve,vascular_red_spots,active_bleeding_visible,0.2045,0.4607,2
3b70fea99f1c30cf.jpg,Pylorus,inflamed_red_surface,large_protruding_lesion,0.3672,0.3208,3
03272c944bd4a45b.jpg,Pylorus,normal_texture,large_protruding_lesion,0.4441,0.7859,2
bf37c04938258541.jpg,Pylorus,red_fluid_region,large_protruding_lesion,0.4009,0.9262,3
580e65edd17c2dc3.jpg,Pylorus,foreign_object_shape,deep_ulceration_pattern,0.9301,0.9115,3
2ff08750fb8a5c9a.jpg,Angiectasia,raised_round_mass,active_bleeding_visible,0.1645,0.4972,2
b7f9eb6e9679d650.jpg,Angiectasia,foreign_object_shape,deep_ulceration_pattern,0.4071,0.3298,3
c05af47d5d933bcb.jpg,Foreign body,inflamed_red_surface,unclear_view_needs_review,0.7662,0.6003,4
fe88652a5922112f.jpg,Pylorus,blurred_visibility,unclear_view_needs_review,0.7116,0.6269,2
4c07feda97b39c42.jpg,Reduced mucosal view,dark_blood_residue,large_protruding_lesion,0.3174,0.5879,3
992f177c45477adf.jpg,Reduced mucosal view,white_crater_lesion,widespread_inflammation,0.4049,0.4107,3
757169ce40526a3a.jpg,Erosion,white_crater_lesion,active_bleeding_visible,0.3416,0.212,4
ba2247d47e89056c.jpg,Erythema,red_fluid_region,suspicious_vascular_cluster,0.8227,0.5385,2
948b1785e84ecfb0.jpg,Reduced mucosal view,raised_round_mass,widespread_inflammation,0.5691,0.6972,5
b616c1e1ef3c9287.jpg,Pylorus,foreign_object_shape,active_bleeding_visible,0.2596,0.3381,3
e33010643f94e86f.jpg,Lymphangiectasia,blurred_visibility,deep_ulceration_pattern,0.7464,0.0211,3
01eae058536e85b0.jpg,Reduced mucosal view,red_fluid_region,unclear_view_needs_review,0.1237,0.7837,3
135810c979fa640a.jpg,Ulcer,inflamed_red_surface,retained_foreign_object,0.898,0.6935,4
60adee18243eef1b.jpg,Foreign body,white_crater_lesion,active_bleeding_visible,0.4489,0.2291,2
b63e399ba374eb90.jpg,Foreign body,foreign_object_shape,large_protruding_lesion,0.2647,0.3296,3
898ca44d27305383.jpg,Lymphangiectasia,white_crater_lesion,widespread_inflammation,0.4355,0.3787,2
9f734236ee4c8fe4.jpg,Angiectasia,red_fluid_region,suspicious_vascular_cluster,0.3629,0.7068,3
1b5cb9c3705df983.jpg,Ulcer,blurred_visibility,unclear_view_needs_review,0.5851,0.7713,1
b6be897f34dfe667.jpg,Pylorus,dark_blood_residue,unclear_view_needs_review,0.4331,0.6405,4
5addaf58c42da2a1.jpg,Ileocecal valve,dark_blood_residue,large_protruding_lesion,0.39,0.5908,3
345ca00159fcfe55.jpg,Ileocecal valve,raised_round_mass,active_bleeding_visible,0.797,0.5878,4
a8a60b3d478e6bd1.jpg,Ileocecal valve,normal_texture,deep_ulceration_pattern,0.5614,0.4543,3
570bacf4420e4d2a.jpg,Foreign body,normal_texture,deep_ulceration_pattern,0.2404,0.3579,3
137bd40268ac2940.jpg,Ileocecal valve,foreign_object_shape,widespread_inflammation,0.4126,0.741,3
4f3dcfde557cafff.jpg,Foreign body,blurred_visibility,unclear_view_needs_review,0.3725,0.6773,4
153eff08352f8c15.jpg,Ulcer,red_fluid_region,widespread_inflammation,0.6466,0.8438,4
39b255ba2e080270.jpg,Ileocecal valve,inflamed_red_surface,large_protruding_lesion,0.7186,0.5283,1
d0e1cae864bcec37.jpg,Ileocecal valve,landmark_ring_structure,unclear_view_needs_review,0.526,0.4693,4
2ed9edb972eb946d.jpg,Reduced mucosal view,landmark_ring_structure,active_bleeding_visible,0.2304,0.4384,2
30c16eda40d14a4a.jpg,Ileocecal valve,landmark_ring_structure,deep_ulceration_pattern,0.5834,0.2291,2
d261ece250bb8303.jpg,Ileocecal valve,red_fluid_region,deep_ulceration_pattern,0.3089,0.466,3
875e1f4b96630cc3.jpg,Ileocecal valve,normal_texture,unclear_view_needs_review,0.2901,0.4023,3
512842ffacecac0c.jpg,Blood - fresh,raised_round_mass,suspicious_vascular_cluster,0.5246,0.7375,3
50bcce335dff4fc7.jpg,Blood - fresh,red_fluid_region,unclear_view_needs_review,0.2361,0.4573,2
f652ba3513d5c908.jpg,Lymphangiectasia,blurred_visibility,widespread_inflammation,0.5271,0.2329,2
d43bc442d116e786.jpg,Lymphangiectasia,inflamed_red_surface,large_protruding_lesion,0.4658,0.6119,3
7877c29de3ccbcce.jpg,Reduced mucosal view,blurred_visibility,low_risk_appearance,0.16,0.3468,4
a184a0165296409a.jpg,Reduced mucosal view,landmark_ring_structure,retained_foreign_object,0.4276,0.5899,4
28793e9a842f154d.jpg,Reduced mucosal view,inflamed_red_surface,large_protruding_lesion,0.7185,0.7949,3
56b69831925fe4b6.jpg,Ileocecal valve,foreign_object_shape,active_bleeding_visible,0.055,0.4029,1
4a7a74b84355ee4d.jpg,Reduced mucosal view,inflamed_red_surface,unclear_view_needs_review,0.5795,0.6304,4
3cdcaab9f514c1c2.jpg,Ileocecal valve,foreign_object_shape,retained_foreign_object,0.5987,0.5741,4
c43533df57d76334.jpg,Ileocecal valve,inflamed_red_surface,retained_foreign_object,0.5841,0.6073,3
4c6a1af7c14ee4ed.jpg,Ileocecal valve,normal_texture,low_risk_appearance,0.4699,0.734,2
8e2cc57e8d914dd2.jpg,Reduced mucosal view,foreign_object_shape,retained_foreign_object,0.5944,0.3239,4
1afe42b34373cca4.jpg,Ileocecal valve,vascular_red_spots,unclear_view_needs_review,0.5652,0.7783,4
a9bd0eef31d1c7f8.jpg,Ulcer,landmark_ring_structure,deep_ulceration_pattern,0.3389,0.5357,4
807d42812add54dc.jpg,Reduced mucosal view,inflamed_red_surface,large_protruding_lesion,0.1645,0.6725,3
0439ec87be584235.jpg,Ileocecal valve,vascular_red_spots,retained_foreign_object,0.532,0.7585,1
1581d02b56b283ae.jpg,Reduced mucosal view,foreign_object_shape,active_bleeding_visible,0.3656,0.6243,1
fa341df2473dd59d.jpg,Ileocecal valve,landmark_ring_structure,active_bleeding_visible,0.8706,0.523,4
3c5c070993a29e2b.jpg,Pylorus,landmark_ring_structure,active_bleeding_visible,0.6415,0.2191,4
3e02762617b79688.jpg,Ileocecal valve,raised_round_mass,active_bleeding_visible,0.5425,0.7383,1
8cc5502e2df0639e.jpg,Foreign body,inflamed_red_surface,unclear_view_needs_review,0.5577,0.6498,2
81a25fb45b166988.jpg,Erosion,landmark_ring_structure,large_protruding_lesion,0.4834,0.4168,1
c5b3b7f514c280f4.jpg,Lymphangiectasia,white_crater_lesion,unclear_view_needs_review,0.8094,0.5664,3
5366d9d730794f2a.jpg,Ileocecal valve,normal_texture,unclear_view_needs_review,0.4187,0.922,4
896e5e59170b478d.jpg,Ulcer,landmark_ring_structure,active_bleeding_visible,0.3871,0.5378,5
f4bec656f259084d.jpg,Blood - fresh,normal_texture,deep_ulceration_pattern,0.1941,0.6954,3
07687a4f4dea51be.jpg,Angiectasia,raised_round_mass,deep_ulceration_pattern,0.2521,0.6048,1
87dc7de861f23190.jpg,Ileocecal valve,dark_blood_residue,active_bleeding_visible,0.7078,0.9235,3
07cee383c5d55549.jpg,Reduced mucosal view,normal_texture,low_risk_appearance,0.1469,0.3296,3
f44c81cc60690fe6.jpg,Foreign body,red_fluid_region,low_risk_appearance,0.6771,0.257,3
5c8e7c468908e0a9.jpg,Pylorus,blurred_visibility,large_protruding_lesion,0.2834,0.4372,1
54a937bf662b4fe3.jpg,Ileocecal valve,red_fluid_region,retained_foreign_object,0.2356,0.5762,3
0fe516e0c9d198a8.jpg,Foreign body,vascular_red_spots,retained_foreign_object,0.4737,0.3887,4
3770f4427653cbf6.jpg,Lymphangiectasia,white_crater_lesion,suspicious_vascular_cluster,0.5038,0.1899,3
745eb355e13e3da4.jpg,Ulcer,blurred_visibility,suspicious_vascular_cluster,0.4688,0.3032,3
208a2d2fac44f119.jpg,Ileocecal valve,dark_blood_residue,suspicious_vascular_cluster,0.6692,0.4555,1
d8d727a846505d86.jpg,Angiectasia,white_crater_lesion,suspicious_vascular_cluster,0.4674,0.7609,3
ecfea5c346f44697.jpg,Pylorus,blurred_visibility,widespread_inflammation,0.5435,0.3311,1
1ca4f304319fb0c4.jpg,Reduced mucosal view,normal_texture,suspicious_vascular_cluster,0.2852,0.107,4
c0cbdb186d6c4b0f.jpg,Ileocecal valve,inflamed_red_surface,large_protruding_lesion,0.9316,0.1224,5
d447a95fbf31314a.jpg,Blood - fresh,white_crater_lesion,widespread_inflammation,0.3527,0.1178,1
70db16c4c2b0df9f.jpg,Pylorus,blurred_visibility,suspicious_vascular_cluster,0.2552,0.2546,4
9cc96a64d6851941.jpg,Ulcer,vascular_red_spots,active_bleeding_visible,0.3514,0.6601,5
1f9f1bc23b0a9a75.jpg,Erosion,foreign_object_shape,deep_ulceration_pattern,0.7517,0.3647,4
9ccd66c3dbb331f5.jpg,Lymphangiectasia,vascular_red_spots,unclear_view_needs_review,0.4169,0.4147,2
a400a3468feccb92.jpg,Pylorus,white_crater_lesion,suspicious_vascular_cluster,0.2814,0.1566,2
339409bfcd0fdda3.jpg,Ileocecal valve,dark_blood_residue,suspicious_vascular_cluster,0.8962,0.3236,3
3dd3ec3e53397e6a.jpg,Ileocecal valve,vascular_red_spots,suspicious_vascular_cluster,0.6501,0.2481,3
35ed8aea4722aba3.jpg,Ileocecal valve,normal_texture,retained_foreign_object,0.4563,0.736,3
15189156684ceddb.jpg,Ileocecal valve,landmark_ring_structure,suspicious_vascular_cluster,0.9055,0.8791,3
8af56054842659ca.jpg,Ileocecal valve,blurred_visibility,suspicious_vascular_cluster,0.6407,0.3876,3
f123a346fd13d570.jpg,Erythema,white_crater_lesion,active_bleeding_visible,0.8901,0.8405,1
68432b9c2eb25a8d.jpg,Reduced mucosal view,vascular_red_spots,unclear_view_needs_review,0.2765,0.8125,2
e7a5edb1cacbb5ed.jpg,Foreign body,red_fluid_region,large_protruding_lesion,0.5382,0.1412,3
7ca0739a366bf6bb.jpg,Angiectasia,foreign_object_shape,active_bleeding_visible,0.339,0.0444,2
6fe1a200a3ff3719.jpg,Blood - fresh,inflamed_red_surface,widespread_inflammation,0.2111,0.5291,4
ecb9500bf10f53f0.jpg,Lymphangiectasia,red_fluid_region,active_bleeding_visible,0.6227,0.7217,1
92bb4aa3f4f5a456.jpg,Ulcer,inflamed_red_surface,large_protruding_lesion,0.5322,0.6768,1
8f0c2f1cad583979.jpg,Ileocecal valve,vascular_red_spots,suspicious_vascular_cluster,0.4613,0.2783,4
13627d0e4b851260.jpg,Ulcer,inflamed_red_surface,deep_ulceration_pattern,0.3557,0.2856,3
08dbe2f4efa4591e.jpg,Ileocecal valve,raised_round_mass,widespread_inflammation,0.7372,0.2639,4
ad0711960ea98bfb.jpg,Ileocecal valve,inflamed_red_surface,suspicious_vascular_cluster,0.38,0.9161,3
e3a49e40c6529049.jpg,Foreign body,blurred_visibility,low_risk_appearance,0.2602,0.284,3
d20c42ff4d853be4.jpg,Pylorus,inflamed_red_surface,widespread_inflammation,0.416,0.3453,1
4301a8ba3d3681b4.jpg,Ulcer,landmark_ring_structure,low_risk_appearance,0.6298,0.0526,2
a8bb48c33dcfa3a6.jpg,Ulcer,red_fluid_region,suspicious_vascular_cluster,0.5009,0.3023,3
659cf43217fbf15d.jpg,Pylorus,blurred_visibility,large_protruding_lesion,0.5726,0.6142,2
4e139d6338364f24.jpg,Ileocecal valve,red_fluid_region,deep_ulceration_pattern,0.1762,0.1587,4
8ed2ae19113b1428.jpg,Ulcer,inflamed_red_surface,low_risk_appearance,0.4196,0.6946,3
1c105750bee076f2.jpg,Reduced mucosal view,red_fluid_region,suspicious_vascular_cluster,0.3827,0.6151,2
ceea8561bef482dc.jpg,Foreign body,landmark_ring_structure,deep_ulceration_pattern,0.5717,0.5194,3
c05f152d357c0dc5.jpg,Reduced mucosal view,dark_blood_residue,low_risk_appearance,0.083,0.3145,3
c83c362ebd07ed18.jpg,Ileocecal valve,red_fluid_region,large_protruding_lesion,0.9229,0.5547,4
ebcebff3e8389e78.jpg,Ileocecal valve,blurred_visibility,unclear_view_needs_review,0.4065,0.704,2
6a5198e9fac9e553.jpg,Reduced mucosal view,landmark_ring_structure,active_bleeding_visible,0.2394,0.3913,3
c702892d49aa2371.jpg,Reduced mucosal view,raised_round_mass,suspicious_vascular_cluster,0.478,0.6368,3
285762077f5954d3.jpg,Ileocecal valve,normal_texture,unclear_view_needs_review,0.5474,0.3008,3
98a8a97abb41abdc.jpg,Ileocecal valve,red_fluid_region,active_bleeding_visible,0.7719,0.4464,2
b309a29c6aea98e3.jpg,Ileocecal valve,white_crater_lesion,low_risk_appearance,0.294,0.2293,2
a4d2c11adc6b240e.jpg,Ileocecal valve,red_fluid_region,large_protruding_lesion,0.6599,0.3609,2
d4c9ddb1a71e8cac.jpg,Ulcer,inflamed_red_surface,suspicious_vascular_cluster,0.8313,0.6947,5
7e0647d5f9355764.jpg,Angiectasia,dark_blood_residue,low_risk_appearance,0.712,0.2918,3
fce31cea30197dd8.jpg,Pylorus,vascular_red_spots,widespread_inflammation,0.641,0.8672,2
729cf60bd4f16143.jpg,Erosion,normal_texture,active_bleeding_visible,0.3583,0.7595,3
a3103100b3102135.jpg,Reduced mucosal view,red_fluid_region,retained_foreign_object,0.8786,0.9157,2
7971df03eeeae188.jpg,Erythema,dark_blood_residue,unclear_view_needs_review,0.6253,0.2637,3
e83e5cd675c14feb.jpg,Foreign body,normal_texture,active_bleeding_visible,0.2443,0.7995,4
e2299fe451d33624.jpg,Reduced mucosal view,blurred_visibility,retained_foreign_object,0.2876,0.4056,1
c152d8d2e540617a.jpg,Pylorus,landmark_ring_structure,retained_foreign_object,0.4145,0.4791,4
a7004e49cfd32935.jpg,Pylorus,red_fluid_region,suspicious_vascular_cluster,0.7343,0.4329,3
faa3c9e337eb126f.jpg,Pylorus,raised_round_mass,large_protruding_lesion,0.3339,0.4645,4
b73b41f55d2a70d4.jpg,Reduced mucosal view,blurred_visibility,deep_ulceration_pattern,0.684,0.6871,3
5296b83a8b374a2a.jpg,Reduced mucosal view,dark_blood_residue,suspicious_vascular_cluster,0.7925,0.4111,3
748feed069860ddd.jpg,Reduced mucosal view,vascular_red_spots,large_protruding_lesion,0.2933,0.7414,2
0f58e89b0af6cceb.jpg,Ileocecal valve,white_crater_lesion,widespread_inflammation,0.9874,0.8191,4
7726e950cdaf71cd.jpg,Lymphangiectasia,inflamed_red_surface,suspicious_vascular_cluster,0.4381,0.2723,4
5faf5ca2d9858ba2.jpg,Ileocecal valve,red_fluid_region,suspicious_vascular_cluster,0.4874,0.8058,1
d962525bc4dba9ed.jpg,Ileocecal valve,normal_texture,suspicious_vascular_cluster,0.7035,0.0259,1
0e73f2854f814203.jpg,Reduced mucosal view,white_crater_lesion,active_bleeding_visible,0.323,0.7098,2
acf7581457f8d13e.jpg,Angiectasia,blurred_visibility,widespread_inflammation,0.3474,0.3697,4
74dcf748eb0d050a.jpg,Reduced mucosal view,normal_texture,deep_ulceration_pattern,0.4637,0.6493,4
ebd916122d0eb848.jpg,Ileocecal valve,raised_round_mass,unclear_view_needs_review,0.4214,0.7347,2
27176c0133c11cc6.jpg,Lymphangiectasia,white_crater_lesion,large_protruding_lesion,0.8732,0.1737,5
78e171d8dfe6404a.jpg,Foreign body,blurred_visibility,retained_foreign_object,0.2125,0.0856,4
9e7c9c0313e02d93.jpg,Ileocecal valve,white_crater_lesion,large_protruding_lesion,0.7161,0.4334,4
08e3278919388419.jpg,Ileocecal valve,red_fluid_region,retained_foreign_object,0.5436,0.3901,3
f72ed1096b16dcaf.jpg,Ileocecal valve,dark_blood_residue,retained_foreign_object,0.4469,0.7351,5
df1e4d23b176ec09.jpg,Reduced mucosal view,landmark_ring_structure,deep_ulceration_pattern,0.1568,0.4774,3
17ebdcffb47f6584.jpg,Ileocecal valve,normal_texture,suspicious_vascular_cluster,0.1834,0.8351,1
12004da4b0c9fcb2.jpg,Reduced mucosal view,red_fluid_region,widespread_inflammation,0.5429,0.3365,3
23b40574e6cf41bc.jpg,Erosion,vascular_red_spots,retained_foreign_object,0.4023,0.2159,3
4cedda66df4b0ebc.jpg,Ileocecal valve,foreign_object_shape,widespread_inflammation,0.2641,0.3608,4
4647e783e5adaa0b.jpg,Angiectasia,vascular_red_spots,suspicious_vascular_cluster,0.2323,0.5886,3
5c0df89538f7da8e.jpg,Lymphangiectasia,raised_round_mass,deep_ulceration_pattern,0.958,0.5739,4
745ecd246619ab07.jpg,Ulcer,raised_round_mass,widespread_inflammation,0.3481,0.7263,1
0210bc661ee443ad.jpg,Reduced mucosal view,red_fluid_region,suspicious_vascular_cluster,0.2143,0.3586,2
d0aca4e4cfa7475c.jpg,Ileocecal valve,raised_round_mass,low_risk_appearance,0.8127,0.7795,3
06d3ca568ca1afa4.jpg,Reduced mucosal view,vascular_red_spots,unclear_view_needs_review,0.1368,0.212,2
f9fd1831edbb874f.jpg,Erosion,vascular_red_spots,widespread_inflammation,0.4508,0.8558,4
eadef591c9cdb962.jpg,Ileocecal valve,white_crater_lesion,large_protruding_lesion,0.4785,0.6039,2
442c095db3425b9b.jpg,Ileocecal valve,foreign_object_shape,active_bleeding_visible,0.2817,0.4935,1
c7c8bf283183609e.jpg,Reduced mucosal view,foreign_object_shape,deep_ulceration_pattern,0.5689,0.4764,3
2b752d72dd5eb0f0.jpg,Ileocecal valve,inflamed_red_surface,unclear_view_needs_review,0.8332,0.377,3
3926535186346117.jpg,Reduced mucosal view,raised_round_mass,widespread_inflammation,0.2462,0.4547,3
08be704eb3c497ff.jpg,Ileocecal valve,white_crater_lesion,widespread_inflammation,0.1693,0.2332,2
670f14434dc2bdfd.jpg,Ileocecal valve,foreign_object_shape,deep_ulceration_pattern,0.8296,0.7915,4
05ecc177560c86e3.jpg,Angiectasia,landmark_ring_structure,retained_foreign_object,0.4862,0.225,2
657cd8301a1d35aa.jpg,Ileocecal valve,foreign_object_shape,active_bleeding_visible,0.2945,0.4644,3
f4af1c646a35f9b4.jpg,Reduced mucosal view,blurred_visibility,unclear_view_needs_review,0.35,0.8687,5
37e9ab7b3c887318.jpg,Ileocecal valve,inflamed_red_surface,active_bleeding_visible,0.3766,0.6183,5
8a12dd9300ef5cb3.jpg,Foreign body,dark_blood_residue,deep_ulceration_pattern,0.6455,0.6993,5
b0de7af7a1a80548.jpg,Lymphangiectasia,vascular_red_spots,large_protruding_lesion,0.5219,0.4536,2
ae704009463ae6d8.jpg,Ileocecal valve,white_crater_lesion,suspicious_vascular_cluster,0.5116,0.8277,2
971fcad5efd37cef.jpg,Foreign body,red_fluid_region,retained_foreign_object,0.6094,0.8954,2
34c778d6559fe07b.jpg,Reduced mucosal view,landmark_ring_structure,widespread_inflammation,0.748,0.4864,2
6ced1546c8acac50.jpg,Ulcer,blurred_visibility,widespread_inflammation,0.3315,0.8238,2
5e29fe814c6eb386.jpg,Angiectasia,inflamed_red_surface,low_risk_appearance,0.6857,0.3544,4
1d36241470385b92.jpg,Pylorus,landmark_ring_structure,deep_ulceration_pattern,0.3494,0.522,3
fd3c778f2d5fc61c.jpg,Reduced mucosal view,foreign_object_shape,active_bleeding_visible,0.5971,0.7253,2
f18f7e32e2e2f33b.jpg,Reduced mucosal view,dark_blood_residue,retained_foreign_object,0.2403,0.7467,3
eb09ae88ceadeb1e.jpg,Ileocecal valve,red_fluid_region,active_bleeding_visible,0.5183,0.3092,3
e3efc58d621306d2.jpg,Ileocecal valve,landmark_ring_structure,active_bleeding_visible,0.6455,0.8037,2
a831250647c44a08.jpg,Ileocecal valve,blurred_visibility,deep_ulceration_pattern,0.2466,0.4829,5
83f792bdb58d2bd5.jpg,Ileocecal valve,landmark_ring_structure,unclear_view_needs_review,0.5681,0.1706,3
b9ae740d9d0994cf.jpg,Blood - fresh,landmark_ring_structure,retained_foreign_object,0.5422,0.573,5
a69400d187d490db.jpg,Pylorus,inflamed_red_surface,active_bleeding_visible,0.4406,0.0998,3
110bc3bc6b60d309.jpg,Ileocecal valve,foreign_object_shape,low_risk_appearance,0.6197,0.5823,2
91f029e6d211b85a.jpg,Blood - fresh,foreign_object_shape,widespread_inflammation,0.2081,0.3598,2
a41cd39695e21053.jpg,Reduced mucosal view,foreign_object_shape,retained_foreign_object,0.6101,0.6784,2
3e44680aca8e6a27.jpg,Lymphangiectasia,normal_texture,low_risk_appearance,0.3084,0.4468,2
bbfac4448fb6ece2.jpg,Reduced mucosal view,red_fluid_region,unclear_view_needs_review,0.2782,0.6899,3
70d64f1a3c5a79c7.jpg,Erythema,raised_round_mass,active_bleeding_visible,0.8365,0.4475,2
20727ef9282b817f.jpg,Ileocecal valve,white_crater_lesion,active_bleeding_visible,0.8603,0.2698,3
c7bdc0afb84a064b.jpg,Foreign body,landmark_ring_structure,suspicious_vascular_cluster,0.3782,0.7643,2
7ef76d1b6ded48de.jpg,Ileocecal valve,inflamed_red_surface,suspicious_vascular_cluster,0.3806,0.8785,2
9e83268e70b5c1c3.jpg,Reduced mucosal view,normal_texture,unclear_view_needs_review,0.3769,0.4291,5
74a3d46b20ff9a70.jpg,Reduced mucosal view,inflamed_red_surface,widespread_inflammation,0.5559,0.3854,5
286d35104a7f2a77.jpg,Ulcer,vascular_red_spots,low_risk_appearance,0.8147,0.3034,3
271b17e333b0a19b.jpg,Ileocecal valve,vascular_red_spots,widespread_inflammation,0.4093,0.5343,1
32d65db3da958e65.jpg,Ileocecal valve,red_fluid_region,unclear_view_needs_review,0.6844,0.2952,2
efb3f6c8d37db6e2.jpg,Ulcer,red_fluid_region,deep_ulceration_pattern,0.5065,0.4063,2
d274849edb16a3ec.jpg,Ileocecal valve,raised_round_mass,suspicious_vascular_cluster,0.6822,0.0849,5
6859dbcdb2d370c2.jpg,Reduced mucosal view,normal_texture,suspicious_vascular_cluster,0.5471,0.4036,2
19cb66ab86867d27.jpg,Blood - fresh,white_crater_lesion,widespread_inflammation,0.6781,0.0865,3
1c1e7900ac225a23.jpg,Reduced mucosal view,inflamed_red_surface,low_risk_appearance,0.7388,0.3898,3
bf07d9d4dc122b50.jpg,Reduced mucosal view,inflamed_red_surface,unclear_view_needs_review,0.5309,0.7451,2
e351188367e3c365.jpg,Reduced mucosal view,blurred_visibility,large_protruding_lesion,0.101,0.219,1
2094961dcd3fb7a8.jpg,Ileocecal valve,vascular_red_spots,deep_ulceration_pattern,0.3197,0.5873,2
20f912552ac8826c.jpg,Foreign body,dark_blood_residue,low_risk_appearance,0.5111,0.7516,2
5044c3158ff878f2.jpg,Angiectasia,landmark_ring_structure,large_protruding_lesion,0.7151,0.1594,1
6723f30a80fc7185.jpg,Ileocecal valve,landmark_ring_structure,retained_foreign_object,0.6502,0.3049,4
f9eb27284e167ba1.jpg,Ileocecal valve,dark_blood_residue,unclear_view_needs_review,0.7137,0.6916,5
fc48e3d5d86cd157.jpg,Ileocecal valve,white_crater_lesion,active_bleeding_visible,0.1019,0.6914,3
16b1c680853486ec.jpg,Angiectasia,foreign_object_shape,large_protruding_lesion,0.255,0.8972,3
12feeb037c045d0f.jpg,Ulcer,blurred_visibility,retained_foreign_object,0.3912,0.3506,3
542bf6e6629f9a84.jpg,Ileocecal valve,red_fluid_region,deep_ulceration_pattern,0.4275,0.5516,5
3ae1d9c2dc3aa4b1.jpg,Ileocecal valve,raised_round_mass,suspicious_vascular_cluster,0.2422,0.4141,1
f9f5fcd2d51cfe01.jpg,Reduced mucosal view,normal_texture,suspicious_vascular_cluster,0.4702,0.519,3
3af3571131885893.jpg,Lymphangiectasia,vascular_red_spots,suspicious_vascular_cluster,0.1556,0.4903,1
c89b99c6b620dcd4.jpg,Reduced mucosal view,raised_round_mass,unclear_view_needs_review,0.649,0.4185,3
779b3d0aeededb08.jpg,Lymphangiectasia,raised_round_mass,retained_foreign_object,0.1792,0.138,2
82273c152208c6bf.jpg,Ileocecal valve,normal_texture,retained_foreign_object,0.3286,0.8126,1
5119bf334be8d1b2.jpg,Ulcer,inflamed_red_surface,low_risk_appearance,0.5857,0.086,2
74abe80279230edb.jpg,Ileocecal valve,blurred_visibility,retained_foreign_object,0.796,0.6013,5
e83128b4f5013f9c.jpg,Normal clean mucosa,vascular_red_spots,unclear_view_needs_review,0.3503,0.4885,1
0dbd10a4efdaefa5.jpg,Reduced mucosal view,normal_texture,suspicious_vascular_cluster,0.6994,0.4307,1
e65b181d64462040.jpg,Reduced mucosal view,landmark_ring_structure,unclear_view_needs_review,0.7448,0.2918,3
e746cd4e5e6ab498.jpg,Ileocecal valve,vascular_red_spots,large_protruding_lesion,0.7321,0.5118,3
11a7939adcfea4c3.jpg,Angiectasia,red_fluid_region,unclear_view_needs_review,0.4413,0.5001,2
f7c606d04bb6b8c7.jpg,Pylorus,inflamed_red_surface,deep_ulceration_pattern,0.2765,0.4843,2
c3ec13c816d3df12.jpg,Reduced mucosal view,foreign_object_shape,retained_foreign_object,0.7323,0.3758,1
64cf1d9553133410.jpg,Reduced mucosal view,normal_texture,unclear_view_needs_review,0.2389,0.2183,3
1f54e8c9eec448db.jpg,Ulcer,raised_round_mass,retained_foreign_object,0.3532,0.3399,2
f60789891f04db4e.jpg,Reduced mucosal view,inflamed_red_surface,deep_ulceration_pattern,0.4334,0.8584,3
e3ec82a95ceb2c16.jpg,Ulcer,raised_round_mass,large_protruding_lesion,0.4483,0.7406,3
add62c3a0327d6a1.jpg,Ileocecal valve,blurred_visibility,unclear_view_needs_review,0.7836,0.9014,5
a3d7c62a07c722fe.jpg,Ulcer,landmark_ring_structure,unclear_view_needs_review,0.5437,0.4832,3
63e8ebef90eecbdf.jpg,Pylorus,foreign_object_shape,suspicious_vascular_cluster,0.6401,0.264,3
011dacab603bdea1.jpg,Blood - fresh,inflamed_red_surface,unclear_view_needs_review,0.1355,0.7194,4
3d7b35f62c80b6a4.jpg,Lymphangiectasia,dark_blood_residue,active_bleeding_visible,0.7362,0.3731,2
6fb10cfdeb230e47.jpg,Ileocecal valve,vascular_red_spots,unclear_view_needs_review,0.3845,0.3695,4
34cc80253964b816.jpg,Reduced mucosal view,white_crater_lesion,deep_ulceration_pattern,0.35,0.5902,4
34b246a045c9a5c5.jpg,Ileocecal valve,inflamed_red_surface,deep_ulceration_pattern,0.7772,0.1363,2
2c26051d03376134.jpg,Ileocecal valve,white_crater_lesion,large_protruding_lesion,0.1355,0.586,3
9ec408e082739b2e.jpg,Reduced mucosal view,dark_blood_residue,large_protruding_lesion,0.6882,0.2012,4
2dbd1d7abb32b6f5.jpg,Ileocecal valve,inflamed_red_surface,widespread_inflammation,0.0186,0.4692,3
d901b62744bad37d.jpg,Erythema,landmark_ring_structure,unclear_view_needs_review,0.5513,0.0718,2
bd537dec4f256136.jpg,Ileocecal valve,inflamed_red_surface,unclear_view_needs_review,0.7526,0.6733,2
69ced1ecbf71bb10.jpg,Pylorus,dark_blood_residue,widespread_inflammation,0.2412,0.2637,4
122479d140274c6a.jpg,Foreign body,white_crater_lesion,active_bleeding_visible,0.6809,0.1002,2
6bcb47d942fb7baf.jpg,Reduced mucosal view,vascular_red_spots,low_risk_appearance,0.6505,0.4227,5
532650159f4eb222.jpg,Ileocecal valve,dark_blood_residue,suspicious_vascular_cluster,0.5393,0.4348,3
f828b9766c29b6f7.jpg,Foreign body,dark_blood_residue,large_protruding_lesion,0.5518,0.6876,2
39aa78cf3cb071f0.jpg,Ileocecal valve,normal_texture,active_bleeding_visible,0.4958,0.6271,3
09ab7233c36e5b1d.jpg,Ileocecal valve,inflamed_red_surface,unclear_view_needs_review,0.3031,0.5536,1
e9ba3392b9b5711b.jpg,Pylorus,inflamed_red_surface,unclear_view_needs_review,0.7859,0.35,3
2fdd299bcf0da851.jpg,Foreign body,dark_blood_residue,suspicious_vascular_cluster,0.4802,0.3506,4
205e73e118c2219c.jpg,Reduced mucosal view,inflamed_red_surface,deep_ulceration_pattern,0.6021,0.2847,3
8e00b9ecd3e967cc.jpg,Lymphangiectasia,blurred_visibility,large_protruding_lesion,0.2348,0.5118,2
7c49d1b9dd18d22f.jpg,Blood - fresh,blurred_visibility,widespread_inflammation,0.3126,0.0419,1
963dc5e53ccf845b.jpg,Ulcer,inflamed_red_surface,large_protruding_lesion,0.5164,0.6714,3
0232f5e4799d08cf.jpg,Angiectasia,vascular_red_spots,unclear_view_needs_review,0.1725,0.2545,1
6927e950afda69f8.jpg,Pylorus,dark_blood_residue,active_bleeding_visible,0.3863,0.7816,4
a8e497ee52b62ca2.jpg,Pylorus,blurred_visibility,unclear_view_needs_review,0.1518,0.2727,4
664ccf3ba423a070.jpg,Ileocecal valve,vascular_red_spots,active_bleeding_visible,0.2526,0.6515,4
b95c9e302eef2b9c.jpg,Pylorus,vascular_red_spots,deep_ulceration_pattern,0.6481,0.5115,3
a4a3da2faa9b7b12.jpg,Reduced mucosal view,inflamed_red_surface,widespread_inflammation,0.3078,0.5974,2
2933e038db86864e.jpg,Reduced mucosal view,red_fluid_region,large_protruding_lesion,0.365,0.1764,4
a61e4ffdb3d37ab3.jpg,Reduced mucosal view,vascular_red_spots,retained_foreign_object,0.5513,0.4193,2
6dd3008e41d49633.jpg,Ileocecal valve,inflamed_red_surface,retained_foreign_object,0.6065,0.3144,2
71a6a804dc23dcc3.jpg,Polyp,white_crater_lesion,active_bleeding_visible,0.2258,0.2029,4
edf3ab7cfdcc9bfd.jpg,Ileocecal valve,blurred_visibility,active_bleeding_visible,0.3032,0.5497,3
0e1ca8da5620fd48.jpg,Ileocecal valve,inflamed_red_surface,retained_foreign_object,0.6676,0.4862,2
328dea81e7364034.jpg,Ileocecal valve,normal_texture,retained_foreign_object,0.593,0.4801,1
50a6cc1131147897.jpg,Ileocecal valve,landmark_ring_structure,retained_foreign_object,0.6448,0.5304,1
4325aea7ccdba9a3.jpg,Ileocecal valve,landmark_ring_structure,suspicious_vascular_cluster,0.7295,0.1023,4
4c0974a489d933ce.jpg,Ileocecal valve,raised_round_mass,low_risk_appearance,0.7489,0.7497,4
08dc578e82efb7ca.jpg,Ileocecal valve,vascular_red_spots,suspicious_vascular_cluster,0.4635,0.7698,4
321f7c08f70888aa.jpg,Ileocecal valve,normal_texture,large_protruding_lesion,0.4437,0.254,3
4bd316ef38e7bbd0.jpg,Ileocecal valve,dark_blood_residue,retained_foreign_object,0.6305,0.2264,5
9d5fc9e8be915e4c.jpg,Ileocecal valve,foreign_object_shape,suspicious_vascular_cluster,0.8013,0.8486,5
881111d10da57c30.jpg,Ileocecal valve,landmark_ring_structure,unclear_view_needs_review,0.5303,0.02,4
db7b640ee0b009a5.jpg,Erosion,red_fluid_region,suspicious_vascular_cluster,0.1389,0.5062,2
753bc2d826c85ee4.jpg,Erosion,normal_texture,deep_ulceration_pattern,0.735,0.9637,3
2b60d6346b84fe58.jpg,Reduced mucosal view,normal_texture,deep_ulceration_pattern,0.6117,0.4893,4
84d5efb7e2edcc0c.jpg,Lymphangiectasia,foreign_object_shape,large_protruding_lesion,0.3019,0.7418,2
d02c9f5c7b31d46e.jpg,Ileocecal valve,blurred_visibility,unclear_view_needs_review,0.3887,0.6716,1
010dc57432c8fb2f.jpg,Reduced mucosal view,raised_round_mass,large_protruding_lesion,0.0785,0.6026,2
1a3789945b2568d4.jpg,Ileocecal valve,inflamed_red_surface,low_risk_appearance,0.9721,0.8698,3
32bc5b12fe313d6b.jpg,Ileocecal valve,foreign_object_shape,deep_ulceration_pattern,0.1665,0.2828,3
1b374ccca623ca42.jpg,Ileocecal valve,foreign_object_shape,retained_foreign_object,0.5582,0.5603,2
aa5620f7428dd268.jpg,Ileocecal valve,white_crater_lesion,retained_foreign_object,0.5572,0.4432,5
998dc23fe913af94.jpg,Reduced mucosal view,white_crater_lesion,large_protruding_lesion,0.3906,0.6936,1
fb48c43c95ab0ac2.jpg,Reduced mucosal view,red_fluid_region,widespread_inflammation,0.5303,0.4423,2
2cdfb4e69f76adb8.jpg,Reduced mucosal view,inflamed_red_surface,unclear_view_needs_review,0.5209,0.8062,3
585647c5bb74c551.jpg,Ileocecal valve,white_crater_lesion,widespread_inflammation,0.8075,0.55,2
f864c1ef49a63b93.jpg,Pylorus,red_fluid_region,suspicious_vascular_cluster,0.2265,0.8567,3
d0da071252fe3e58.jpg,Ileocecal valve,dark_blood_residue,suspicious_vascular_cluster,0.6452,0.6068,4
8086a7dabe3810dd.jpg,Reduced mucosal view,landmark_ring_structure,deep_ulceration_pattern,0.3052,0.5641,4
f6128e488103d768.jpg,Ileocecal valve,dark_blood_residue,large_protruding_lesion,0.2933,0.4316,4
759bd3e900ca118f.jpg,Angiectasia,blurred_visibility,large_protruding_lesion,0.3223,0.3177,1
ff997414d94e586c.jpg,Ulcer,raised_round_mass,retained_foreign_object,0.8341,0.5239,1
1b0e6b5b33d65796.jpg,Foreign body,inflamed_red_surface,suspicious_vascular_cluster,0.59,0.6248,2
333c568922beb83e.jpg,Reduced mucosal view,red_fluid_region,unclear_view_needs_review,0.652,0.6423,2
88b099e71df6c7e1.jpg,Reduced mucosal view,raised_round_mass,active_bleeding_visible,0.4103,0.3235,1
7be654fb2ac892cd.jpg,Angiectasia,landmark_ring_structure,retained_foreign_object,0.357,0.3343,1
f8bfb770f58588f9.jpg,Ileocecal valve,blurred_visibility,widespread_inflammation,0.3064,0.6753,3
5d5a8251acb618c3.jpg,Ileocecal valve,blurred_visibility,low_risk_appearance,0.1967,0.5676,1
a353f0f8b44062ff.jpg,Reduced mucosal view,vascular_red_spots,suspicious_vascular_cluster,0.8894,0.6209,3
7786befa8d9fcee0.jpg,Reduced mucosal view,vascular_red_spots,large_protruding_lesion,0.2709,0.2105,1
fc02e12d371699a8.jpg,Reduced mucosal view,white_crater_lesion,suspicious_vascular_cluster,0.6175,0.5115,5
a095f61ceb494322.jpg,Reduced mucosal view,raised_round_mass,deep_ulceration_pattern,0.3102,0.4038,1
caf89aeb58ccfb6c.jpg,Foreign body,dark_blood_residue,widespread_inflammation,0.1602,0.5363,2
cffd428e5aacc593.jpg,Reduced mucosal view,raised_round_mass,deep_ulceration_pattern,0.5778,0.8619,3
3e4727e62f7fad5b.jpg,Angiectasia,raised_round_mass,unclear_view_needs_review,0.1324,0.2851,2
da75dcbfab5e8c04.jpg,Reduced mucosal view,dark_blood_residue,suspicious_vascular_cluster,0.6312,0.3978,3
60ba6063095c7bd8.jpg,Pylorus,raised_round_mass,deep_ulceration_pattern,0.1392,0.5702,4
19b9d3c1d2ad6456.jpg,Ileocecal valve,normal_texture,suspicious_vascular_cluster,0.7724,0.6029,4
5f5ac8328a3f19f8.jpg,Erosion,foreign_object_shape,large_protruding_lesion,0.537,0.463,1
ea4da13bb416b3d0.jpg,Ileocecal valve,red_fluid_region,active_bleeding_visible,0.2701,0.7609,3
14f4b8515b833114.jpg,Ileocecal valve,red_fluid_region,unclear_view_needs_review,0.5435,0.6226,3
596615dc9bb99eb0.jpg,Reduced mucosal view,blurred_visibility,deep_ulceration_pattern,0.2814,0.3418,3
9c1aafb087acd609.jpg,Angiectasia,normal_texture,large_protruding_lesion,0.8897,0.0732,4
916a3618bd15be48.jpg,Reduced mucosal view,inflamed_red_surface,unclear_view_needs_review,0.3887,0.395,1
c29f384be784c264.jpg,Angiectasia,raised_round_mass,deep_ulceration_pattern,0.271,0.9026,3
9d973c559f72882a.jpg,Erythema,white_crater_lesion,suspicious_vascular_cluster,0.4009,0.3375,5
be631dbeef96013c.jpg,Ileocecal valve,normal_texture,large_protruding_lesion,0.5796,0.3895,1
5354ab48f0235af7.jpg,Foreign body,raised_round_mass,deep_ulceration_pattern,0.1444,0.9542,4
63ab40e0e1f38e86.jpg,Erythema,inflamed_red_surface,active_bleeding_visible,0.7358,0.508,3
7683fa5473c8259e.jpg,Ileocecal valve,dark_blood_residue,active_bleeding_visible,0.1772,0.634,4
53d6da9b42ef6f9c.jpg,Ileocecal valve,landmark_ring_structure,widespread_inflammation,0.7819,0.69,4
f19488cd1f9cc6c2.jpg,Ileocecal valve,vascular_red_spots,low_risk_appearance,0.5996,0.3649,3
c58c6b82e98c3f52.jpg,Reduced mucosal view,red_fluid_region,deep_ulceration_pattern,0.8799,0.7166,3
ba0afe009c768822.jpg,Ulcer,red_fluid_region,suspicious_vascular_cluster,0.8426,0.513,4
4a59c2c0d9dcdd70.jpg,Reduced mucosal view,inflamed_red_surface,deep_ulceration_pattern,0.8255,0.3591,4
9cba810421520d6a.jpg,Foreign body,vascular_red_spots,deep_ulceration_pattern,0.4398,0.9101,3
753aa2ee45a682e2.jpg,Ileocecal valve,vascular_red_spots,large_protruding_lesion,0.4038,0.6317,4
462ca57e02402eca.jpg,Pylorus,dark_blood_residue,active_bleeding_visible,0.8398,0.5624,5
b8597907229847bc.jpg,Ileocecal valve,blurred_visibility,low_risk_appearance,0.9109,0.555,4
e881683a492d06f5.jpg,Reduced mucosal view,dark_blood_residue,unclear_view_needs_review,0.8064,0.7638,3
0a6415d51b5cdca8.jpg,Blood - fresh,normal_texture,active_bleeding_visible,0.7367,0.6681,2
d2af9d558945ab12.jpg,Ileocecal valve,normal_texture,unclear_view_needs_review,0.331,0.7288,1
104b18ec47e435f6.jpg,Pylorus,landmark_ring_structure,retained_foreign_object,0.3937,0.3339,3
45657befd71274e8.jpg,Lymphangiectasia,white_crater_lesion,widespread_inflammation,0.2802,0.352,4
c087a31fcdaefa7b.jpg,Pylorus,white_crater_lesion,suspicious_vascular_cluster,0.7852,0.4918,3
60f5ed19382234cf.jpg,Angiectasia,landmark_ring_structure,widespread_inflammation,0.635,0.3932,4
747eb9bc32ce78a6.jpg,Ulcer,white_crater_lesion,deep_ulceration_pattern,0.6489,0.1529,3
afa8bc24d7b1ac6a.jpg,Ileocecal valve,inflamed_red_surface,active_bleeding_visible,0.1866,0.4154,2
83088528da267cbc.jpg,Lymphangiectasia,dark_blood_residue,suspicious_vascular_cluster,0.4519,0.5755,4
99a7ddcd9904307c.jpg,Ileocecal valve,blurred_visibility,deep_ulceration_pattern,0.5392,0.4358,1
5c2084694f580d93.jpg,Ileocecal valve,vascular_red_spots,deep_ulceration_pattern,0.6644,0.413,3
873bfefec3fc3bc4.jpg,Polyp,inflamed_red_surface,suspicious_vascular_cluster,0.3676,0.3047,3
33ae8426c5c1ecb6.jpg,Ulcer,landmark_ring_structure,retained_foreign_object,0.1903,0.4007,4
142e85030f9b257a.jpg,Angiectasia,dark_blood_residue,low_risk_appearance,0.7712,0.6613,4
78dd5010f06174e4.jpg,Pylorus,landmark_ring_structure,retained_foreign_object,0.8422,0.3038,2
9a77b3e3d6ee1561.jpg,Erythema,raised_round_mass,deep_ulceration_pattern,0.8335,0.3578,4
2f3ef9789a15324a.jpg,Reduced mucosal view,inflamed_red_surface,suspicious_vascular_cluster,0.6563,0.2166,2
e7456f0723acb2ed.jpg,Reduced mucosal view,inflamed_red_surface,low_risk_appearance,0.7167,0.7123,2
ce0304f873cbef4c.jpg,Pylorus,white_crater_lesion,low_risk_appearance,0.2173,0.2548,5
248f0135d0e2329b.jpg,Foreign body,landmark_ring_structure,suspicious_vascular_cluster,0.7097,0.9651,3
5c1ab41163cae48e.jpg,Pylorus,landmark_ring_structure,large_protruding_lesion,0.8222,0.4033,5
2281d8e675d14238.jpg,Foreign body,raised_round_mass,large_protruding_lesion,0.5545,0.959,4
e26b30eb04eaac16.jpg,Lymphangiectasia,raised_round_mass,low_risk_appearance,0.5426,0.7755,2
4a73eaac3e6c22c0.jpg,Ileocecal valve,blurred_visibility,retained_foreign_object,0.6894,0.6414,3
dd7a061593ee65f0.jpg,Ileocecal valve,red_fluid_region,deep_ulceration_pattern,0.3447,0.1062,5
ad923211a4efe8d7.jpg,Pylorus,dark_blood_residue,unclear_view_needs_review,0.2989,0.3018,3
af4a21ca5333c6ff.jpg,Ileocecal valve,red_fluid_region,deep_ulceration_pattern,0.3059,0.507,2
a9055669ccbd4d57.jpg,Erosion,dark_blood_residue,unclear_view_needs_review,0.6004,0.5914,2
0c1572431c851991.jpg,Erosion,blurred_visibility,suspicious_vascular_cluster,0.7179,0.7646,1
e055d7e92cec0457.jpg,Reduced mucosal view,vascular_red_spots,retained_foreign_object,0.8327,0.0991,2
b8056bdf177372fb.jpg,Ileocecal valve,blurred_visibility,unclear_view_needs_review,0.5722,0.7839,2
fbf5fa387cb4fc2a.jpg,Ileocecal valve,vascular_red_spots,active_bleeding_visible,0.7462,0.837,4
c75d8e6ccca40711.jpg,Reduced mucosal view,white_crater_lesion,suspicious_vascular_cluster,0.7324,0.2053,3
37d0ad632fe629b9.jpg,Pylorus,raised_round_mass,unclear_view_needs_review,0.5079,0.2912,3
211e95cff6a78362.jpg,Ileocecal valve,inflamed_red_surface,suspicious_vascular_cluster,0.5258,0.7873,1
15f195b8d74e5013.jpg,Reduced mucosal view,raised_round_mass,widespread_inflammation,0.9512,0.2328,1
b0a280bf2ef72322.jpg,Reduced mucosal view,white_crater_lesion,suspicious_vascular_cluster,0.0584,0.2672,4
812dfc0b5ae0ba9e.jpg,Angiectasia,normal_texture,large_protruding_lesion,0.5706,0.3343,5
263d4c6ef0923d70.jpg,Ileocecal valve,foreign_object_shape,active_bleeding_visible,0.2763,0.9175,3
424c26ba52045107.jpg,Ileocecal valve,inflamed_red_surface,active_bleeding_visible,0.55,0.4053,2
b55a7e4a036e90fb.jpg,Reduced mucosal view,white_crater_lesion,active_bleeding_visible,0.6873,0.6678,4
012018b8b4c59707.jpg,Pylorus,foreign_object_shape,deep_ulceration_pattern,0.2751,0.1785,3
c091534302f1ce8a.jpg,Ileocecal valve,white_crater_lesion,suspicious_vascular_cluster,0.4157,0.5964,3
cf959191f59d4fca.jpg,Polyp,vascular_red_spots,suspicious_vascular_cluster,0.53,0.9362,4
a7c1ec85fa43c3bb.jpg,Ileocecal valve,blurred_visibility,unclear_view_needs_review,0.2879,0.7812,3
1d04b3695d2ae969.jpg,Reduced mucosal view,white_crater_lesion,widespread_inflammation,0.5265,0.523,3
d272b023ac58fc0c.jpg,Pylorus,dark_blood_residue,retained_foreign_object,0.4263,0.8066,3
36b90148784417db.jpg,Lymphangiectasia,blurred_visibility,retained_foreign_object,0.4979,0.4107,3
d25bc60c53eb2ddb.jpg,Foreign body,white_crater_lesion,deep_ulceration_pattern,0.0517,0.5297,2
bf913302eb1b146c.jpg,Reduced mucosal view,blurred_visibility,deep_ulceration_pattern,0.587,0.6911,2
c54269e01ffe6fb5.jpg,Ileocecal valve,normal_texture,active_bleeding_visible,0.3304,0.3505,5
e2da84f855eea2d8.jpg,Lymphangiectasia,red_fluid_region,retained_foreign_object,0.5392,0.2741,2
7b163b26c29051d3.jpg,Reduced mucosal view,normal_texture,retained_foreign_object,0.8485,0.3502,2
4031f31a5ffd46ba.jpg,Ileocecal valve,inflamed_red_surface,retained_foreign_object,0.3525,0.455,1
d1df1bd7fa70b749.jpg,Erosion,landmark_ring_structure,widespread_inflammation,0.3757,0.4327,1
bd8cc1617da83900.jpg,Ileocecal valve,inflamed_red_surface,low_risk_appearance,0.3797,0.4784,1
9198fd28682337dd.jpg,Erosion,white_crater_lesion,widespread_inflammation,0.4619,0.794,2
d314eed1b182c0df.jpg,Reduced mucosal view,normal_texture,unclear_view_needs_review,0.7761,0.2751,3
932ccadcb5f6eb4c.jpg,Reduced mucosal view,inflamed_red_surface,low_risk_appearance,0.505,0.5062,3
bc76434ca1b55843.jpg,Reduced mucosal view,blurred_visibility,low_risk_appearance,0.5642,0.5414,2
57bb7c6550647896.jpg,Angiectasia,vascular_red_spots,large_protruding_lesion,0.336,0.8623,1
8fdfb618a6183780.jpg,Angiectasia,normal_texture,low_risk_appearance,0.2298,0.2794,2
47fdba40cb02812f.jpg,Reduced mucosal view,landmark_ring_structure,deep_ulceration_pattern,0.4658,0.1604,3
64262a67e5629fa2.jpg,Erosion,inflamed_red_surface,low_risk_appearance,0.478,0.1051,3
8d46d27c6b7f9608.jpg,Angiectasia,raised_round_mass,deep_ulceration_pattern,0.3779,0.6422,3
2f7a82a983677162.jpg,Ulcer,blurred_visibility,widespread_inflammation,0.336,0.936,4
a4d447aa5f8c6de3.jpg,Reduced mucosal view,landmark_ring_structure,suspicious_vascular_cluster,0.0354,0.4795,1
995e158a7210a365.jpg,Ileocecal valve,landmark_ring_structure,suspicious_vascular_cluster,0.5265,0.4557,1
e5ef7c17b92b6364.jpg,Angiectasia,normal_texture,suspicious_vascular_cluster,0.9381,0.3693,3
feecc307cd65b493.jpg,Reduced mucosal view,red_fluid_region,widespread_inflammation,0.6109,0.7459,3
44a063d3729bf83d.jpg,Reduced mucosal view,inflamed_red_surface,deep_ulceration_pattern,0.3265,0.3848,1
73043a33b3dc5d2e.jpg,Ileocecal valve,inflamed_red_surface,large_protruding_lesion,0.2117,0.2902,4
ff166cf1e33594ca.jpg,Reduced mucosal view,landmark_ring_structure,deep_ulceration_pattern,0.5741,0.0507,1
df41d627c0872555.jpg,Erythema,raised_round_mass,deep_ulceration_pattern,0.8182,0.7146,4
ec56b541e9c124dc.jpg,Erythema,red_fluid_region,low_risk_appearance,0.7475,0.6474,4
7158db6bf88ba63f.jpg,Reduced mucosal view,blurred_visibility,active_bleeding_visible,0.6742,0.7723,2
7066f870c2ca4402.jpg,Ileocecal valve,dark_blood_residue,suspicious_vascular_cluster,0.1638,0.3833,1
17f1c5a28efb4e5e.jpg,Ileocecal valve,normal_texture,deep_ulceration_pattern,0.115,0.1652,4
ae04fbea15ff1093.jpg,Reduced mucosal view,vascular_red_spots,deep_ulceration_pattern,0.7047,0.9377,2
241324a890435f59.jpg,Foreign body,inflamed_red_surface,widespread_inflammation,0.0863,0.7845,2
5a7b73c5e7630599.jpg,Ileocecal valve,white_crater_lesion,retained_foreign_object,0.3521,0.2897,3
4a21d8d75d642353.jpg,Blood - fresh,red_fluid_region,widespread_inflammation,0.299,0.2429,1
ead079799462d916.jpg,Ileocecal valve,blurred_visibility,retained_foreign_object,0.714,0.7353,5
b182f11501804cb4.jpg,Reduced mucosal view,dark_blood_residue,active_bleeding_visible,0.6543,0.7441,3
54640df135d37060.jpg,Reduced mucosal view,landmark_ring_structure,active_bleeding_visible,0.0432,0.8672,3
54e421ac9b5c86bc.jpg,Erythema,inflamed_red_surface,unclear_view_needs_review,0.0998,0.8111,2
6aadd132db8e142b.jpg,Blood - fresh,inflamed_red_surface,active_bleeding_visible,0.4296,0.7655,3
258965ee2f7e3f8d.jpg,Pylorus,blurred_visibility,large_protruding_lesion,0.2757,0.4107,1
65d7485da50a839d.jpg,Ileocecal valve,white_crater_lesion,suspicious_vascular_cluster,0.157,0.0035,3
9b44fdd3859941ad.jpg,Reduced mucosal view,vascular_red_spots,low_risk_appearance,0.6369,0.5145,2
a62a4b0d14754557.jpg,Blood - fresh,white_crater_lesion,retained_foreign_object,0.3287,0.5425,3
bda52631d3632526.jpg,Angiectasia,blurred_visibility,widespread_inflammation,0.3666,0.5087,4
b84309134f4609d0.jpg,Reduced mucosal view,dark_blood_residue,unclear_view_needs_review,0.5917,0.2961,3
1b41cad0b8b25de3.jpg,Ulcer,dark_blood_residue,large_protruding_lesion,0.5011,0.6428,3
29969aeb7f6e71fd.jpg,Reduced mucosal view,dark_blood_residue,unclear_view_needs_review,0.3746,0.8393,2
dbd50a82225fd9d0.jpg,Reduced mucosal view,foreign_object_shape,active_bleeding_visible,0.5763,0.8679,1
f854ee432dba7f0f.jpg,Reduced mucosal view,normal_texture,low_risk_appearance,0.5128,0.5426,5
ba72aaa4c20d0be2.jpg,Angiectasia,normal_texture,deep_ulceration_pattern,0.3322,0.2038,3
9ba760021a820885.jpg,Ileocecal valve,raised_round_mass,low_risk_appearance,0.3335,0.5334,3
65a8225e99477e7f.jpg,Ileocecal valve,red_fluid_region,active_bleeding_visible,0.7393,0.2062,3
254aa0ad47941bbc.jpg,Ileocecal valve,white_crater_lesion,large_protruding_lesion,0.6132,0.6378,2
2ea90c813bb0ec8e.jpg,Pylorus,raised_round_mass,unclear_view_needs_review,0.3706,0.7513,1
bb57d320fe3073c0.jpg,Ileocecal valve,landmark_ring_structure,active_bleeding_visible,0.3815,0.4535,1
35b60e43066c0060.jpg,Angiectasia,foreign_object_shape,retained_foreign_object,0.793,0.1511,5
9b1dc56096736013.jpg,Ileocecal valve,dark_blood_residue,widespread_inflammation,0.1825,0.109,3
2dcf77134ce534e3.jpg,Ileocecal valve,white_crater_lesion,suspicious_vascular_cluster,0.3242,0.331,3
a2a39057283cde13.jpg,Ileocecal valve,white_crater_lesion,large_protruding_lesion,0.7248,0.1492,3
8ad29270ca1ec278.jpg,Ileocecal valve,landmark_ring_structure,deep_ulceration_pattern,0.6171,0.0882,1
4bd60cebddade0d9.jpg,Reduced mucosal view,inflamed_red_surface,low_risk_appearance,0.695,0.3408,1
e85522f5ca3bdefa.jpg,Ulcer,landmark_ring_structure,suspicious_vascular_cluster,0.3137,0.5764,2
fcd6484e92f28752.jpg,Reduced mucosal view,red_fluid_region,large_protruding_lesion,0.4771,0.7568,4
ac40a920b4a2e332.jpg,Pylorus,white_crater_lesion,unclear_view_needs_review,0.7377,0.6197,4
593cfc316e5de3c3.jpg,Angiectasia,red_fluid_region,active_bleeding_visible,0.885,0.4485,4
6ee86ed4aff3f7a2.jpg,Ulcer,vascular_red_spots,large_protruding_lesion,0.3979,0.8706,1
3c455d65c3c569c6.jpg,Reduced mucosal view,red_fluid_region,widespread_inflammation,0.4459,0.1723,5
c7a56359fb6e5013.jpg,Ileocecal valve,red_fluid_region,large_protruding_lesion,0.3996,0.7931,3
cf693ea8c79ce3bc.jpg,Ileocecal valve,white_crater_lesion,unclear_view_needs_review,0.3661,0.6378,3
4ec8d1fc5268899a.jpg,Ileocecal valve,white_crater_lesion,active_bleeding_visible,0.7023,0.5238,1
f86680403b051032.jpg,Ileocecal valve,dark_blood_residue,widespread_inflammation,0.392,0.4381,3
8b3beb2433b00ef5.jpg,Lymphangiectasia,landmark_ring_structure,retained_foreign_object,0.2654,0.403,2
8769edccac987fe7.jpg,Pylorus,inflamed_red_surface,widespread_inflammation,0.8333,0.5868,3
3f8e809ce7171f8e.jpg,Reduced mucosal view,blurred_visibility,low_risk_appearance,0.3884,0.5511,3
e36ed0957e11081c.jpg,Reduced mucosal view,raised_round_mass,deep_ulceration_pattern,0.258,0.1727,4
b1bd8539e99d38d9.jpg,Lymphangiectasia,inflamed_red_surface,suspicious_vascular_cluster,0.563,0.6067,2
9aa18a93bbfafbf5.jpg,Ulcer,landmark_ring_structure,retained_foreign_object,0.3378,0.3982,1
4ffb3be61086bec2.jpg,Lymphangiectasia,inflamed_red_surface,deep_ulceration_pattern,0.5229,0.7223,4
865a37a6d3a21acd.jpg,Ileocecal valve,landmark_ring_structure,deep_ulceration_pattern,0.8929,0.4397,3
8d7553cab47c17e8.jpg,Reduced mucosal view,landmark_ring_structure,unclear_view_needs_review,0.8283,0.3174,3
d74b4ed11db46f21.jpg,Blood - fresh,foreign_object_shape,unclear_view_needs_review,0.789,0.346,1
7285d3060b1b279c.jpg,Ileocecal valve,inflamed_red_surface,deep_ulceration_pattern,0.1833,0.178,3
d385bb646000351f.jpg,Ileocecal valve,red_fluid_region,large_protruding_lesion,0.6863,0.0468,4
7efbd2a2d1653e12.jpg,Blood - fresh,landmark_ring_structure,widespread_inflammation,0.8572,0.9429,4
07b4988dcbf4427a.jpg,Reduced mucosal view,foreign_object_shape,deep_ulceration_pattern,0.2333,0.5694,3
862d496baf1e6c29.jpg,Ileocecal valve,landmark_ring_structure,deep_ulceration_pattern,0.6882,0.7711,3
c30255c942827491.jpg,Reduced mucosal view,white_crater_lesion,retained_foreign_object,0.2356,0.3351,1
3a139a7e88bd4481.jpg,Pylorus,raised_round_mass,active_bleeding_visible,0.3367,0.5772,4
0b643e5fe0520358.jpg,Ileocecal valve,foreign_object_shape,low_risk_appearance,0.7128,0.4961,1
1d565ae3efa0f7cb.jpg,Pylorus,foreign_object_shape,suspicious_vascular_cluster,0.4549,0.629,3
fb9c0d97c050611e.jpg,Pylorus,vascular_red_spots,deep_ulceration_pattern,0.6493,0.338,2
592f7aa7d95c4d21.jpg,Erythema,normal_texture,retained_foreign_object,0.3067,0.4771,3
c8ca11af00558b01.jpg,Ileocecal valve,raised_round_mass,large_protruding_lesion,0.6193,0.7912,3
362e72118e3ac325.jpg,Angiectasia,white_crater_lesion,unclear_view_needs_review,0.744,0.7719,3
a10601bbaf1c1175.jpg,Pylorus,normal_texture,unclear_view_needs_review,0.9647,0.6975,4
e46b37939d7b3ff3.jpg,Ileocecal valve,dark_blood_residue,large_protruding_lesion,0.6919,0.5752,3
475fc0a3c502ef95.jpg,Ileocecal valve,foreign_object_shape,active_bleeding_visible,0.1931,0.9411,1
72fc2023d2c2883a.jpg,Pylorus,dark_blood_residue,unclear_view_needs_review,0.5114,0.3639,1
323035cc77544946.jpg,Ileocecal valve,white_crater_lesion,deep_ulceration_pattern,0.5383,0.7693,5
436e24ad335e3785.jpg,Lymphangiectasia,blurred_visibility,deep_ulceration_pattern,0.1544,0.7749,3
86c04895e8654a20.jpg,Reduced mucosal view,white_crater_lesion,deep_ulceration_pattern,0.0807,0.7144,4
e2de7469f8560665.jpg,Reduced mucosal view,white_crater_lesion,low_risk_appearance,0.5593,0.561,4
b4cdb712af60cae7.jpg,Ileocecal valve,vascular_red_spots,unclear_view_needs_review,0.5065,0.1735,5
e75d73007c87b2cf.jpg,Reduced mucosal view,normal_texture,suspicious_vascular_cluster,0.7006,0.1982,2
0627d95fd4494efb.jpg,Reduced mucosal view,inflamed_red_surface,unclear_view_needs_review,0.429,0.5277,1
21f4f8a337c629e7.jpg,Normal clean mucosa,raised_round_mass,large_protruding_lesion,0.5122,0.6873,5
0380e27b697dc5e5.jpg,Pylorus,vascular_red_spots,unclear_view_needs_review,0.87,0.5825,2
b9f8531ff46e373f.jpg,Reduced mucosal view,normal_texture,deep_ulceration_pattern,0.6827,0.4492,4
7da6e1441199ffa0.jpg,Foreign body,dark_blood_residue,widespread_inflammation,0.4459,0.543,3
1c24c26c1ca70d16.jpg,Ileocecal valve,dark_blood_residue,retained_foreign_object,0.3634,0.7147,4
9755e7071aed1439.jpg,Pylorus,vascular_red_spots,unclear_view_needs_review,0.3743,0.5869,3
1d0b70de84df164e.jpg,Reduced mucosal view,normal_texture,unclear_view_needs_review,0.0874,0.4436,4
6c3d638659647f7f.jpg,Ileocecal valve,inflamed_red_surface,unclear_view_needs_review,0.2523,0.2761,2
1a11f69e0c2b3f54.jpg,Pylorus,blurred_visibility,widespread_inflammation,0.8836,0.4898,3
794aa23eec1993d3.jpg,Lymphangiectasia,red_fluid_region,retained_foreign_object,0.16,0.3324,4
fa2f54f51c47bc67.jpg,Ileocecal valve,raised_round_mass,suspicious_vascular_cluster,0.2741,0.7557,2
7f7fe7a05b4704ea.jpg,Ileocecal valve,blurred_visibility,large_protruding_lesion,0.3764,0.2644,4
a426283ed73aec96.jpg,Reduced mucosal view,foreign_object_shape,unclear_view_needs_review,0.195,0.6942,3
b0f11e7bfb74f62a.jpg,Ulcer,red_fluid_region,active_bleeding_visible,0.5845,0.2462,3
56c2b2baec218e0e.jpg,Reduced mucosal view,normal_texture,suspicious_vascular_cluster,0.4056,0.9635,3
681caf80cf6d7735.jpg,Reduced mucosal view,red_fluid_region,retained_foreign_object,0.6561,0.7148,2
66fbb96c76fb0f39.jpg,Foreign body,foreign_object_shape,widespread_inflammation,0.4783,0.4994,1
c5e92fef85c35f75.jpg,Ileocecal valve,white_crater_lesion,active_bleeding_visible,0.1006,0.6568,3
981f3f870b1e45dc.jpg,Ulcer,vascular_red_spots,widespread_inflammation,0.4573,0.1936,3
07db46709b1c3c65.jpg,Ileocecal valve,white_crater_lesion,active_bleeding_visible,0.7904,0.83,1
f4638e62e50c1b68.jpg,Ileocecal valve,landmark_ring_structure,low_risk_appearance,0.3331,0.3237,1
6b097ca06e55e21d.jpg,Ileocecal valve,inflamed_red_surface,deep_ulceration_pattern,0.7542,0.5608,4
c8f3bc489f4e4f31.jpg,Reduced mucosal view,normal_texture,large_protruding_lesion,0.7777,0.253,3
0c6736fec8a9c32f.jpg,Reduced mucosal view,blurred_visibility,suspicious_vascular_cluster,0.6307,0.4622,4
fbd400083e931ea8.jpg,Angiectasia,foreign_object_shape,unclear_view_needs_review,0.618,0.7536,4
5f46677ba0e11504.jpg,Reduced mucosal view,inflamed_red_surface,suspicious_vascular_cluster,0.4289,0.5093,3
1ee6fb8e7a6e60cb.jpg,Ileocecal valve,dark_blood_residue,unclear_view_needs_review,0.2623,0.495,2
6c5853af0e85bf4b.jpg,Ileocecal valve,landmark_ring_structure,deep_ulceration_pattern,0.4848,0.1347,2
b49ba7a656de0ea8.jpg,Ulcer,landmark_ring_structure,suspicious_vascular_cluster,0.8961,0.1766,5
30703ed1324d1cc2.jpg,Angiectasia,inflamed_red_surface,retained_foreign_object,0.4252,0.515,2
de776540eb0edcce.jpg,Lymphangiectasia,vascular_red_spots,large_protruding_lesion,0.6649,0.412,3
6af1af9bfdc4b859.jpg,Ulcer,raised_round_mass,large_protruding_lesion,0.4262,0.7611,5
99eff53ce4e137de.jpg,Ileocecal valve,foreign_object_shape,deep_ulceration_pattern,0.5879,0.8349,4
2c292d5feb82f448.jpg,Lymphangiectasia,foreign_object_shape,large_protruding_lesion,0.6809,0.5104,4
9c10d800debb0442.jpg,Ileocecal valve,normal_texture,retained_foreign_object,0.3148,0.6461,2
8ee0b32314c9f766.jpg,Ileocecal valve,vascular_red_spots,active_bleeding_visible,0.3181,0.1916,4
ae0b9d23b45eef66.jpg,Reduced mucosal view,landmark_ring_structure,retained_foreign_object,0.6599,0.1128,1
182093ecb91468df.jpg,Angiectasia,vascular_red_spots,retained_foreign_object,0.9507,0.4261,4
1662112614cfed05.jpg,Pylorus,red_fluid_region,deep_ulceration_pattern,0.4498,0.1555,4
39ca19e2c6c876c8.jpg,Erythema,foreign_object_shape,retained_foreign_object,0.193,0.7056,1
98a0e5480ac32b69.jpg,Ulcer,blurred_visibility,widespread_inflammation,0.3495,0.1018,4
1a894b79b814bd27.jpg,Reduced mucosal view,foreign_object_shape,large_protruding_lesion,0.8229,0.8476,1
0ab2823218376c29.jpg,Blood - fresh,blurred_visibility,unclear_view_needs_review,0.2958,0.4614,2
afc1c4e289213f2c.jpg,Erosion,vascular_red_spots,deep_ulceration_pattern,0.4237,0.3992,2
83df55d6229ea2f2.jpg,Reduced mucosal view,raised_round_mass,widespread_inflammation,0.7806,0.7282,2
a15212edabbdc384.jpg,Blood - fresh,dark_blood_residue,retained_foreign_object,0.3875,0.5955,1
c0aeed72418efaf4.jpg,Normal clean mucosa,normal_texture,suspicious_vascular_cluster,0.3565,0.8444,1
26614314babad5ea.jpg,Angiectasia,blurred_visibility,unclear_view_needs_review,0.1316,0.9105,3
9830dbba3c6a200b.jpg,Pylorus,foreign_object_shape,deep_ulceration_pattern,0.5806,0.3395,2
59cb3fe0e8cd99f3.jpg,Foreign body,landmark_ring_structure,suspicious_vascular_cluster,0.3703,0.4668,2
99c947ffed885297.jpg,Reduced mucosal view,normal_texture,suspicious_vascular_cluster,0.7126,0.5846,4
47dacf06b25f2f7c.jpg,Ileocecal valve,inflamed_red_surface,widespread_inflammation,0.199,0.8537,2
0b55fcbb376220c4.jpg,Reduced mucosal view,vascular_red_spots,unclear_view_needs_review,0.4931,0.3004,1
63d3ab47eb4cbfc9.jpg,Reduced mucosal view,blurred_visibility,deep_ulceration_pattern,0.6003,0.5839,4
0b89bfa337c3d3fa.jpg,Angiectasia,red_fluid_region,unclear_view_needs_review,0.1478,0.2556,4
fb2fd0b85a420ba9.jpg,Lymphangiectasia,landmark_ring_structure,active_bleeding_visible,0.5626,0.8681,1
703bf74f94344bda.jpg,Pylorus,red_fluid_region,retained_foreign_object,0.8506,0.1211,3
4f325cca9aa21030.jpg,Ileocecal valve,dark_blood_residue,suspicious_vascular_cluster,0.8101,0.6547,2
9fe761e8ad7706df.jpg,Ileocecal valve,inflamed_red_surface,widespread_inflammation,0.9153,0.7053,2
aae2d42b81aa4f61.jpg,Reduced mucosal view,foreign_object_shape,low_risk_appearance,0.6474,0.4658,1
235e81726b428bd7.jpg,Reduced mucosal view,white_crater_lesion,widespread_inflammation,0.3817,0.9178,1
558a7784ff1e1272.jpg,Reduced mucosal view,white_crater_lesion,retained_foreign_object,0.4095,0.1885,1
7696adeab98acb9e.jpg,Ileocecal valve,vascular_red_spots,low_risk_appearance,0.1697,0.7669,4
2ab4db8fa9ba2838.jpg,Angiectasia,blurred_visibility,widespread_inflammation,0.4339,0.189,4
46c20b5e37369ba6.jpg,Ulcer,blurred_visibility,active_bleeding_visible,0.3179,0.9072,3
fa7a1534e7bc5439.jpg,Erosion,white_crater_lesion,widespread_inflammation,0.3203,0.3693,5
f0cee70e902c75a2.jpg,Ileocecal valve,raised_round_mass,widespread_inflammation,0.4049,0.3834,4
86d5a70604b5fee4.jpg,Ileocecal valve,blurred_visibility,unclear_view_needs_review,0.2216,0.6431,3
cebcb299c1c7ae74.jpg,Reduced mucosal view,inflamed_red_surface,widespread_inflammation,0.3077,0.7954,3
027caa3dbd032e6b.jpg,Lymphangiectasia,raised_round_mass,unclear_view_needs_review,0.8842,0.4236,1
584eff041293f424.jpg,Reduced mucosal view,vascular_red_spots,deep_ulceration_pattern,0.6485,0.794,4
a271331fc96f0bd6.jpg,Pylorus,normal_texture,suspicious_vascular_cluster,0.6819,0.7523,2
2dd346028749378b.jpg,Reduced mucosal view,red_fluid_region,suspicious_vascular_cluster,0.4461,0.38,3
af6b8433aaf68a51.jpg,Pylorus,vascular_red_spots,widespread_inflammation,0.3177,0.5983,4
829866b4f3e46ccd.jpg,Reduced mucosal view,blurred_visibility,widespread_inflammation,0.9147,0.651,4
4d3db23078a0da6b.jpg,Ileocecal valve,raised_round_mass,large_protruding_lesion,0.4023,0.8989,1
90e2eb1bdea2def5.jpg,Pylorus,normal_texture,widespread_inflammation,0.2263,0.7826,1
2416883ffd9a589e.jpg,Ileocecal valve,raised_round_mass,large_protruding_lesion,0.6443,0.4259,2
fec4cb24027fbfd9.jpg,Reduced mucosal view,normal_texture,active_bleeding_visible,0.4239,0.5355,4
1fe6ccd1a9a932b3.jpg,Angiectasia,foreign_object_shape,unclear_view_needs_review,0.4472,0.9679,4
92aafad6d495821a.jpg,Pylorus,landmark_ring_structure,large_protruding_lesion,0.381,0.6764,3
b4df78d07a2ec85e.jpg,Ileocecal valve,white_crater_lesion,suspicious_vascular_cluster,0.7531,0.1593,2
2cb44c6aeae003d8.jpg,Angiectasia,raised_round_mass,deep_ulceration_pattern,0.4448,0.5955,4
5af63a00de111c49.jpg,Ulcer,inflamed_red_surface,large_protruding_lesion,0.1872,0.2997,1
26ad73967867c3cc.jpg,Reduced mucosal view,white_crater_lesion,retained_foreign_object,0.4781,0.5436,3
98b8c0411187a7b6.jpg,Erosion,vascular_red_spots,suspicious_vascular_cluster,0.7328,0.1891,2
ec54d37e47f393b8.jpg,Pylorus,dark_blood_residue,large_protruding_lesion,0.6898,0.7079,4
88216fb843c8aaa8.jpg,Reduced mucosal view,foreign_object_shape,unclear_view_needs_review,0.1313,0.2126,4
ea53d2283723c259.jpg,Normal clean mucosa,white_crater_lesion,large_protruding_lesion,0.52,0.2187,2
374ec2dab377eafe.jpg,Ileocecal valve,normal_texture,retained_foreign_object,0.5563,0.7147,3
94b226f924b94de7.jpg,Ileocecal valve,raised_round_mass,suspicious_vascular_cluster,0.1887,0.9422,3
36a3011399ec6237.jpg,Lymphangiectasia,normal_texture,deep_ulceration_pattern,0.6273,0.8316,2
6925bd24163383e1.jpg,Angiectasia,foreign_object_shape,suspicious_vascular_cluster,0.5618,0.6492,4
828386167a989b9f.jpg,Blood - fresh,white_crater_lesion,active_bleeding_visible,0.9486,0.1971,4
42ad640c8126f928.jpg,Erosion,foreign_object_shape,suspicious_vascular_cluster,0.5958,0.36,4
caf42e312b6e0b6b.jpg,Ileocecal valve,red_fluid_region,suspicious_vascular_cluster,0.8187,0.706,2
fe255f4a62516b84.jpg,Pylorus,blurred_visibility,suspicious_vascular_cluster,0.2265,0.5597,3
7ae26538b1f338cf.jpg,Ulcer,raised_round_mass,active_bleeding_visible,0.1528,0.7553,2
c459b7a86767f80f.jpg,Ileocecal valve,raised_round_mass,large_protruding_lesion,0.5657,0.6181,4
e38438642f2d0b2b.jpg,Blood - fresh,dark_blood_residue,active_bleeding_visible,0.6596,0.391,3
82bb505e2c229ee7.jpg,Reduced mucosal view,red_fluid_region,active_bleeding_visible,0.6632,0.3042,2
0a1531ee20d843be.jpg,Reduced mucosal view,white_crater_lesion,retained_foreign_object,0.4027,0.2349,3
2f878c1c437681f4.jpg,Ileocecal valve,red_fluid_region,retained_foreign_object,0.7289,0.4907,3
f15685bfffa6c03b.jpg,Lymphangiectasia,landmark_ring_structure,large_protruding_lesion,0.4846,0.8628,4
bd696018b920505f.jpg,Blood - fresh,dark_blood_residue,unclear_view_needs_review,0.7172,0.3919,4
95a060e55939ef4a.jpg,Pylorus,raised_round_mass,unclear_view_needs_review,0.5882,0.2407,5
de3923fc5df9663e.jpg,Reduced mucosal view,inflamed_red_surface,suspicious_vascular_cluster,0.4726,0.5513,2
78d809e81e123ad6.jpg,Ulcer,white_crater_lesion,active_bleeding_visible,0.5155,0.5849,4
6fc60ee9b3c53a53.jpg,Ileocecal valve,dark_blood_residue,suspicious_vascular_cluster,0.8853,0.5537,4
7a801cdb68de7bf6.jpg,Ileocecal valve,raised_round_mass,large_protruding_lesion,0.3768,0.2867,1
0c975b816372b7ad.jpg,Ileocecal valve,normal_texture,deep_ulceration_pattern,0.4853,0.2311,3
96fe0db26058bbed.jpg,Pylorus,landmark_ring_structure,large_protruding_lesion,0.6218,0.8001,1
925fbde9270dd9d1.jpg,Ulcer,dark_blood_residue,deep_ulceration_pattern,0.5906,0.6182,3
09ed99e088423bc5.jpg,Blood - fresh,blurred_visibility,unclear_view_needs_review,0.6874,0.5499,3
685e2503f1c2a332.jpg,Reduced mucosal view,blurred_visibility,unclear_view_needs_review,0.4936,0.7114,5
3a877ce2596cae91.jpg,Ileocecal valve,raised_round_mass,unclear_view_needs_review,0.385,0.1849,2
242367dfaac3578e.jpg,Ileocecal valve,vascular_red_spots,deep_ulceration_pattern,0.4162,0.4901,3
7cb364988e1eb5d2.jpg,Ileocecal valve,dark_blood_residue,deep_ulceration_pattern,0.4734,0.8935,3
f304875a9fe47d4b.jpg,Ileocecal valve,blurred_visibility,retained_foreign_object,0.4539,0.4448,3
3a74cf322fb5e9be.jpg,Ulcer,raised_round_mass,unclear_view_needs_review,0.6047,0.2005,4
6237c72044b301bb.jpg,Ileocecal valve,raised_round_mass,large_protruding_lesion,0.4528,0.6331,3
d6181cbdfa97b3e7.jpg,Ileocecal valve,dark_blood_residue,suspicious_vascular_cluster,0.8807,0.4379,5
461f3f278ba068ce.jpg,Reduced mucosal view,vascular_red_spots,unclear_view_needs_review,0.503,0.568,3
3f23e6932ecec58c.jpg,Pylorus,foreign_object_shape,widespread_inflammation,0.633,0.8914,4
e0640524355865b2.jpg,Pylorus,blurred_visibility,suspicious_vascular_cluster,0.798,0.5598,3
45dd00a8d93e0bb2.jpg,Reduced mucosal view,raised_round_mass,suspicious_vascular_cluster,0.1651,0.7829,4
506494e6cd9b9332.jpg,Reduced mucosal view,vascular_red_spots,suspicious_vascular_cluster,0.1279,0.7674,1
9b721eacde03b628.jpg,Blood - fresh,dark_blood_residue,low_risk_appearance,0.39,0.6083,1
c86b4710598ce431.jpg,Ileocecal valve,raised_round_mass,widespread_inflammation,0.3894,0.551,3
c69e54cd9f3ebc56.jpg,Reduced mucosal view,inflamed_red_surface,suspicious_vascular_cluster,0.1638,0.6264,5
cfa8ab893ddfcdb1.jpg,Angiectasia,vascular_red_spots,active_bleeding_visible,0.5005,0.1884,4
75e295a3d4a04aa4.jpg,Blood - fresh,landmark_ring_structure,large_protruding_lesion,0.5591,0.7297,5
dc344461854b362e.jpg,Ulcer,landmark_ring_structure,unclear_view_needs_review,0.3391,0.4109,2
a783927270eb7775.jpg,Ileocecal valve,raised_round_mass,deep_ulceration_pattern,0.1701,0.3867,1
89d30fa5f64c4fd4.jpg,Foreign body,inflamed_red_surface,low_risk_appearance,0.2626,0.5564,3
a79c4bd0569e7a61.jpg,Lymphangiectasia,inflamed_red_surface,large_protruding_lesion,0.2448,0.656,1
bca218e8d32db992.jpg,Erosion,landmark_ring_structure,suspicious_vascular_cluster,0.235,0.1948,4
7d4847ec81806729.jpg,Reduced mucosal view,normal_texture,deep_ulceration_pattern,0.6021,0.5163,3
bbbe8cab7f18a6a1.jpg,Ileocecal valve,dark_blood_residue,widespread_inflammation,0.1862,0.8551,1
58eb5ae7be642138.jpg,Ileocecal valve,foreign_object_shape,active_bleeding_visible,0.4288,0.5092,5
1ee8968dc1286a15.jpg,Reduced mucosal view,blurred_visibility,unclear_view_needs_review,0.419,0.6374,1
9db805d84c735d24.jpg,Foreign body,foreign_object_shape,unclear_view_needs_review,0.0896,0.1679,3
480d503be4f1fb14.jpg,Reduced mucosal view,white_crater_lesion,retained_foreign_object,0.4587,0.7536,2
c5bdfac2a4a8437a.jpg,Reduced mucosal view,inflamed_red_surface,retained_foreign_object,0.3504,0.1267,3
bad8121b927cb705.jpg,Angiectasia,blurred_visibility,retained_foreign_object,0.6789,0.4317,2
7f52bd1a4070a0cb.jpg,Reduced mucosal view,white_crater_lesion,retained_foreign_object,0.2128,0.2573,3
60436b3b7ae8f611.jpg,Reduced mucosal view,blurred_visibility,retained_foreign_object,0.5564,0.8658,3
f9d88636ae0af645.jpg,Pylorus,inflamed_red_surface,suspicious_vascular_cluster,0.5253,0.3289,1
66796421c5f6fada.jpg,Ileocecal valve,raised_round_mass,unclear_view_needs_review,0.9383,0.6714,3
9588e5dc48a30964.jpg,Ileocecal valve,landmark_ring_structure,retained_foreign_object,0.7894,0.2301,5
607ce201284f0831.jpg,Erosion,raised_round_mass,deep_ulceration_pattern,0.8593,0.5969,1
20d3c9756c9f22c0.jpg,Reduced mucosal view,landmark_ring_structure,low_risk_appearance,0.0464,0.3208,2
e0c072f639b48357.jpg,Angiectasia,inflamed_red_surface,retained_foreign_object,0.5555,0.1021,3
c9d203156fdf09a7.jpg,Blood - fresh,blurred_visibility,unclear_view_needs_review,0.6127,0.8343,4
608efcd1eec5a94a.jpg,Ulcer,dark_blood_residue,widespread_inflammation,0.7463,0.9545,5
1f5d52c4eb42d6a1.jpg,Ileocecal valve,normal_texture,active_bleeding_visible,0.2652,0.8388,4
cd885f2bdce1a5c8.jpg,Reduced mucosal view,inflamed_red_surface,active_bleeding_visible,0.4873,0.7286,2
b39c09423057d0fc.jpg,Reduced mucosal view,raised_round_mass,widespread_inflammation,0.7766,0.6119,3
aa58399385c76521.jpg,Reduced mucosal view,white_crater_lesion,suspicious_vascular_cluster,0.5661,0.4405,1
c9e350f5996ffc85.jpg,Reduced mucosal view,dark_blood_residue,deep_ulceration_pattern,0.2481,0.114,3
8a0873fd39ca0cf6.jpg,Pylorus,inflamed_red_surface,unclear_view_needs_review,0.8195,0.7301,5
14625403358e2679.jpg,Ileocecal valve,foreign_object_shape,active_bleeding_visible,0.1998,0.0455,3
908d37441d2289f7.jpg,Reduced mucosal view,white_crater_lesion,large_protruding_lesion,0.4418,0.3247,3
3a4320a904d63c41.jpg,Angiectasia,vascular_red_spots,suspicious_vascular_cluster,0.5032,0.6618,4
0d65f8f6d811df59.jpg,Foreign body,inflamed_red_surface,large_protruding_lesion,0.3025,0.3774,2
f375964b4d8d08f7.jpg,Foreign body,foreign_object_shape,deep_ulceration_pattern,0.5812,0.7802,3
1e320a1f7566a0ba.jpg,Ileocecal valve,normal_texture,active_bleeding_visible,0.5555,0.2389,2
0e0d0c576528bc16.jpg,Ileocecal valve,blurred_visibility,deep_ulceration_pattern,0.8514,0.6927,2
70ff15300af0ad33.jpg,Ileocecal valve,raised_round_mass,large_protruding_lesion,0.7813,0.3129,3
dc657f961af31d46.jpg,Ileocecal valve,vascular_red_spots,deep_ulceration_pattern,0.2514,0.1927,3
99a836d0a08a831f.jpg,Ileocecal valve,normal_texture,deep_ulceration_pattern,0.6717,0.3977,4
28cd432499ec81c8.jpg,Blood - fresh,landmark_ring_structure,low_risk_appearance,0.6291,0.329,2
9b771d281937f7fe.jpg,Ileocecal valve,inflamed_red_surface,retained_foreign_object,0.7063,0.4049,2
436073ce76d190ae.jpg,Ileocecal valve,red_fluid_region,deep_ulceration_pattern,0.4156,0.7203,2
027fe9f8990fde35.jpg,Ileocecal valve,inflamed_red_surface,suspicious_vascular_cluster,0.7575,0.4889,3
a5ce317c7a0290e1.jpg,Blood - fresh,dark_blood_residue,low_risk_appearance,0.6884,0.7771,2
74c7a92f8df68f99.jpg,Pylorus,white_crater_lesion,deep_ulceration_pattern,0.3985,0.3894,2
53d28030cc7c1f8d.jpg,Ileocecal valve,inflamed_red_surface,retained_foreign_object,0.6253,0.3775,3
66c4dc1bfc5d82fd.jpg,Reduced mucosal view,normal_texture,widespread_inflammation,0.5662,0.2768,5
b8762ee3d13c99ab.jpg,Reduced mucosal view,raised_round_mass,retained_foreign_object,0.663,0.6026,5
a9a93c1c884bb894.jpg,Reduced mucosal view,normal_texture,unclear_view_needs_review,0.4671,0.4417,2
0241d2af25f0b06c.jpg,Reduced mucosal view,landmark_ring_structure,suspicious_vascular_cluster,0.5021,0.4897,4
9dcc84fe49704bb2.jpg,Normal clean mucosa,vascular_red_spots,large_protruding_lesion,0.7854,0.6586,1
91c0c9db16c4b5eb.jpg,Foreign body,white_crater_lesion,large_protruding_lesion,0.4188,0.1182,2
d7f7490aafacdccb.jpg,Angiectasia,normal_texture,unclear_view_needs_review,0.5701,0.349,4
56f80e97bdf9353f.jpg,Reduced mucosal view,dark_blood_residue,deep_ulceration_pattern,0.5789,0.3651,3
4ff2fa0e1584eee7.jpg,Ileocecal valve,normal_texture,unclear_view_needs_review,0.1285,0.4982,3
86891a084efae9bd.jpg,Foreign body,inflamed_red_surface,suspicious_vascular_cluster,0.0887,0.0777,1
bacc7f62acdb5cac.jpg,Ileocecal valve,foreign_object_shape,deep_ulceration_pattern,0.7824,0.4043,2
706d2e587de0924f.jpg,Ileocecal valve,inflamed_red_surface,retained_foreign_object,0.2002,0.1421,5
7fc3b922a23bfee5.jpg,Ileocecal valve,normal_texture,active_bleeding_visible,0.4291,0.5544,3
6cf5bea8d5e7c1fe.jpg,Ulcer,inflamed_red_surface,large_protruding_lesion,0.2401,0.4032,3
58b097b4c69e78f0.jpg,Pylorus,normal_texture,low_risk_appearance,0.1601,0.1081,2
5b49f8bb9e4f8603.jpg,Ileocecal valve,blurred_visibility,retained_foreign_object,0.4115,0.4681,4
573ab863a0bf25ab.jpg,Pylorus,normal_texture,large_protruding_lesion,0.2957,0.7374,3
173130fdd251dfb8.jpg,Reduced mucosal view,dark_blood_residue,active_bleeding_visible,0.2091,0.0507,5
5b1c2474a4c67a10.jpg,Ileocecal valve,vascular_red_spots,large_protruding_lesion,0.3721,0.5343,4
38773b98c987e401.jpg,Ileocecal valve,raised_round_mass,low_risk_appearance,0.4466,0.8048,2
cd82db0ddd5d3a60.jpg,Ileocecal valve,raised_round_mass,retained_foreign_object,0.8879,0.1164,1
a220ff77a56b12c5.jpg,Polyp,normal_texture,deep_ulceration_pattern,0.3758,0.3223,3
67d8fdfcc53fb280.jpg,Pylorus,vascular_red_spots,suspicious_vascular_cluster,0.3305,0.8773,4
849777c6dc1e7086.jpg,Ulcer,blurred_visibility,retained_foreign_object,0.7447,0.414,1
96ff24263082ba8a.jpg,Lymphangiectasia,foreign_object_shape,deep_ulceration_pattern,0.7528,0.3922,2
d76ad10e2149b1b2.jpg,Ileocecal valve,white_crater_lesion,large_protruding_lesion,0.3025,0.1504,2
e7345b4685980322.jpg,Ileocecal valve,white_crater_lesion,deep_ulceration_pattern,0.8687,0.4757,4
2190f9980fe1ae33.jpg,Reduced mucosal view,normal_texture,large_protruding_lesion,0.7668,0.3605,3
4c048adf0630cf2b.jpg,Pylorus,white_crater_lesion,low_risk_appearance,0.6903,0.9052,5
a03118e562b2946a.jpg,Ileocecal valve,dark_blood_residue,unclear_view_needs_review,0.4765,0.7153,3
d66f359570e39f02.jpg,Ileocecal valve,normal_texture,deep_ulceration_pattern,0.8062,0.6472,3
c355ea3c29fd48a4.jpg,Angiectasia,red_fluid_region,unclear_view_needs_review,0.2535,0.6915,1
43ea4a0339b1f538.jpg,Ileocecal valve,foreign_object_shape,deep_ulceration_pattern,0.1825,0.7875,4
a581fe29ac31d442.jpg,Ileocecal valve,normal_texture,unclear_view_needs_review,0.6384,0.4535,1
c2a9c79cd6f65242.jpg,Reduced mucosal view,inflamed_red_surface,unclear_view_needs_review,0.4261,0.737,1
971dc282dabe738d.jpg,Reduced mucosal view,raised_round_mass,widespread_inflammation,0.5021,0.1082,4
6e2b71622bafe38d.jpg,Erythema,vascular_red_spots,retained_foreign_object,0.6646,0.273,2
c04e3dc6fa936b22.jpg,Reduced mucosal view,foreign_object_shape,deep_ulceration_pattern,0.2299,0.3881,2
e4757b5fa3b4c97e.jpg,Foreign body,white_crater_lesion,large_protruding_lesion,0.4623,0.7085,2
3eea71787c67ceb7.jpg,Ileocecal valve,inflamed_red_surface,retained_foreign_object,0.3665,0.5762,5
82fda13bced65fd6.jpg,Ileocecal valve,normal_texture,unclear_view_needs_review,0.4158,0.8021,3
0d7082776a08c920.jpg,Ileocecal valve,vascular_red_spots,low_risk_appearance,0.2477,0.6989,3
6df0a66fd3d4e2fd.jpg,Reduced mucosal view,normal_texture,deep_ulceration_pattern,0.1836,0.8782,4
4cf9505aeb302437.jpg,Ileocecal valve,landmark_ring_structure,unclear_view_needs_review,0.2641,0.7349,1
cdaabbdae4d4539c.jpg,Pylorus,landmark_ring_structure,suspicious_vascular_cluster,0.0767,0.587,3
85db5eb1f8838631.jpg,Reduced mucosal view,inflamed_red_surface,large_protruding_lesion,0.4511,0.548,4
b8a93152559bc22d.jpg,Ileocecal valve,landmark_ring_structure,suspicious_vascular_cluster,0.4788,0.1986,2
d531bf2387461c38.jpg,Ileocecal valve,inflamed_red_surface,large_protruding_lesion,0.544,0.2722,1
922e8d379d0a3b8a.jpg,Ileocecal valve,white_crater_lesion,unclear_view_needs_review,0.8424,0.1868,4
98b6f098c490a362.jpg,Ileocecal valve,white_crater_lesion,low_risk_appearance,0.2247,0.1907,2
d0d9cff5ca46bc1c.jpg,Blood - hematin,foreign_object_shape,unclear_view_needs_review,0.5457,0.9013,2
c19d0719b7546d52.jpg,Ulcer,raised_round_mass,active_bleeding_visible,0.6247,0.3446,2
c75a96bbc4143223.jpg,Ileocecal valve,blurred_visibility,unclear_view_needs_review,0.7247,0.3508,3
cd40b534dd9d0596.jpg,Ileocecal valve,white_crater_lesion,unclear_view_needs_review,0.6845,0.4808,3
2e4ce8a937d7f5e5.jpg,Angiectasia,landmark_ring_structure,suspicious_vascular_cluster,0.5344,0.2035,2
f4e9ad0a34c1ac91.jpg,Ileocecal valve,dark_blood_residue,large_protruding_lesion,0.3592,0.1115,3
dd2e49c386e552ce.jpg,Ileocecal valve,vascular_red_spots,suspicious_vascular_cluster,0.2942,0.2427,3
a6d8ca837ffe5c11.jpg,Reduced mucosal view,normal_texture,widespread_inflammation,0.181,0.8425,2
c7781a873c2347f7.jpg,Foreign body,white_crater_lesion,large_protruding_lesion,0.6428,0.699,1
27c187d046f514a0.jpg,Ileocecal valve,raised_round_mass,suspicious_vascular_cluster,0.8128,0.8841,5
c5bfb511e71e735d.jpg,Reduced mucosal view,blurred_visibility,widespread_inflammation,0.0734,0.184,3
f020c2f3a601dc55.jpg,Ileocecal valve,foreign_object_shape,low_risk_appearance,0.2031,0.1958,1
7c4a025e3f4f7e80.jpg,Reduced mucosal view,foreign_object_shape,retained_foreign_object,0.2465,0.0497,2
7fbedb01dd28020e.jpg,Angiectasia,foreign_object_shape,large_protruding_lesion,0.139,0.7208,3
e1e4b81f890478cf.jpg,Lymphangiectasia,landmark_ring_structure,suspicious_vascular_cluster,0.8547,0.2204,2
a2df27bd800131cf.jpg,Ileocecal valve,normal_texture,unclear_view_needs_review,0.8022,0.6444,3
dbe13bbc9f130d46.jpg,Reduced mucosal view,landmark_ring_structure,unclear_view_needs_review,0.0604,0.6527,4
e6b52b3eac79a40c.jpg,Lymphangiectasia,raised_round_mass,retained_foreign_object,0.6589,0.2795,3
51a1eab13ff45f8e.jpg,Pylorus,blurred_visibility,widespread_inflammation,0.5845,0.5886,3
f7ea94520ad9bc16.jpg,Reduced mucosal view,foreign_object_shape,large_protruding_lesion,0.5247,0.4823,2
cebbbe466f78a528.jpg,Ileocecal valve,blurred_visibility,active_bleeding_visible,0.9338,0.192,1
af33a9c76ad3c1af.jpg,Ulcer,normal_texture,large_protruding_lesion,0.5592,0.3823,5
d6668d4db76c0984.jpg,Erosion,white_crater_lesion,deep_ulceration_pattern,0.5723,0.8831,4
7ac081712e1db395.jpg,Foreign body,inflamed_red_surface,low_risk_appearance,0.7524,0.5424,2
b84bcb080695aac2.jpg,Ileocecal valve,inflamed_red_surface,active_bleeding_visible,0.7177,0.5185,3
6872b9bd67124fcf.jpg,Reduced mucosal view,white_crater_lesion,retained_foreign_object,0.6957,0.7186,3
a0e3377d00f0ed87.jpg,Ulcer,normal_texture,unclear_view_needs_review,0.797,0.2583,4
a9c7adf8f4c91326.jpg,Ileocecal valve,blurred_visibility,retained_foreign_object,0.1832,0.1071,2
d45b465cab57a21d.jpg,Ileocecal valve,foreign_object_shape,widespread_inflammation,0.4491,0.2946,3
ea2b64eb484a5fc5.jpg,Foreign body,landmark_ring_structure,large_protruding_lesion,0.688,0.2785,3
946a7558e593497c.jpg,Foreign body,foreign_object_shape,large_protruding_lesion,0.498,0.5881,4
76cd29308c0492e3.jpg,Ileocecal valve,raised_round_mass,deep_ulceration_pattern,0.628,0.8733,1
0f61c30b7436e604.jpg,Reduced mucosal view,vascular_red_spots,active_bleeding_visible,0.498,0.0748,1
c5c7696c739b6756.jpg,Ileocecal valve,landmark_ring_structure,retained_foreign_object,0.4659,0.426,5
76a4184622a92df3.jpg,Ileocecal valve,inflamed_red_surface,active_bleeding_visible,0.4454,0.905,2
356e432d20ee23c4.jpg,Ileocecal valve,red_fluid_region,deep_ulceration_pattern,0.2773,0.5231,3
0ad5809d3282e819.jpg,Reduced mucosal view,landmark_ring_structure,deep_ulceration_pattern,0.2292,0.4258,3
8e43f5b479027bf5.jpg,Reduced mucosal view,red_fluid_region,widespread_inflammation,0.5777,0.5036,3
2d94cc7928a70deb.jpg,Ileocecal valve,landmark_ring_structure,suspicious_vascular_cluster,0.2909,0.5621,2
99f32ba22082ee22.jpg,Reduced mucosal view,normal_texture,large_protruding_lesion,0.3392,0.598,3
66e8f33528ebe952.jpg,Ulcer,inflamed_red_surface,large_protruding_lesion,0.2551,0.3645,4
d0482a3e8927882b.jpg,Reduced mucosal view,normal_texture,unclear_view_needs_review,0.0929,0.3649,2
451ff18580ae7440.jpg,Blood - fresh,white_crater_lesion,suspicious_vascular_cluster,0.8846,0.4345,3
ae2f739d04541e41.jpg,Foreign body,landmark_ring_structure,deep_ulceration_pattern,0.5311,0.6882,4
0dab888a8aeab187.jpg,Angiectasia,foreign_object_shape,widespread_inflammation,0.4033,0.358,1
c85140e7f2b50bd3.jpg,Ileocecal valve,vascular_red_spots,unclear_view_needs_review,0.4439,0.3031,4
3d109138935ad37d.jpg,Ileocecal valve,inflamed_red_surface,large_protruding_lesion,0.7363,0.5341,5
be7af41d4630bdea.jpg,Ileocecal valve,blurred_visibility,large_protruding_lesion,0.5305,0.4307,2
09412a5a2f5b6a62.jpg,Erosion,inflamed_red_surface,large_protruding_lesion,0.773,0.2858,2
66623469301c04a3.jpg,Angiectasia,inflamed_red_surface,retained_foreign_object,0.7036,0.5057,2
841d28963e08aa9d.jpg,Erythema,normal_texture,deep_ulceration_pattern,0.0719,0.2388,3
bc9973740efc8dd9.jpg,Angiectasia,vascular_red_spots,suspicious_vascular_cluster,0.9727,0.4673,3
ee1a489c9efe355f.jpg,Pylorus,blurred_visibility,large_protruding_lesion,0.6578,0.5574,4
87f129e2ec1f8a25.jpg,Ileocecal valve,raised_round_mass,widespread_inflammation,0.1191,0.5683,2
e524ac109de8fcf3.jpg,Angiectasia,white_crater_lesion,large_protruding_lesion,0.7869,0.7295,5
f710a04b27c85d39.jpg,Reduced mucosal view,normal_texture,large_protruding_lesion,0.5503,0.5848,1
02b905b4574bc165.jpg,Pylorus,blurred_visibility,widespread_inflammation,0.6665,0.7084,2
8b1644181a85812d.jpg,Ileocecal valve,white_crater_lesion,active_bleeding_visible,0.8008,0.2323,3
21b4662488f2ac3a.jpg,Reduced mucosal view,foreign_object_shape,large_protruding_lesion,0.5648,0.1642,2
7d6eedcfd3aec242.jpg,Pylorus,dark_blood_residue,large_protruding_lesion,0.2478,0.237,3
3593e1092d229de0.jpg,Ileocecal valve,raised_round_mass,widespread_inflammation,0.1554,0.522,4
e675f7ecea2cbfed.jpg,Reduced mucosal view,blurred_visibility,unclear_view_needs_review,0.2985,0.7335,1
9e8cc67571c09016.jpg,Pylorus,foreign_object_shape,unclear_view_needs_review,0.6537,0.1902,3
6f42e943fd2458aa.jpg,Ileocecal valve,raised_round_mass,large_protruding_lesion,0.5322,0.1651,2
2fac6455cc2cd4f5.jpg,Angiectasia,raised_round_mass,retained_foreign_object,0.449,0.8936,4
ca19b982f5228075.jpg,Blood - fresh,blurred_visibility,unclear_view_needs_review,0.5092,0.8022,1
6e717abedc62f662.jpg,Pylorus,foreign_object_shape,suspicious_vascular_cluster,0.4374,0.7966,4
8d66dcbe703c4aca.jpg,Ileocecal valve,foreign_object_shape,retained_foreign_object,0.7908,0.6582,3
ba7da2a2c5d3f784.jpg,Blood - fresh,blurred_visibility,widespread_inflammation,0.1102,0.3479,2
bf552deee9efd1ad.jpg,Polyp,red_fluid_region,retained_foreign_object,0.6172,0.8897,2
08187ffed0cec1ab.jpg,Reduced mucosal view,vascular_red_spots,suspicious_vascular_cluster,0.6745,0.1396,3
7b56ed3df80ab49c.jpg,Angiectasia,dark_blood_residue,widespread_inflammation,0.8341,0.3226,5
166bd2bf96ddf711.jpg,Foreign body,raised_round_mass,retained_foreign_object,0.6016,0.4208,3
5812a5b56f5ef9de.jpg,Foreign body,red_fluid_region,suspicious_vascular_cluster,0.2671,0.6807,2
0d65da826598c5c4.jpg,Ileocecal valve,dark_blood_residue,widespread_inflammation,0.808,0.5583,3
138f8057232ac902.jpg,Ulcer,landmark_ring_structure,low_risk_appearance,0.228,0.925,5
90897619a7799127.jpg,Ileocecal valve,dark_blood_residue,retained_foreign_object,0.839,0.4027,3
ada8356162aa0614.jpg,Reduced mucosal view,dark_blood_residue,suspicious_vascular_cluster,0.9188,0.3007,1
9517f1ffad410563.jpg,Lymphangiectasia,normal_texture,widespread_inflammation,0.6366,0.4817,2
4b910ff1b899dfad.jpg,Ileocecal valve,inflamed_red_surface,widespread_inflammation,0.1637,0.736,4
a7b9d5de22a19aec.jpg,Foreign body,blurred_visibility,retained_foreign_object,0.4005,0.7334,5
6981bb1d884e52f0.jpg,Pylorus,red_fluid_region,deep_ulceration_pattern,0.5116,0.6741,1
dc23065fd9aef64f.jpg,Ileocecal valve,raised_round_mass,suspicious_vascular_cluster,0.6456,0.3067,4
9ac414735c92c533.jpg,Pylorus,raised_round_mass,retained_foreign_object,0.6276,0.4725,1
87b49fddae8bfb9f.jpg,Ileocecal valve,inflamed_red_surface,active_bleeding_visible,0.3993,0.3814,3
f0437468b85b67f5.jpg,Foreign body,red_fluid_region,large_protruding_lesion,0.5119,0.3606,4
379b915dd6dbe5df.jpg,Ileocecal valve,foreign_object_shape,active_bleeding_visible,0.8035,0.8915,4
2ace8282b3f29616.jpg,Ulcer,red_fluid_region,suspicious_vascular_cluster,0.6568,0.3283,3
139840d19fb5b702.jpg,Ileocecal valve,red_fluid_region,deep_ulceration_pattern,0.5393,0.5876,3
492d0fc2c74b7ca7.jpg,Lymphangiectasia,inflamed_red_surface,unclear_view_needs_review,0.2888,0.7096,1
4293027a02c44030.jpg,Ileocecal valve,red_fluid_region,unclear_view_needs_review,0.3347,0.3889,2
b18cfae9821c2467.jpg,Reduced mucosal view,landmark_ring_structure,active_bleeding_visible,0.563,0.671,3
9b61dd7463432e91.jpg,Reduced mucosal view,normal_texture,deep_ulceration_pattern,0.2879,0.409,2
cbbe0693cdc39a6a.jpg,Ulcer,landmark_ring_structure,widespread_inflammation,0.3755,0.2131,1
5469976c1720a071.jpg,Ulcer,dark_blood_residue,large_protruding_lesion,0.7135,0.8634,3
5009f3d48249a32c.jpg,Angiectasia,landmark_ring_structure,deep_ulceration_pattern,0.769,0.5784,3
878cbef5d6576435.jpg,Ileocecal valve,foreign_object_shape,deep_ulceration_pattern,0.5411,0.6693,5
4b864125c2ecc48c.jpg,Foreign body,normal_texture,active_bleeding_visible,0.6715,0.6675,3
33cbe180ca67f4cc.jpg,Ileocecal valve,red_fluid_region,widespread_inflammation,0.4241,0.4897,1
46c5518c9ca0dfb8.jpg,Reduced mucosal view,raised_round_mass,low_risk_appearance,0.2769,0.7062,4
882aedd66b2c5069.jpg,Erosion,dark_blood_residue,unclear_view_needs_review,0.6196,0.6662,2
0cc1565b8abdb2e8.jpg,Ulcer,blurred_visibility,active_bleeding_visible,0.683,0.3213,4
8ae16b0739d7edf8.jpg,Ileocecal valve,vascular_red_spots,active_bleeding_visible,0.3676,0.6298,3
fd61d7ed3eb05767.jpg,Ileocecal valve,red_fluid_region,retained_foreign_object,0.1101,0.7568,2
cb03e617b46869a1.jpg,Reduced mucosal view,dark_blood_residue,large_protruding_lesion,0.5218,0.4082,1
6ec17be83b627b55.jpg,Pylorus,normal_texture,large_protruding_lesion,0.7191,0.5417,3
4bbc4142d99a5cf6.jpg,Ileocecal valve,landmark_ring_structure,retained_foreign_object,0.7448,0.6479,4
b02057c28b7f99ff.jpg,Foreign body,white_crater_lesion,unclear_view_needs_review,0.722,0.5104,4
e7efb7bd79bd697d.jpg,Ulcer,foreign_object_shape,low_risk_appearance,0.3103,0.2272,3
6955faa5c733f1ba.jpg,Angiectasia,vascular_red_spots,deep_ulceration_pattern,0.4737,0.5278,4
0a8025e34d20ce19.jpg,Reduced mucosal view,red_fluid_region,widespread_inflammation,0.1771,0.6595,3
c8e2a1ec5ef26129.jpg,Angiectasia,raised_round_mass,widespread_inflammation,0.626,0.5826,5
793f471c9e07094c.jpg,Ileocecal valve,dark_blood_residue,unclear_view_needs_review,0.3516,0.6813,2
1e68884db65777c1.jpg,Pylorus,normal_texture,large_protruding_lesion,0.4418,0.3378,4
55a11ff661fade0a.jpg,Reduced mucosal view,blurred_visibility,widespread_inflammation,0.263,0.4867,3
61baaaca4b3fb577.jpg,Ileocecal valve,dark_blood_residue,deep_ulceration_pattern,0.7161,0.4833,4
da3e397df0a39b06.jpg,Ulcer,normal_texture,large_protruding_lesion,0.5772,0.9148,3
f7f9aceb941c2c10.jpg,Reduced mucosal view,raised_round_mass,suspicious_vascular_cluster,0.3157,0.5857,1
db1bb451bf74a0f4.jpg,Ileocecal valve,normal_texture,large_protruding_lesion,0.3389,0.6215,2
4aa96e71fe009c6e.jpg,Ileocecal valve,foreign_object_shape,active_bleeding_visible,0.3671,0.2764,3
9256a8b566c56288.jpg,Ulcer,raised_round_mass,widespread_inflammation,0.4043,0.7249,2
9675b9f549dc1f8b.jpg,Ileocecal valve,blurred_visibility,unclear_view_needs_review,0.7105,0.8061,3
2789a5a366355d36.jpg,Ileocecal valve,landmark_ring_structure,retained_foreign_object,0.6293,0.7884,5
864aad0bb4c4acbf.jpg,Ileocecal valve,landmark_ring_structure,large_protruding_lesion,0.5645,0.7856,4
590cc72c6790b7b5.jpg,Reduced mucosal view,normal_texture,large_protruding_lesion,0.2662,0.5449,2
25553ab47d4c9c8f.jpg,Pylorus,raised_round_mass,widespread_inflammation,0.3969,0.1137,4
d4ded6baa9c60fa6.jpg,Erosion,inflamed_red_surface,low_risk_appearance,0.6242,0.7545,2
029f618139292ec6.jpg,Pylorus,normal_texture,widespread_inflammation,0.4894,0.6057,5
b20bd44261bed386.jpg,Angiectasia,foreign_object_shape,active_bleeding_visible,0.274,0.3876,4
51d84c61fa5dea86.jpg,Ileocecal valve,foreign_object_shape,retained_foreign_object,0.3124,0.8738,3
7d87691b55f2e727.jpg,Reduced mucosal view,vascular_red_spots,large_protruding_lesion,0.3322,0.5379,2
2f7eab6fbcd6d0f5.jpg,Lymphangiectasia,blurred_visibility,active_bleeding_visible,0.6522,0.0624,1
571c009fb155504f.jpg,Ileocecal valve,raised_round_mass,large_protruding_lesion,0.3878,0.288,3
a71e1bb816743cfe.jpg,Pylorus,dark_blood_residue,unclear_view_needs_review,0.3282,0.323,2
73a4af88b700b864.jpg,Angiectasia,inflamed_red_surface,low_risk_appearance,0.7759,0.9034,1
8982252e52dded05.jpg,Pylorus,vascular_red_spots,large_protruding_lesion,0.4588,0.546,3
22e97884bd2f1a92.jpg,Foreign body,dark_blood_residue,suspicious_vascular_cluster,0.8449,0.7004,1
e8aa0895cc99230d.jpg,Foreign body,inflamed_red_surface,active_bleeding_visible,0.3937,0.7113,3
e70b5231190df143.jpg,Ileocecal valve,landmark_ring_structure,large_protruding_lesion,0.357,0.221,4
1a87534f1c7c6106.jpg,Ileocecal valve,foreign_object_shape,deep_ulceration_pattern,0.8666,0.1405,2
a0ee1262ce3b3db8.jpg,Ileocecal valve,raised_round_mass,active_bleeding_visible,0.8792,0.7026,2
9d98dcd854369308.jpg,Reduced mucosal view,foreign_object_shape,low_risk_appearance,0.6704,0.6242,3
f9f3113be528ffea.jpg,Reduced mucosal view,red_fluid_region,widespread_inflammation,0.9739,0.139,1
d96f1cc5900078b3.jpg,Reduced mucosal view,blurred_visibility,retained_foreign_object,0.3121,0.1371,2
1cb68ac300554d66.jpg,Reduced mucosal view,normal_texture,widespread_inflammation,0.7118,0.4448,4
38735d39d9bd60d5.jpg,Ileocecal valve,red_fluid_region,active_bleeding_visible,0.3124,0.4375,5
0619d05b9b7132f7.jpg,Ulcer,raised_round_mass,unclear_view_needs_review,0.7165,0.5744,3
9bc25f58ebd77ffe.jpg,Pylorus,inflamed_red_surface,large_protruding_lesion,0.6351,0.2664,3
cf0412a79845ecb8.jpg,Ileocecal valve,blurred_visibility,suspicious_vascular_cluster,0.7695,0.2484,4
1a36da6fa1275553.jpg,Foreign body,raised_round_mass,deep_ulceration_pattern,0.779,0.4432,4
7c41f31b75a65512.jpg,Ileocecal valve,blurred_visibility,widespread_inflammation,0.0538,0.1843,3
8ba599e91560c68a.jpg,Ileocecal valve,inflamed_red_surface,deep_ulceration_pattern,0.2413,0.8954,4
885d51683caea3d9.jpg,Ileocecal valve,dark_blood_residue,unclear_view_needs_review,0.7408,0.0713,4
fcbcb4b134ad5538.jpg,Ileocecal valve,blurred_visibility,suspicious_vascular_cluster,0.5144,0.5861,4
134964d4a553fdef.jpg,Ileocecal valve,normal_texture,retained_foreign_object,0.6579,0.8976,4
d898653cabdad318.jpg,Reduced mucosal view,white_crater_lesion,suspicious_vascular_cluster,0.8191,0.7626,5
e24808ca61dd6937.jpg,Ileocecal valve,white_crater_lesion,deep_ulceration_pattern,0.4017,0.7082,4
30b3cabac8bffae5.jpg,Reduced mucosal view,blurred_visibility,suspicious_vascular_cluster,0.3954,0.3973,2
72607a644bdbd99e.jpg,Reduced mucosal view,red_fluid_region,suspicious_vascular_cluster,0.4654,0.2998,2
60d7e1c29e04d5aa.jpg,Pylorus,normal_texture,suspicious_vascular_cluster,0.5895,0.4689,5
732d6fc6482d124e.jpg,Ulcer,white_crater_lesion,deep_ulceration_pattern,0.7627,0.4923,4
9f66d7ac2b6e5dc0.jpg,Angiectasia,landmark_ring_structure,suspicious_vascular_cluster,0.3006,0.4999,2
04e624c1b64bd74c.jpg,Foreign body,inflamed_red_surface,low_risk_appearance,0.1902,0.7975,4
1a65c45fd7c622d4.jpg,Foreign body,red_fluid_region,suspicious_vascular_cluster,0.5979,0.5727,4
c98de76006aeee08.jpg,Lymphangiectasia,raised_round_mass,unclear_view_needs_review,0.7015,0.3961,4
b820caa9d14e56dc.jpg,Normal clean mucosa,blurred_visibility,large_protruding_lesion,0.508,0.368,1
46745c0d1599868d.jpg,Ileocecal valve,foreign_object_shape,retained_foreign_object,0.4491,0.6539,2
67ca33d8a655fc5c.jpg,Ileocecal valve,red_fluid_region,unclear_view_needs_review,0.3194,0.8163,3
3e7db671b8d9721d.jpg,Reduced mucosal view,raised_round_mass,large_protruding_lesion,0.3855,0.3542,3
960736b917d63eac.jpg,Ileocecal valve,landmark_ring_structure,unclear_view_needs_review,0.5989,0.6596,5
84960964b12d07db.jpg,Pylorus,white_crater_lesion,unclear_view_needs_review,0.2485,0.8402,3
db2206d075450de8.jpg,Erosion,blurred_visibility,widespread_inflammation,0.4611,0.728,1
e1d272038af342e6.jpg,Ulcer,red_fluid_region,deep_ulceration_pattern,0.6104,0.305,3
35988a7a9abe61fb.jpg,Erosion,inflamed_red_surface,retained_foreign_object,0.3343,0.3151,4
5fa56a914cc7500a.jpg,Pylorus,white_crater_lesion,unclear_view_needs_review,0.0737,0.6561,5
90768cd98eea1af6.jpg,Ileocecal valve,blurred_visibility,active_bleeding_visible,0.584,0.6157,2
f47c913a9ecf3808.jpg,Ulcer,red_fluid_region,low_risk_appearance,0.1224,0.7128,5
0bdead60da8448ed.jpg,Angiectasia,vascular_red_spots,large_protruding_lesion,0.6254,0.6064,1
0a7958782168798c.jpg,Erythema,blurred_visibility,active_bleeding_visible,0.5686,0.812,2
8218eaa5dc980ed7.jpg,Pylorus,red_fluid_region,unclear_view_needs_review,0.688,0.8009,2
4cc7ed4a5b0115a1.jpg,Pylorus,foreign_object_shape,suspicious_vascular_cluster,0.2871,0.1039,2
a33b1e29d796f4e3.jpg,Ulcer,foreign_object_shape,suspicious_vascular_cluster,0.5713,0.6813,3
f799f7162345af0a.jpg,Reduced mucosal view,blurred_visibility,large_protruding_lesion,0.6205,0.8258,4
d82a74d906a64a71.jpg,Pylorus,blurred_visibility,active_bleeding_visible,0.3998,0.2876,1
8011185fa5c48260.jpg,Pylorus,raised_round_mass,deep_ulceration_pattern,0.1062,0.5469,3
eee3ff4a956dd240.jpg,Lymphangiectasia,inflamed_red_surface,large_protruding_lesion,0.3958,0.3183,3
7d27529b0f489d3c.jpg,Ileocecal valve,landmark_ring_structure,suspicious_vascular_cluster,0.6049,0.7483,5
71525489d576783f.jpg,Ileocecal valve,blurred_visibility,large_protruding_lesion,0.2809,0.7155,3
8c6b7747c5508bf8.jpg,Reduced mucosal view,foreign_object_shape,unclear_view_needs_review,0.5362,0.2505,3
0ea07e2b84c8b958.jpg,Ileocecal valve,normal_texture,low_risk_appearance,0.6129,0.4539,2
e6b2a75727f56211.jpg,Reduced mucosal view,dark_blood_residue,widespread_inflammation,0.4535,0.6252,2
727f8f9e252ba34e.jpg,Angiectasia,vascular_red_spots,active_bleeding_visible,0.4748,0.3034,3
f370b82c71c8422b.jpg,Reduced mucosal view,white_crater_lesion,suspicious_vascular_cluster,0.1783,0.4883,5
cbbb8ccf57bb2b64.jpg,Ileocecal valve,vascular_red_spots,active_bleeding_visible,0.7233,0.8087,2
da58935a6d8d95aa.jpg,Reduced mucosal view,inflamed_red_surface,unclear_view_needs_review,0.3057,0.7733,1
72ddae5c483d74b1.jpg,Foreign body,dark_blood_residue,deep_ulceration_pattern,0.6094,0.1744,2
366006b756aac677.jpg,Reduced mucosal view,landmark_ring_structure,retained_foreign_object,0.4576,0.6312,2
cb685c2da518cdbb.jpg,Ileocecal valve,vascular_red_spots,suspicious_vascular_cluster,0.7257,0.4476,2
bd66bf84c17d4b14.jpg,Ulcer,white_crater_lesion,retained_foreign_object,0.6398,0.6823,4
13fe901f9f000a14.jpg,Ileocecal valve,red_fluid_region,low_risk_appearance,0.5937,0.107,2
2c5368539ffe70c7.jpg,Ileocecal valve,landmark_ring_structure,retained_foreign_object,0.6322,0.5597,1
8278beaf6ae1b852.jpg,Ileocecal valve,vascular_red_spots,active_bleeding_visible,0.3475,0.1393,4
68ead80e682df566.jpg,Angiectasia,landmark_ring_structure,unclear_view_needs_review,0.7901,0.39,4
0452b40970005fc8.jpg,Reduced mucosal view,dark_blood_residue,active_bleeding_visible,0.7864,0.6257,2
31a2c94bb9245114.jpg,Ileocecal valve,red_fluid_region,unclear_view_needs_review,0.2999,0.5689,5
09f227d209e3cd82.jpg,Pylorus,inflamed_red_surface,unclear_view_needs_review,0.2817,0.1333,5
2b39cea8a907d80b.jpg,Reduced mucosal view,normal_texture,suspicious_vascular_cluster,0.3874,0.5067,4
4cb4beaeff224076.jpg,Reduced mucosal view,raised_round_mass,suspicious_vascular_cluster,0.2939,0.5071,2
fabf444657c00f46.jpg,Ileocecal valve,blurred_visibility,deep_ulceration_pattern,0.4091,0.3979,4
ba8035e7c8bb6bd2.jpg,Pylorus,white_crater_lesion,active_bleeding_visible,0.1888,0.4794,3
dae5087779c03833.jpg,Ileocecal valve,landmark_ring_structure,active_bleeding_visible,0.6428,0.6934,1
7feced8fcbf5bd43.jpg,Erosion,normal_texture,retained_foreign_object,0.9228,0.6216,5
9c95d65c98d3058b.jpg,Angiectasia,dark_blood_residue,suspicious_vascular_cluster,0.6318,0.3494,4
ca48fb568e626473.jpg,Ileocecal valve,normal_texture,suspicious_vascular_cluster,0.2168,0.3731,1
9cf6527a8b2f830b.jpg,Ileocecal valve,white_crater_lesion,active_bleeding_visible,0.6182,0.1527,2
b0840611ca8cd410.jpg,Ulcer,blurred_visibility,deep_ulceration_pattern,0.6823,0.5634,5
b05b0b0859803e8f.jpg,Reduced mucosal view,foreign_object_shape,suspicious_vascular_cluster,0.5629,0.5474,2
66085622e5a81b5e.jpg,Foreign body,landmark_ring_structure,unclear_view_needs_review,0.6006,0.3268,3
b4262ea557967e9a.jpg,Erosion,raised_round_mass,suspicious_vascular_cluster,0.5889,0.5711,3
18a1a6fc0325e987.jpg,Foreign body,normal_texture,large_protruding_lesion,0.3482,0.587,2
36b86a17efae6d22.jpg,Reduced mucosal view,red_fluid_region,active_bleeding_visible,0.4714,0.7991,4
95a1a145fe2d77c5.jpg,Pylorus,raised_round_mass,active_bleeding_visible,0.0298,0.4048,4
1e8d49de1a58eb02.jpg,Ileocecal valve,raised_round_mass,retained_foreign_object,0.633,0.5518,2
8abc6f35be90c9c0.jpg,Reduced mucosal view,raised_round_mass,large_protruding_lesion,0.6684,0.3709,4
56e30affc77a816a.jpg,Reduced mucosal view,red_fluid_region,unclear_view_needs_review,0.22,0.5769,1
02f1bc073feaca89.jpg,Erythema,red_fluid_region,suspicious_vascular_cluster,0.2008,0.2834,4
9c764db54e0f6b64.jpg,Lymphangiectasia,foreign_object_shape,unclear_view_needs_review,0.3714,0.7131,3
faee9af08e941d40.jpg,Erosion,inflamed_red_surface,large_protruding_lesion,0.5579,0.373,4
9c94107a47638023.jpg,Ileocecal valve,landmark_ring_structure,large_protruding_lesion,0.9082,0.8603,2
e3439535018927bb.jpg,Pylorus,normal_texture,large_protruding_lesion,0.8629,0.8917,1
910b3a33795c0168.jpg,Foreign body,raised_round_mass,widespread_inflammation,0.6162,0.0736,4
eb817d2fd494c64f.jpg,Ileocecal valve,white_crater_lesion,retained_foreign_object,0.3605,0.3402,2
a1a851f1749ffffa.jpg,Pylorus,dark_blood_residue,suspicious_vascular_cluster,0.1892,0.2949,2
e7f97e2a65c36152.jpg,Angiectasia,raised_round_mass,deep_ulceration_pattern,0.7511,0.5525,1
5697849d687636a2.jpg,Erosion,raised_round_mass,low_risk_appearance,0.3787,0.8315,4
0ed814c19719b8dd.jpg,Lymphangiectasia,vascular_red_spots,low_risk_appearance,0.919,0.2894,4
5dd77f4ec398fb46.jpg,Blood - fresh,blurred_visibility,widespread_inflammation,0.5471,0.4103,1
481ba3978492abcc.jpg,Blood - fresh,inflamed_red_surface,deep_ulceration_pattern,0.2171,0.1114,3
8d4d9ef9ccffeb65.jpg,Ulcer,landmark_ring_structure,large_protruding_lesion,0.7879,0.6552,5
05f1104e20a60ec3.jpg,Normal clean mucosa,normal_texture,widespread_inflammation,0.6274,0.4175,4
3eb1d3fee4603524.jpg,Reduced mucosal view,normal_texture,suspicious_vascular_cluster,0.6841,0.5653,4
49940353d24b43d7.jpg,Pylorus,vascular_red_spots,unclear_view_needs_review,0.6163,0.151,3
9b9490536bed20d2.jpg,Lymphangiectasia,dark_blood_residue,retained_foreign_object,0.5406,0.8107,3
0caeb632ca82fb59.jpg,Erythema,red_fluid_region,unclear_view_needs_review,0.548,0.2136,3
708fbc9939034d4d.jpg,Ileocecal valve,inflamed_red_surface,retained_foreign_object,0.4824,0.2978,5
a1e0497cf68d0f97.jpg,Ulcer,inflamed_red_surface,large_protruding_lesion,0.538,0.5419,5
3bdd8b05dc720365.jpg,Ileocecal valve,raised_round_mass,active_bleeding_visible,0.264,0.8878,5
4b269e761727f7c3.jpg,Reduced mucosal view,blurred_visibility,active_bleeding_visible,0.3675,0.3712,3
73b6a1337d79d178.jpg,Pylorus,white_crater_lesion,large_protruding_lesion,0.4978,0.5993,5
5b4d9e2948135167.jpg,Reduced mucosal view,blurred_visibility,widespread_inflammation,0.8665,0.3964,2
c0c52d0a6b149a25.jpg,Foreign body,inflamed_red_surface,deep_ulceration_pattern,0.3345,0.3484,2
26e2801cb1174a1e.jpg,Reduced mucosal view,vascular_red_spots,unclear_view_needs_review,0.5155,0.264,1
841c8e97d758d25a.jpg,Reduced mucosal view,white_crater_lesion,deep_ulceration_pattern,0.6018,0.4306,2
8a3aa670c09ea520.jpg,Pylorus,raised_round_mass,deep_ulceration_pattern,0.8359,0.5814,3
dfb03d7e8f85c5da.jpg,Reduced mucosal view,foreign_object_shape,unclear_view_needs_review,0.4762,0.158,4
5b25ba78448ac376.jpg,Erosion,foreign_object_shape,deep_ulceration_pattern,0.3894,0.2622,3
8326750ee6fc901f.jpg,Ileocecal valve,dark_blood_residue,retained_foreign_object,0.1121,0.9314,1
1b9309d4f4db24ee.jpg,Ileocecal valve,normal_texture,deep_ulceration_pattern,0.3657,0.5529,4
55f863409e87ce76.jpg,Reduced mucosal view,blurred_visibility,widespread_inflammation,0.6402,0.6805,2
470fd981eb37fd44.jpg,Lymphangiectasia,normal_texture,low_risk_appearance,0.464,0.4399,1
964ad5c295777819.jpg,Ileocecal valve,landmark_ring_structure,widespread_inflammation,0.7304,0.8723,2
47f47a1bbbeb988b.jpg,Foreign body,blurred_visibility,large_protruding_lesion,0.3084,0.864,2
0f0e07e5fdbac379.jpg,Ileocecal valve,raised_round_mass,widespread_inflammation,0.8219,0.4745,5
c988dde98afe695d.jpg,Ileocecal valve,raised_round_mass,active_bleeding_visible,0.2349,0.2853,4
d296b6b4247dcebb.jpg,Reduced mucosal view,inflamed_red_surface,unclear_view_needs_review,0.7289,0.6557,2
ba068f17ce52356d.jpg,Reduced mucosal view,blurred_visibility,widespread_inflammation,0.6525,0.3616,1
02d187dd80fc86bb.jpg,Ileocecal valve,vascular_red_spots,suspicious_vascular_cluster,0.7293,0.5838,5
877336068e51b1ee.jpg,Ileocecal valve,white_crater_lesion,deep_ulceration_pattern,0.4925,0.376,2
6bfafc9ad17cbcf4.jpg,Ulcer,dark_blood_residue,low_risk_appearance,0.37,0.3579,4
341abe5ea5510f35.jpg,Foreign body,raised_round_mass,widespread_inflammation,0.0687,0.9623,3
036f2d3c64564f4a.jpg,Lymphangiectasia,white_crater_lesion,deep_ulceration_pattern,0.603,0.766,3
1d5b9590311f4035.jpg,Reduced mucosal view,dark_blood_residue,deep_ulceration_pattern,0.4416,0.6414,2
fe631f2c4a91282b.jpg,Ileocecal valve,normal_texture,active_bleeding_visible,0.8731,0.9529,3
6fcace265dd5430f.jpg,Reduced mucosal view,inflamed_red_surface,suspicious_vascular_cluster,0.6551,0.6362,3
f5d83b65080f9edd.jpg,Ulcer,white_crater_lesion,low_risk_appearance,0.5465,0.6242,2
664da772979cf2fa.jpg,Reduced mucosal view,white_crater_lesion,low_risk_appearance,0.5805,0.7861,1
9d641d987b171543.jpg,Pylorus,normal_texture,deep_ulceration_pattern,0.5156,0.724,1
dfa932f48360d9c8.jpg,Ileocecal valve,inflamed_red_surface,unclear_view_needs_review,0.1742,0.299,3
51a870cd10409d64.jpg,Ileocecal valve,raised_round_mass,active_bleeding_visible,0.3251,0.4225,4
3bf344d57725e530.jpg,Ileocecal valve,landmark_ring_structure,suspicious_vascular_cluster,0.8814,0.7063,3
8f087a45cbd5eff4.jpg,Ileocecal valve,red_fluid_region,low_risk_appearance,0.3531,0.5704,1
70d15c9f03c6d2eb.jpg,Foreign body,raised_round_mass,active_bleeding_visible,0.7141,0.554,5
c386286d14958405.jpg,Lymphangiectasia,white_crater_lesion,active_bleeding_visible,0.8594,0.353,1
57050490464a7ef2.jpg,Ileocecal valve,inflamed_red_surface,unclear_view_needs_review,0.8347,0.3053,4
80c3e305ce265a6c.jpg,Ileocecal valve,white_crater_lesion,active_bleeding_visible,0.0682,0.4677,2
1a8fcca135ba17b4.jpg,Foreign body,inflamed_red_surface,suspicious_vascular_cluster,0.6183,0.5419,2
52e0acdca2af3a2f.jpg,Foreign body,red_fluid_region,active_bleeding_visible,0.7735,0.3481,3
bea4736c5cd440a3.jpg,Ileocecal valve,red_fluid_region,deep_ulceration_pattern,0.7218,0.3154,3
d2fe86fa2e1909b9.jpg,Normal clean mucosa,landmark_ring_structure,deep_ulceration_pattern,0.6442,0.2827,1
b24926fdc11eb685.jpg,Ileocecal valve,red_fluid_region,low_risk_appearance,0.6424,0.2118,5
87098fb3cc381270.jpg,Reduced mucosal view,vascular_red_spots,deep_ulceration_pattern,0.5948,0.562,2
e9d2b19dfb06a7c4.jpg,Reduced mucosal view,landmark_ring_structure,retained_foreign_object,0.3074,0.9035,2
13186f6e7129ca4d.jpg,Reduced mucosal view,inflamed_red_surface,deep_ulceration_pattern,0.8756,0.1743,2
376fd770cd05335b.jpg,Reduced mucosal view,inflamed_red_surface,retained_foreign_object,0.7263,0.8996,3
a2816bc42772989d.jpg,Ileocecal valve,inflamed_red_surface,retained_foreign_object,0.2033,0.2747,2
4dc7927a29eee44e.jpg,Pylorus,raised_round_mass,large_protruding_lesion,0.3905,0.2513,3
2958a6ad3f6dc8e2.jpg,Reduced mucosal view,white_crater_lesion,deep_ulceration_pattern,0.7072,0.2951,4
6f55e475ded3ca4d.jpg,Lymphangiectasia,vascular_red_spots,unclear_view_needs_review,0.2317,0.5292,3
60bf9e7470cd6d27.jpg,Pylorus,normal_texture,unclear_view_needs_review,0.5072,0.4563,3
e52fdfd2519698ec.jpg,Ulcer,blurred_visibility,large_protruding_lesion,0.2615,0.2746,5
4269169566bbd510.jpg,Ileocecal valve,red_fluid_region,large_protruding_lesion,0.2425,0.5293,3
fa17691f5c88b4ad.jpg,Foreign body,vascular_red_spots,low_risk_appearance,0.0294,0.5779,3
78a1809e5499ef99.jpg,Ulcer,dark_blood_residue,unclear_view_needs_review,0.2579,0.136,4
beef16bfa226ede1.jpg,Ileocecal valve,dark_blood_residue,active_bleeding_visible,0.1546,0.3886,2
58c07169601ab3ef.jpg,Erosion,red_fluid_region,retained_foreign_object,0.1194,0.3737,3
018006bacaff6697.jpg,Ileocecal valve,raised_round_mass,deep_ulceration_pattern,0.0534,0.2578,5
04707c4507178c5e.jpg,Reduced mucosal view,dark_blood_residue,active_bleeding_visible,0.713,0.3483,4
b853de6e8fb0327e.jpg,Reduced mucosal view,vascular_red_spots,retained_foreign_object,0.8954,0.1593,4
bbcbb69f98abdcc6.jpg,Foreign body,normal_texture,large_protruding_lesion,0.2878,0.7613,3
54305b288a9201f0.jpg,Ileocecal valve,inflamed_red_surface,retained_foreign_object,0.4639,0.7072,2
cac67deee063f55c.jpg,Reduced mucosal view,normal_texture,deep_ulceration_pattern,0.4928,0.5761,3
7d1a18f4e6f81c91.jpg,Pylorus,inflamed_red_surface,low_risk_appearance,0.8771,0.8215,4
cf16ccea77778c58.jpg,Ileocecal valve,vascular_red_spots,unclear_view_needs_review,0.5318,0.6745,2
66d1a8ebe322af90.jpg,Ileocecal valve,red_fluid_region,active_bleeding_visible,0.7634,0.5661,4
2266f8f843d78cb8.jpg,Ileocecal valve,inflamed_red_surface,retained_foreign_object,0.8224,0.1871,1
8af1aff39ad8fc41.jpg,Ulcer,white_crater_lesion,suspicious_vascular_cluster,0.6435,0.1529,2
21ab2c45c0148f7e.jpg,Ileocecal valve,white_crater_lesion,retained_foreign_object,0.4568,0.5293,1
2389e0e99598f42b.jpg,Pylorus,inflamed_red_surface,retained_foreign_object,0.352,0.5816,2
06a6f33ef8ce7d3b.jpg,Ileocecal valve,foreign_object_shape,retained_foreign_object,0.937,0.5387,1
359fe7367f7d5e3c.jpg,Ileocecal valve,foreign_object_shape,widespread_inflammation,0.8395,0.9399,4
43bd95376cad0cd6.jpg,Reduced mucosal view,red_fluid_region,unclear_view_needs_review,0.5026,0.506,1
c5a6c02938a24d42.jpg,Ileocecal valve,normal_texture,low_risk_appearance,0.439,0.4109,3
cb6ac24575fff5a2.jpg,Ileocecal valve,red_fluid_region,retained_foreign_object,0.889,0.7989,4
941ac47128cdde6a.jpg,Ulcer,foreign_object_shape,large_protruding_lesion,0.3357,0.4952,4
11dc5e6740f55112.jpg,Reduced mucosal view,inflamed_red_surface,unclear_view_needs_review,0.3343,0.3974,2
63e24a9b0c2a8ad6.jpg,Reduced mucosal view,dark_blood_residue,widespread_inflammation,0.213,0.542,3
585321934416d497.jpg,Ileocecal valve,inflamed_red_surface,unclear_view_needs_review,0.6904,0.7749,3
47bb5ef3c02e0267.jpg,Pylorus,white_crater_lesion,suspicious_vascular_cluster,0.5702,0.4704,3
168220d1651e0cf5.jpg,Ulcer,white_crater_lesion,deep_ulceration_pattern,0.5927,0.8899,4
44096a1989f0435a.jpg,Ileocecal valve,normal_texture,large_protruding_lesion,0.659,0.2026,1
7246b74e10d50701.jpg,Pylorus,red_fluid_region,suspicious_vascular_cluster,0.3085,0.4117,3
df10b63a077722ae.jpg,Pylorus,raised_round_mass,active_bleeding_visible,0.2608,0.7791,4
79bd829003a5104d.jpg,Pylorus,landmark_ring_structure,suspicious_vascular_cluster,0.8641,0.5669,4
3f6e7be62e24b06d.jpg,Reduced mucosal view,red_fluid_region,active_bleeding_visible,0.4353,0.417,4
36a3ba64cf6cbf4c.jpg,Foreign body,normal_texture,large_protruding_lesion,0.9226,0.6512,1
6adffeeeaeb6a7d4.jpg,Foreign body,dark_blood_residue,deep_ulceration_pattern,0.2379,0.7325,5
aae85f42da628fe8.jpg,Ileocecal valve,inflamed_red_surface,large_protruding_lesion,0.5316,0.5184,5
9e33fc461278d0b9.jpg,Reduced mucosal view,landmark_ring_structure,widespread_inflammation,0.8485,0.8894,2
e1f51609f0d37204.jpg,Blood - fresh,dark_blood_residue,unclear_view_needs_review,0.5078,0.2753,2
5d616f85dccc8726.jpg,Normal clean mucosa,blurred_visibility,active_bleeding_visible,0.4007,0.46,4
25ee21e7a0de0d60.jpg,Blood - fresh,blurred_visibility,large_protruding_lesion,0.0882,0.5213,3
cda0a1d8149d782c.jpg,Ileocecal valve,dark_blood_residue,suspicious_vascular_cluster,0.2427,0.3987,3
bcd77a11096b0cb3.jpg,Reduced mucosal view,red_fluid_region,unclear_view_needs_review,0.8212,0.9487,2
fd6ae77f74bd82e8.jpg,Reduced mucosal view,dark_blood_residue,suspicious_vascular_cluster,0.8848,0.7874,2
faae49903e2bedf2.jpg,Reduced mucosal view,red_fluid_region,suspicious_vascular_cluster,0.4321,0.3883,3
5259db25dd6be10a.jpg,Foreign body,foreign_object_shape,large_protruding_lesion,0.6519,0.7466,2
a213bd791d81c803.jpg,Polyp,blurred_visibility,retained_foreign_object,0.4295,0.6328,2
edc86198d1e5be2c.jpg,Pylorus,white_crater_lesion,large_protruding_lesion,0.3085,0.7615,3
f02fb6147a630627.jpg,Ileocecal valve,normal_texture,widespread_inflammation,0.4996,0.5134,3
d5b1b46da64b62fb.jpg,Erosion,dark_blood_residue,deep_ulceration_pattern,0.3621,0.4144,2
b335ac1542fb081c.jpg,Ulcer,raised_round_mass,low_risk_appearance,0.7989,0.3673,3
360f1b8803714981.jpg,Reduced mucosal view,landmark_ring_structure,active_bleeding_visible,0.7728,0.8776,4
4cea9b33ac924631.jpg,Reduced mucosal view,inflamed_red_surface,suspicious_vascular_cluster,0.1096,0.314,2
acf725b4b04209bf.jpg,Pylorus,inflamed_red_surface,suspicious_vascular_cluster,0.3541,0.2846,2
adfbf7e31e411102.jpg,Ileocecal valve,inflamed_red_surface,suspicious_vascular_cluster,0.5818,0.7473,3
7f05b053183bf68c.jpg,Pylorus,dark_blood_residue,large_protruding_lesion,0.2208,0.8086,4
4abe7402fe4f580d.jpg,Ileocecal valve,inflamed_red_surface,retained_foreign_object,0.7631,0.6798,3
73d2a2783f985d18.jpg,Lymphangiectasia,white_crater_lesion,large_protruding_lesion,0.7043,0.4036,4
51a9cffa2cb236ba.jpg,Reduced mucosal view,vascular_red_spots,widespread_inflammation,0.8641,0.1833,2
dc024bdb773b7def.jpg,Angiectasia,raised_round_mass,large_protruding_lesion,0.7251,0.5953,3
d9c8298ce5440222.jpg,Ileocecal valve,blurred_visibility,low_risk_appearance,0.407,0.6687,5
267648ea71e30860.jpg,Ileocecal valve,red_fluid_region,active_bleeding_visible,0.5309,0.5627,3
b03f5237f72ab38a.jpg,Angiectasia,dark_blood_residue,widespread_inflammation,0.6158,0.3952,1
11b13d704edc85b9.jpg,Reduced mucosal view,foreign_object_shape,suspicious_vascular_cluster,0.6806,0.4009,1
f071c629ebf5e05a.jpg,Reduced mucosal view,vascular_red_spots,active_bleeding_visible,0.696,0.4614,1
7dd6ea3b3f81a61c.jpg,Blood - fresh,normal_texture,active_bleeding_visible,0.729,0.4977,1
849116780df74f7f.jpg,Ileocecal valve,foreign_object_shape,unclear_view_needs_review,0.5316,0.2554,3
c2562700a4351761.jpg,Ulcer,raised_round_mass,large_protruding_lesion,0.8743,0.3607,3
366ef9a5f3327cbb.jpg,Ileocecal valve,white_crater_lesion,active_bleeding_visible,0.6821,0.5684,5
7a1f3380b036d6be.jpg,Reduced mucosal view,landmark_ring_structure,deep_ulceration_pattern,0.6227,0.2797,3
f80cd664b571d057.jpg,Foreign body,white_crater_lesion,widespread_inflammation,0.6273,0.8914,3
6f685ae7a776bd02.jpg,Ileocecal valve,blurred_visibility,unclear_view_needs_review,0.3009,0.2557,2
89d9c5871cc65f9b.jpg,Reduced mucosal view,white_crater_lesion,deep_ulceration_pattern,0.7697,0.1296,2
ec456eeb06dc4cea.jpg,Reduced mucosal view,normal_texture,large_protruding_lesion,0.3367,0.7531,4
01a0cd7666af9b6f.jpg,Ileocecal valve,white_crater_lesion,deep_ulceration_pattern,0.7787,0.4115,3
d5b53a4872740c33.jpg,Reduced mucosal view,landmark_ring_structure,suspicious_vascular_cluster,0.3128,0.5109,3
9d6f242bf22ece98.jpg,Pylorus,red_fluid_region,deep_ulceration_pattern,0.1018,0.1283,3
ca10fc49d6be5b81.jpg,Ileocecal valve,inflamed_red_surface,widespread_inflammation,0.7523,0.6108,4
6d954e65b95617c5.jpg,Lymphangiectasia,raised_round_mass,deep_ulceration_pattern,0.5632,0.3072,1
c7b870332c5a3ea0.jpg,Ulcer,vascular_red_spots,deep_ulceration_pattern,0.3916,0.3206,1
d64f4ecb8a4fa202.jpg,Reduced mucosal view,normal_texture,retained_foreign_object,0.2483,0.343,3
179594a79849e5f2.jpg,Ileocecal valve,foreign_object_shape,low_risk_appearance,0.9262,0.3194,3
e853f79ca7281925.jpg,Reduced mucosal view,red_fluid_region,suspicious_vascular_cluster,0.8816,0.5031,2
3fc316447ba01572.jpg,Angiectasia,raised_round_mass,unclear_view_needs_review,0.606,0.2221,1
c1dbc071eef4cfd0.jpg,Lymphangiectasia,vascular_red_spots,large_protruding_lesion,0.6858,0.4785,2
5ed6f2f377564f3d.jpg,Reduced mucosal view,dark_blood_residue,unclear_view_needs_review,0.3776,0.7106,4
56734d1fc96e541e.jpg,Pylorus,inflamed_red_surface,deep_ulceration_pattern,0.2897,0.3869,4
b1cbf45ebbdfcf43.jpg,Foreign body,red_fluid_region,unclear_view_needs_review,0.4421,0.0336,2
78632c5cdb37dcc3.jpg,Ileocecal valve,foreign_object_shape,widespread_inflammation,0.6221,0.4962,2
b148c90318b2dd0f.jpg,Ileocecal valve,red_fluid_region,deep_ulceration_pattern,0.397,0.7287,5
faf8efa4c8f5b3e3.jpg,Ileocecal valve,normal_texture,deep_ulceration_pattern,0.5465,0.2846,2
90d1dfc12252778d.jpg,Pylorus,blurred_visibility,retained_foreign_object,0.6558,0.322,1
99be0098b9f400bf.jpg,Blood - fresh,raised_round_mass,retained_foreign_object,0.6545,0.9342,4
506ea1e2182931f9.jpg,Foreign body,foreign_object_shape,suspicious_vascular_cluster,0.4962,0.864,3
7121a11a9ca7c344.jpg,Ileocecal valve,foreign_object_shape,deep_ulceration_pattern,0.537,0.4625,3
4475bc971881496f.jpg,Ileocecal valve,red_fluid_region,retained_foreign_object,0.7395,0.4687,1
059fb2b036610156.jpg,Angiectasia,white_crater_lesion,large_protruding_lesion,0.3144,0.2783,2
8e512d9da217ce1a.jpg,Ileocecal valve,landmark_ring_structure,suspicious_vascular_cluster,0.9349,0.701,1
fb66f21cdc146aab.jpg,Blood - fresh,raised_round_mass,active_bleeding_visible,0.6417,0.5728,5
33b8c1ac9788ee5a.jpg,Ileocecal valve,blurred_visibility,active_bleeding_visible,0.3781,0.7178,2
7b11d7941e23550c.jpg,Ileocecal valve,raised_round_mass,unclear_view_needs_review,0.5364,0.1415,3
a785ed1b2abf330f.jpg,Reduced mucosal view,white_crater_lesion,unclear_view_needs_review,0.5775,0.3317,3
2548bc5e72bfbb4d.jpg,Pylorus,blurred_visibility,large_protruding_lesion,0.2827,0.8763,2
c6640f762e6f1000.jpg,Ulcer,dark_blood_residue,retained_foreign_object,0.7177,0.9082,5
d9589ba56951f3e9.jpg,Ileocecal valve,vascular_red_spots,deep_ulceration_pattern,0.554,0.3208,2
3689d869947f78e9.jpg,Ileocecal valve,landmark_ring_structure,unclear_view_needs_review,0.4481,0.6532,4
059709b4bc70b253.jpg,Ileocecal valve,dark_blood_residue,retained_foreign_object,0.7869,0.7602,1
b8995cedcb284069.jpg,Erosion,dark_blood_residue,retained_foreign_object,0.8238,0.5462,3
d5c59a17dcf4f38e.jpg,Ulcer,white_crater_lesion,active_bleeding_visible,0.398,0.3927,3
cfb6ee3f3fcfd724.jpg,Pylorus,normal_texture,active_bleeding_visible,0.8278,0.539,2
f8ea0c27152bfe62.jpg,Ulcer,raised_round_mass,large_protruding_lesion,0.1842,0.1927,3
ffaaa5cb291c3f3a.jpg,Ileocecal valve,blurred_visibility,unclear_view_needs_review,0.8287,0.5118,3
9900c78009810f46.jpg,Angiectasia,blurred_visibility,unclear_view_needs_review,0.4011,0.2068,3
8da67e17f9599457.jpg,Foreign body,blurred_visibility,low_risk_appearance,0.5747,0.5395,4
5032a513a271574c.jpg,Lymphangiectasia,red_fluid_region,large_protruding_lesion,0.6883,0.7398,4
794914363fdaafce.jpg,Ileocecal valve,landmark_ring_structure,widespread_inflammation,0.4149,0.3282,3
69711d6e58f23b7a.jpg,Ileocecal valve,dark_blood_residue,large_protruding_lesion,0.4978,0.2365,4
568dec548d13a14a.jpg,Ileocecal valve,inflamed_red_surface,active_bleeding_visible,0.7507,0.8108,3
66b90ae43385b41f.jpg,Ileocecal valve,normal_texture,large_protruding_lesion,0.8322,0.5252,3
b83b282d5f431415.jpg,Ulcer,vascular_red_spots,retained_foreign_object,0.7492,0.2253,5
e6419c8b0cafe830.jpg,Angiectasia,white_crater_lesion,active_bleeding_visible,0.1607,0.9162,1
9502f5a206c5d18a.jpg,Ileocecal valve,foreign_object_shape,widespread_inflammation,0.4937,0.4988,1
7850f8d9046263ef.jpg,Ileocecal valve,raised_round_mass,widespread_inflammation,0.2523,0.3865,3
148306765fae7698.jpg,Ileocecal valve,blurred_visibility,active_bleeding_visible,0.3722,0.1296,2
806630f1ba7ec1c4.jpg,Ileocecal valve,dark_blood_residue,widespread_inflammation,0.1808,0.6521,4
bb678e6c9ad789c4.jpg,Ulcer,raised_round_mass,retained_foreign_object,0.5483,0.2558,1
4c1b243d562b52b1.jpg,Blood - fresh,landmark_ring_structure,widespread_inflammation,0.3602,0.5263,1
a3664a87ade361b4.jpg,Reduced mucosal view,blurred_visibility,widespread_inflammation,0.657,0.4922,2
e8fe2f4be3dabdad.jpg,Ileocecal valve,raised_round_mass,deep_ulceration_pattern,0.7487,0.4642,2
ab8f9b4de24dc96e.jpg,Pylorus,white_crater_lesion,large_protruding_lesion,0.2542,0.4747,4
1cd02240368967de.jpg,Ileocecal valve,inflamed_red_surface,suspicious_vascular_cluster,0.552,0.0913,5
159605bf8c8f704e.jpg,Ulcer,white_crater_lesion,deep_ulceration_pattern,0.362,0.9406,5
0d97e511a296bd9a.jpg,Foreign body,raised_round_mass,deep_ulceration_pattern,0.6585,0.4547,3
0d150853811f527b.jpg,Foreign body,normal_texture,unclear_view_needs_review,0.1766,0.2956,5
7f2afade8d2b6158.jpg,Reduced mucosal view,dark_blood_residue,unclear_view_needs_review,0.5643,0.5916,5
9e59c7fb50d9ab9b.jpg,Erosion,red_fluid_region,deep_ulceration_pattern,0.0941,0.384,3
007e8734307f6704.jpg,Lymphangiectasia,vascular_red_spots,large_protruding_lesion,0.966,0.3159,5
ad454a453d7ddfc0.jpg,Reduced mucosal view,landmark_ring_structure,low_risk_appearance,0.5162,0.4925,3
3768873e03a630c7.jpg,Reduced mucosal view,blurred_visibility,deep_ulceration_pattern,0.3398,0.3857,4
d5980f82943f128c.jpg,Ileocecal valve,normal_texture,large_protruding_lesion,0.5035,0.5699,4
aaeb999d5f01f2cf.jpg,Reduced mucosal view,dark_blood_residue,large_protruding_lesion,0.5548,0.7807,4
072912cf3c6adde1.jpg,Pylorus,white_crater_lesion,unclear_view_needs_review,0.2623,0.4051,2
1fc38f89d10c8d6d.jpg,Reduced mucosal view,red_fluid_region,low_risk_appearance,0.674,0.2031,2
6e16b4de7710c925.jpg,Reduced mucosal view,blurred_visibility,large_protruding_lesion,0.4877,0.5711,1
3b5f6fd13682bdf0.jpg,Ileocecal valve,blurred_visibility,suspicious_vascular_cluster,0.5323,0.086,1
bb9509b5e375e939.jpg,Pylorus,vascular_red_spots,active_bleeding_visible,0.2953,0.6134,2
3355098434c482d1.jpg,Ileocecal valve,red_fluid_region,retained_foreign_object,0.7184,0.6156,4
8e979fd44384d4f5.jpg,Erosion,foreign_object_shape,active_bleeding_visible,0.6714,0.4462,4
2651b2540197bba7.jpg,Erythema,landmark_ring_structure,low_risk_appearance,0.1717,0.5468,4
353e91f0015b93f3.jpg,Reduced mucosal view,white_crater_lesion,active_bleeding_visible,0.2584,0.2013,4
8bbf7d0ecbcf09dd.jpg,Blood - fresh,normal_texture,deep_ulceration_pattern,0.9099,0.3991,4
0b0470c6f980fd6d.jpg,Reduced mucosal view,raised_round_mass,suspicious_vascular_cluster,0.1013,0.6482,4
83cf246481599f03.jpg,Foreign body,normal_texture,low_risk_appearance,0.1114,0.2824,2
3cd9414b94224ef6.jpg,Reduced mucosal view,inflamed_red_surface,deep_ulceration_pattern,0.4058,0.6835,2
ae87e85522c221c8.jpg,Pylorus,inflamed_red_surface,retained_foreign_object,0.7451,0.205,1
64cd31ceb836a531.jpg,Lymphangiectasia,raised_round_mass,suspicious_vascular_cluster,0.6602,0.7254,3
675c19c78f21e57a.jpg,Lymphangiectasia,blurred_visibility,widespread_inflammation,0.3426,0.2565,2
d59359478d3fd183.jpg,Polyp,blurred_visibility,low_risk_appearance,0.4352,0.0871,4
62659e65bf2469c1.jpg,Lymphangiectasia,raised_round_mass,active_bleeding_visible,0.5404,0.5206,2
b1463bbf9719eca1.jpg,Ileocecal valve,vascular_red_spots,suspicious_vascular_cluster,0.444,0.2452,5
881eacd5e364173e.jpg,Ileocecal valve,vascular_red_spots,unclear_view_needs_review,0.7747,0.3169,3
c78d4a26f6df1f5f.jpg,Reduced mucosal view,dark_blood_residue,unclear_view_needs_review,0.1439,0.4544,1
1755540daac9e001.jpg,Reduced mucosal view,red_fluid_region,retained_foreign_object,0.9808,0.4561,5
45c262a2e77bdd9c.jpg,Reduced mucosal view,blurred_visibility,deep_ulceration_pattern,0.8741,0.3333,3
4bef149f9b028003.jpg,Ileocecal valve,vascular_red_spots,deep_ulceration_pattern,0.573,0.377,4
aa060378051f3154.jpg,Reduced mucosal view,raised_round_mass,large_protruding_lesion,0.5607,0.8021,5
16695a26e6ac5cdd.jpg,Ileocecal valve,foreign_object_shape,unclear_view_needs_review,0.1948,0.7053,1
65422ccde467648b.jpg,Angiectasia,raised_round_mass,large_protruding_lesion,0.5872,0.2401,3
857e5de8937e57d5.jpg,Ileocecal valve,red_fluid_region,large_protruding_lesion,0.4758,0.5769,3
74b3df8056e7cfde.jpg,Ileocecal valve,red_fluid_region,retained_foreign_object,0.2123,0.6906,3
d30fe5a6214ad70e.jpg,Ileocecal valve,landmark_ring_structure,low_risk_appearance,0.4639,0.4581,2
b6bbe30a7c0117b6.jpg,Reduced mucosal view,red_fluid_region,suspicious_vascular_cluster,0.173,0.6611,2
e40af8f33494893b.jpg,Reduced mucosal view,normal_texture,retained_foreign_object,0.2089,0.6541,2
c129cc0e71d9a465.jpg,Erosion,foreign_object_shape,widespread_inflammation,0.5893,0.689,3
cad5f6f14c0b4a17.jpg,Ulcer,blurred_visibility,active_bleeding_visible,0.1028,0.3962,3
5b38e2537c0c2cdf.jpg,Ileocecal valve,blurred_visibility,suspicious_vascular_cluster,0.2483,0.3852,3
8564384885fcdde3.jpg,Reduced mucosal view,white_crater_lesion,retained_foreign_object,0.2261,0.3012,2
204d42365932ac16.jpg,Angiectasia,dark_blood_residue,low_risk_appearance,0.4659,0.5363,2
477d06c5aaecd3c8.jpg,Erosion,red_fluid_region,low_risk_appearance,0.3354,0.6302,2
8a321846757ac488.jpg,Angiectasia,inflamed_red_surface,low_risk_appearance,0.5231,0.2295,1
8cbb57645f03ea40.jpg,Foreign body,blurred_visibility,suspicious_vascular_cluster,0.5732,0.2902,3
9dc5b48e95546389.jpg,Lymphangiectasia,foreign_object_shape,retained_foreign_object,0.7911,0.7851,3
44995f8835d5ae04.jpg,Reduced mucosal view,blurred_visibility,large_protruding_lesion,0.3049,0.3658,3
c494a5a05aaa2b8e.jpg,Lymphangiectasia,dark_blood_residue,retained_foreign_object,0.5487,0.3176,4
ca012d98e37b4060.jpg,Reduced mucosal view,white_crater_lesion,retained_foreign_object,0.4158,0.7116,3
76b5d94753c39458.jpg,Angiectasia,vascular_red_spots,widespread_inflammation,0.4157,0.2432,4
ad4e2ba489a4bd07.jpg,Lymphangiectasia,red_fluid_region,large_protruding_lesion,0.5724,0.0295,4
1fa75ac5678d1e03.jpg,Ileocecal valve,raised_round_mass,suspicious_vascular_cluster,0.2493,0.0674,4
cf66f6eb7149e6ae.jpg,Ileocecal valve,vascular_red_spots,deep_ulceration_pattern,0.2252,0.8898,3
78ab4408445700d7.jpg,Angiectasia,raised_round_mass,low_risk_appearance,0.4287,0.7427,1
3259b2c8e5315165.jpg,Ileocecal valve,white_crater_lesion,deep_ulceration_pattern,0.6984,0.2073,5
e36aeed0f8429a44.jpg,Reduced mucosal view,raised_round_mass,unclear_view_needs_review,0.3098,0.7491,1
930d13f6204659d0.jpg,Blood - fresh,vascular_red_spots,retained_foreign_object,0.6471,0.6891,1
f7d9192c8d673023.jpg,Lymphangiectasia,foreign_object_shape,active_bleeding_visible,0.0688,0.4656,3
b7c3180078037be4.jpg,Reduced mucosal view,inflamed_red_surface,deep_ulceration_pattern,0.396,0.0733,4
d94d20c01a4c5edf.jpg,Ileocecal valve,foreign_object_shape,large_protruding_lesion,0.4868,0.2758,1
d1bf48b2e19d3425.jpg,Reduced mucosal view,blurred_visibility,retained_foreign_object,0.6403,0.2524,5
2fb780d871cd6681.jpg,Reduced mucosal view,vascular_red_spots,unclear_view_needs_review,0.1309,0.6864,4
c6c0b40b1c075830.jpg,Lymphangiectasia,raised_round_mass,retained_foreign_object,0.6825,0.8135,5
49e11adf086cfbc9.jpg,Angiectasia,dark_blood_residue,widespread_inflammation,0.0976,0.7115,5
f4a5325ead4cbeeb.jpg,Erythema,foreign_object_shape,low_risk_appearance,0.3947,0.471,5
b721b218648940e3.jpg,Ileocecal valve,red_fluid_region,widespread_inflammation,0.5178,0.2985,4
fc4dd39e775205ff.jpg,Ileocecal valve,blurred_visibility,large_protruding_lesion,0.2946,0.6963,4
d4854e865546a258.jpg,Reduced mucosal view,normal_texture,retained_foreign_object,0.2198,0.6412,1
af3756c4d4764fc2.jpg,Reduced mucosal view,white_crater_lesion,low_risk_appearance,0.2898,0.7352,2
cb9d7ae248872e3c.jpg,Pylorus,red_fluid_region,retained_foreign_object,0.4192,0.4067,2
4c7da7b244f3a3c7.jpg,Ileocecal valve,normal_texture,unclear_view_needs_review,0.5481,0.7523,5
59cf0b875222fe83.jpg,Ulcer,raised_round_mass,large_protruding_lesion,0.6956,0.116,2
49bf6ec82300eedb.jpg,Reduced mucosal view,dark_blood_residue,low_risk_appearance,0.6748,0.2793,5
63af384a3b6cb8b5.jpg,Reduced mucosal view,foreign_object_shape,deep_ulceration_pattern,0.4872,0.2928,2
1069b4498d878751.jpg,Ileocecal valve,red_fluid_region,active_bleeding_visible,0.6016,0.5514,3
0d41f67f0216120a.jpg,Angiectasia,landmark_ring_structure,widespread_inflammation,0.7953,0.5314,2
b70044306b4f2e40.jpg,Blood - fresh,landmark_ring_structure,unclear_view_needs_review,0.7163,0.377,3
390e43ec5c2fc7cc.jpg,Blood - fresh,normal_texture,active_bleeding_visible,0.1038,0.6757,3
1ba7e21b00726ee2.jpg,Pylorus,blurred_visibility,deep_ulceration_pattern,0.9373,0.8635,5
868d5eef88609c6b.jpg,Reduced mucosal view,red_fluid_region,large_protruding_lesion,0.5194,0.6077,3
d668d2e84aee96e0.jpg,Ileocecal valve,white_crater_lesion,active_bleeding_visible,0.6737,0.3476,2
3bc41653be37d5c5.jpg,Ileocecal valve,landmark_ring_structure,low_risk_appearance,0.2855,0.1491,5
c169ef44a6e04ed1.jpg,Reduced mucosal view,blurred_visibility,low_risk_appearance,0.8945,0.4129,1
2d0d29e68d8ac235.jpg,Ileocecal valve,raised_round_mass,retained_foreign_object,0.3319,0.8178,3
eb2bcce421533fbb.jpg,Reduced mucosal view,dark_blood_residue,low_risk_appearance,0.5119,0.4923,5
ea3da00a60216fdf.jpg,Reduced mucosal view,dark_blood_residue,large_protruding_lesion,0.2211,0.3392,4
327dc49c91d172ec.jpg,Blood - fresh,raised_round_mass,unclear_view_needs_review,0.6523,0.6019,1
266e7a21bcc0eb2f.jpg,Ampulla of vater,landmark_ring_structure,retained_foreign_object,0.4759,0.2782,1
809156386501e880.jpg,Ileocecal valve,raised_round_mass,low_risk_appearance,0.3937,0.5054,4
957be7f59f302bfa.jpg,Ileocecal valve,vascular_red_spots,widespread_inflammation,0.3452,0.234,3
195b5113e1e2e350.jpg,Ileocecal valve,blurred_visibility,widespread_inflammation,0.715,0.4823,2
1278a3ec67d3ed4b.jpg,Ulcer,inflamed_red_surface,deep_ulceration_pattern,0.8058,0.4396,3
d7d858494821a236.jpg,Reduced mucosal view,dark_blood_residue,suspicious_vascular_cluster,0.2552,0.6657,3
88f7422685fccbbb.jpg,Pylorus,foreign_object_shape,retained_foreign_object,0.5311,0.6204,2
7c8a78245aba2df5.jpg,Ileocecal valve,landmark_ring_structure,large_protruding_lesion,0.4819,0.5989,4
7e1ee4c7ade948ee.jpg,Reduced mucosal view,landmark_ring_structure,unclear_view_needs_review,0.5402,0.9758,2
f320337b0ccc238d.jpg,Ileocecal valve,raised_round_mass,large_protruding_lesion,0.8677,0.5878,3
8f80d3f12dece803.jpg,Lymphangiectasia,inflamed_red_surface,active_bleeding_visible,0.922,0.9437,1
8a848623aa3ff249.jpg,Ulcer,blurred_visibility,retained_foreign_object,0.7251,0.3943,3
fcf7e06c838d1f0c.jpg,Reduced mucosal view,dark_blood_residue,widespread_inflammation,0.578,0.3089,2
9b663e841a5f742f.jpg,Pylorus,landmark_ring_structure,low_risk_appearance,0.6863,0.5695,3
0edd65fcb947342d.jpg,Reduced mucosal view,white_crater_lesion,active_bleeding_visible,0.2054,0.9247,5
dc49bac1986ab622.jpg,Normal clean mucosa,dark_blood_residue,low_risk_appearance,0.8915,0.842,3
0e0322e53a6f403a.jpg,Pylorus,raised_round_mass,widespread_inflammation,0.4456,0.3552,5
faf473ab49182a65.jpg,Angiectasia,raised_round_mass,active_bleeding_visible,0.2385,0.4381,5
5ec10fc430e79db1.jpg,Ileocecal valve,blurred_visibility,suspicious_vascular_cluster,0.4207,0.7586,2
da2919535b9c5fb5.jpg,Ileocecal valve,red_fluid_region,unclear_view_needs_review,0.4922,0.6126,3
d4bd9db224615ef7.jpg,Pylorus,raised_round_mass,widespread_inflammation,0.1162,0.3811,3
ee8061fcae791014.jpg,Pylorus,landmark_ring_structure,unclear_view_needs_review,0.7209,0.1244,4
116179b697c634b6.jpg,Ileocecal valve,inflamed_red_surface,deep_ulceration_pattern,0.2298,0.7542,3
234dbc9a00ad6436.jpg,Reduced mucosal view,white_crater_lesion,widespread_inflammation,0.2101,0.4521,3
c05b4e854587bc67.jpg,Reduced mucosal view,red_fluid_region,unclear_view_needs_review,0.5344,0.5203,2
0d0e262b5dfb5ac6.jpg,Blood - fresh,blurred_visibility,suspicious_vascular_cluster,0.7783,0.4657,5
7455762a99de8fc1.jpg,Reduced mucosal view,inflamed_red_surface,large_protruding_lesion,0.1922,0.4978,2
bcf14702713b17bd.jpg,Ileocecal valve,red_fluid_region,unclear_view_needs_review,0.5645,0.5583,1
8ed9175e22009206.jpg,Reduced mucosal view,red_fluid_region,suspicious_vascular_cluster,0.6332,0.9167,3
b5db778c83802ca9.jpg,Ileocecal valve,inflamed_red_surface,suspicious_vascular_cluster,0.6357,0.4291,5
980139aaf024995f.jpg,Ileocecal valve,dark_blood_residue,deep_ulceration_pattern,0.8171,0.6279,3
edbb04917d3e2f40.jpg,Ileocecal valve,inflamed_red_surface,deep_ulceration_pattern,0.6873,0.1868,2
808f810824b6f694.jpg,Erythema,dark_blood_residue,widespread_inflammation,0.8,0.2496,2
b582823db214a4c8.jpg,Reduced mucosal view,normal_texture,retained_foreign_object,0.4138,0.4383,4
90a7cdefb4aa6983.jpg,Reduced mucosal view,foreign_object_shape,unclear_view_needs_review,0.6007,0.5252,3
280ced32844071e1.jpg,Ileocecal valve,landmark_ring_structure,deep_ulceration_pattern,0.5204,0.8887,5
6692343c78af2922.jpg,Pylorus,vascular_red_spots,widespread_inflammation,0.7145,0.7721,2
1293ab2500b8612a.jpg,Ileocecal valve,white_crater_lesion,widespread_inflammation,0.216,0.7285,4
4613035d215ee608.jpg,Foreign body,vascular_red_spots,retained_foreign_object,0.8744,0.5673,1
833fa5c1c4251c65.jpg,Ileocecal valve,red_fluid_region,retained_foreign_object,0.5795,0.3471,4
008f3de1c28efdfe.jpg,Ileocecal valve,vascular_red_spots,low_risk_appearance,0.5846,0.8885,4
dfdc7ef535527191.jpg,Ulcer,red_fluid_region,retained_foreign_object,0.8591,0.3768,4
68eff63f678ed45f.jpg,Pylorus,inflamed_red_surface,widespread_inflammation,0.3836,0.247,2
a0f0a119a53653f8.jpg,Ileocecal valve,normal_texture,unclear_view_needs_review,0.8883,0.1721,2
d25136950b1b588a.jpg,Foreign body,blurred_visibility,retained_foreign_object,0.3298,0.3059,5
9655b5566aa813f2.jpg,Reduced mucosal view,raised_round_mass,retained_foreign_object,0.3415,0.7786,2
6084db00f3987dde.jpg,Reduced mucosal view,dark_blood_residue,deep_ulceration_pattern,0.8717,0.6637,1
176385ee2a65c05b.jpg,Angiectasia,vascular_red_spots,deep_ulceration_pattern,0.5602,0.4718,2
f945f30ceadefb01.jpg,Ileocecal valve,inflamed_red_surface,unclear_view_needs_review,0.2571,0.381,4
46da94f81f5ab450.jpg,Reduced mucosal view,vascular_red_spots,suspicious_vascular_cluster,0.2359,0.2972,3
5f2af6a31cda7b42.jpg,Lymphangiectasia,raised_round_mass,widespread_inflammation,0.1992,0.3861,3
da8d6118a295139a.jpg,Ileocecal valve,landmark_ring_structure,unclear_view_needs_review,0.3446,0.3449,3
6b3ff87d83a13c57.jpg,Ileocecal valve,blurred_visibility,large_protruding_lesion,0.6862,0.8024,2
56db0c5a31db0e51.jpg,Reduced mucosal view,inflamed_red_surface,suspicious_vascular_cluster,0.6071,0.6696,2
d9643289f4983f95.jpg,Reduced mucosal view,red_fluid_region,low_risk_appearance,0.2089,0.5413,2
a98eabd77e51c06e.jpg,Ileocecal valve,landmark_ring_structure,unclear_view_needs_review,0.7414,0.1696,1
8e51e6d4fadf3363.jpg,Ulcer,landmark_ring_structure,active_bleeding_visible,0.3339,0.1829,3
6047b691667b38c0.jpg,Foreign body,red_fluid_region,suspicious_vascular_cluster,0.5505,0.0634,4
8896266281db093d.jpg,Lymphangiectasia,inflamed_red_surface,active_bleeding_visible,0.8572,0.1985,2
155c57186efc4b4f.jpg,Ileocecal valve,vascular_red_spots,retained_foreign_object,0.4953,0.9304,2
cc348f034ef67c5f.jpg,Reduced mucosal view,vascular_red_spots,deep_ulceration_pattern,0.6338,0.5749,1
3df847ac97461c00.jpg,Pylorus,red_fluid_region,deep_ulceration_pattern,0.164,0.2359,5
8d70889e6bb2dd23.jpg,Reduced mucosal view,blurred_visibility,suspicious_vascular_cluster,0.7411,0.6181,2
8d27f7b6076a0103.jpg,Pylorus,landmark_ring_structure,suspicious_vascular_cluster,0.2089,0.6266,4
c33d367800c83c4e.jpg,Ileocecal valve,raised_round_mass,widespread_inflammation,0.7678,0.1874,2
6a5f0436834747ad.jpg,Reduced mucosal view,blurred_visibility,large_protruding_lesion,0.8192,0.956,3
07245c2dbfe815f7.jpg,Blood - fresh,red_fluid_region,large_protruding_lesion,0.3837,0.5732,3
9c6a850bd66ae251.jpg,Ileocecal valve,blurred_visibility,deep_ulceration_pattern,0.4174,0.3271,4
5c209b14fcf28b3d.jpg,Pylorus,normal_texture,suspicious_vascular_cluster,0.7953,0.5018,3
354c19a8c5c6eb52.jpg,Ileocecal valve,normal_texture,retained_foreign_object,0.9342,0.5267,3
dd9885df695653a7.jpg,Foreign body,landmark_ring_structure,deep_ulceration_pattern,0.1708,0.0807,4
745f48c879c814f4.jpg,Erosion,raised_round_mass,suspicious_vascular_cluster,0.4164,0.5202,3
eac785321b704449.jpg,Reduced mucosal view,raised_round_mass,large_protruding_lesion,0.4817,0.4669,2
0a5ca336d1d37efd.jpg,Ileocecal valve,normal_texture,widespread_inflammation,0.3915,0.3494,2
8e1861975bb71925.jpg,Ileocecal valve,white_crater_lesion,widespread_inflammation,0.8172,0.1029,3
d0cd160903f2155c.jpg,Ileocecal valve,raised_round_mass,large_protruding_lesion,0.6459,0.1824,2
1b6fc5ea73e331cb.jpg,Ileocecal valve,vascular_red_spots,deep_ulceration_pattern,0.0422,0.7341,1
45ef165ec9e2b95a.jpg,Ileocecal valve,inflamed_red_surface,low_risk_appearance,0.5058,0.4063,3
ce747fa5bb5cf374.jpg,Reduced mucosal view,white_crater_lesion,unclear_view_needs_review,0.3585,0.854,5
e1265a9dd5984673.jpg,Pylorus,inflamed_red_surface,retained_foreign_object,0.3924,0.3768,1
919255034d0de625.jpg,Reduced mucosal view,vascular_red_spots,deep_ulceration_pattern,0.7714,0.327,1
d30f09564ba5a8bd.jpg,Erythema,blurred_visibility,low_risk_appearance,0.864,0.6755,3
000a9051f280d80f.jpg,Foreign body,normal_texture,retained_foreign_object,0.5818,0.5694,2
21875062aa09d5f1.jpg,Reduced mucosal view,dark_blood_residue,retained_foreign_object,0.4981,0.7632,4
0193145ae23cd968.jpg,Angiectasia,normal_texture,suspicious_vascular_cluster,0.3151,0.7048,4
aede8d0446f49d05.jpg,Ileocecal valve,normal_texture,retained_foreign_object,0.0462,0.7371,4
57a569884bb7d0c7.jpg,Foreign body,vascular_red_spots,large_protruding_lesion,0.3745,0.5867,1
0d1628423e60af69.jpg,Ileocecal valve,inflamed_red_surface,retained_foreign_object,0.6016,0.5453,5
67fb95db3307292e.jpg,Pylorus,red_fluid_region,active_bleeding_visible,0.6491,0.7111,1
c1908064f9b16193.jpg,Reduced mucosal view,normal_texture,widespread_inflammation,0.3001,0.6746,2
e9200fe7f9d83f95.jpg,Angiectasia,raised_round_mass,widespread_inflammation,0.2971,0.6844,3
840c9e213bd5610d.jpg,Angiectasia,blurred_visibility,deep_ulceration_pattern,0.3833,0.7466,3
b871e3b3c0897c98.jpg,Reduced mucosal view,dark_blood_residue,retained_foreign_object,0.8675,0.64,3
bf1e03131ac8e1c8.jpg,Reduced mucosal view,blurred_visibility,unclear_view_needs_review,0.4708,0.2965,3
16be039ea1d00087.jpg,Ulcer,landmark_ring_structure,low_risk_appearance,0.6551,0.5382,2
60d318dc544b46ff.jpg,Reduced mucosal view,normal_texture,unclear_view_needs_review,0.6447,0.396,3
93fb6329cb1a2d1b.jpg,Reduced mucosal view,white_crater_lesion,widespread_inflammation,0.8712,0.4717,3
91021bd7ec12fc9d.jpg,Ileocecal valve,vascular_red_spots,large_protruding_lesion,0.5583,0.7857,1
61e39d77e4a839ef.jpg,Pylorus,red_fluid_region,deep_ulceration_pattern,0.7741,0.3523,4
3adde6a66b231a04.jpg,Pylorus,inflamed_red_surface,large_protruding_lesion,0.8409,0.5305,4
431c23398ff3e3d3.jpg,Reduced mucosal view,normal_texture,suspicious_vascular_cluster,0.7425,0.3904,5
519c87c6dea7f8d2.jpg,Reduced mucosal view,blurred_visibility,large_protruding_lesion,0.6671,0.8499,3
c957395d0b026315.jpg,Ileocecal valve,raised_round_mass,low_risk_appearance,0.0518,0.6122,2
7ab50149f941b667.jpg,Ileocecal valve,normal_texture,active_bleeding_visible,0.6695,0.7415,2
7cd93d526ac8ff7a.jpg,Ileocecal valve,vascular_red_spots,widespread_inflammation,0.4496,0.1847,3
0a861ae02d8deb2f.jpg,Erythema,blurred_visibility,unclear_view_needs_review,0.539,0.0843,2
dc5578d835135b3a.jpg,Angiectasia,white_crater_lesion,deep_ulceration_pattern,0.9748,0.3825,4
5136c14be90801cb.jpg,Angiectasia,dark_blood_residue,deep_ulceration_pattern,0.1993,0.1265,5
089f1200f0232784.jpg,Ulcer,raised_round_mass,retained_foreign_object,0.6438,0.3596,5
1ac76591b9a23b82.jpg,Ulcer,dark_blood_residue,widespread_inflammation,0.543,0.6971,5
9ac0453b49143f63.jpg,Ulcer,vascular_red_spots,large_protruding_lesion,0.5226,0.2392,3
209a4150f8164d73.jpg,Erosion,inflamed_red_surface,suspicious_vascular_cluster,0.4787,0.5179,3
cc251cd7896f5716.jpg,Erosion,normal_texture,deep_ulceration_pattern,0.7183,0.3342,1
40333f76d06094ac.jpg,Pylorus,red_fluid_region,retained_foreign_object,0.4883,0.4868,3
c0fc133a751f1b94.jpg,Ileocecal valve,vascular_red_spots,active_bleeding_visible,0.7444,0.8966,2
975cf2fe4761b03e.jpg,Blood - fresh,vascular_red_spots,widespread_inflammation,0.4387,0.4865,5
729f49cc9e1ff6a2.jpg,Reduced mucosal view,normal_texture,unclear_view_needs_review,0.562,0.1561,4
602385366054f78a.jpg,Reduced mucosal view,foreign_object_shape,low_risk_appearance,0.6962,0.1581,3
1b02b81b3c892cae.jpg,Foreign body,foreign_object_shape,low_risk_appearance,0.2989,0.5829,3
a7b744d56b8c47af.jpg,Ileocecal valve,vascular_red_spots,suspicious_vascular_cluster,0.6356,0.4562,2
0814e477eda38938.jpg,Angiectasia,dark_blood_residue,unclear_view_needs_review,0.7776,0.0692,4
80611eb3f9fe8f71.jpg,Reduced mucosal view,red_fluid_region,widespread_inflammation,0.7455,0.5622,4
bc47451328268bca.jpg,Reduced mucosal view,white_crater_lesion,active_bleeding_visible,0.3808,0.7866,2
1cdfc9c0d2d811b9.jpg,Ileocecal valve,white_crater_lesion,low_risk_appearance,0.8288,0.2217,1
9f73f33ad20a0bd1.jpg,Ileocecal valve,landmark_ring_structure,low_risk_appearance,0.6248,0.7298,1
47625ce5b180c0d0.jpg,Lymphangiectasia,red_fluid_region,unclear_view_needs_review,0.4836,0.2999,5
3b1f6bd405643f2f.jpg,Lymphangiectasia,inflamed_red_surface,suspicious_vascular_cluster,0.5344,0.8168,4
b6d87854a0155c68.jpg,Foreign body,raised_round_mass,low_risk_appearance,0.5912,0.2065,3
e567b03414bf199a.jpg,Erosion,blurred_visibility,suspicious_vascular_cluster,0.2244,0.1935,3
5e1615ccf83a2e03.jpg,Pylorus,raised_round_mass,retained_foreign_object,0.6003,0.3668,4
58adc0c22db761ac.jpg,Blood - fresh,normal_texture,low_risk_appearance,0.255,0.2932,1
7b5acdfa56f89d54.jpg,Pylorus,normal_texture,large_protruding_lesion,0.1507,0.1315,4
f06e8b4e3db624b3.jpg,Pylorus,dark_blood_residue,suspicious_vascular_cluster,0.8868,0.4904,4
29d351a447ddab09.jpg,Erythema,red_fluid_region,deep_ulceration_pattern,0.4649,0.5505,4
ce0d4f7c949a1d5e.jpg,Reduced mucosal view,landmark_ring_structure,large_protruding_lesion,0.4148,0.4954,2
c0cb0e9efef40e59.jpg,Ileocecal valve,normal_texture,unclear_view_needs_review,0.625,0.7442,4
664678b64ee4bfbd.jpg,Angiectasia,blurred_visibility,suspicious_vascular_cluster,0.6052,0.6536,3
8815a5f2f2b6c2e2.jpg,Ileocecal valve,raised_round_mass,widespread_inflammation,0.6618,0.5116,4
60968ae9db960a97.jpg,Ileocecal valve,normal_texture,widespread_inflammation,0.7749,0.7203,3
a29df7fde7933139.jpg,Pylorus,white_crater_lesion,retained_foreign_object,0.3506,0.364,3
28015cb8d6630b99.jpg,Angiectasia,inflamed_red_surface,large_protruding_lesion,0.4507,0.1228,3
6a14acfd73ff0d61.jpg,Lymphangiectasia,red_fluid_region,deep_ulceration_pattern,0.2097,0.3128,2
b0f22ba943757aa0.jpg,Reduced mucosal view,white_crater_lesion,low_risk_appearance,0.3711,0.0775,3
2c04720bbe3e9ab7.jpg,Erosion,inflamed_red_surface,retained_foreign_object,0.1133,0.4574,2
11b9197fb0276519.jpg,Ulcer,white_crater_lesion,large_protruding_lesion,0.4836,0.4082,5
7ae314681c310279.jpg,Foreign body,raised_round_mass,unclear_view_needs_review,0.3775,0.685,1
4f83c97f4f0672a3.jpg,Foreign body,inflamed_red_surface,unclear_view_needs_review,0.6708,0.1608,4
dba42917bba83d06.jpg,Foreign body,blurred_visibility,low_risk_appearance,0.1381,0.1882,3
9979f6c65814472b.jpg,Angiectasia,foreign_object_shape,unclear_view_needs_review,0.3372,0.296,1
14521c44a331988c.jpg,Reduced mucosal view,landmark_ring_structure,suspicious_vascular_cluster,0.3739,0.073,3
088671ae629090ad.jpg,Reduced mucosal view,normal_texture,low_risk_appearance,0.4612,0.8182,1
b647f07e21c26342.jpg,Ileocecal valve,raised_round_mass,retained_foreign_object,0.7859,0.4811,5
a31ab9063c8ffeba.jpg,Ileocecal valve,landmark_ring_structure,retained_foreign_object,0.3354,0.1086,1
43258d650e7d3b31.jpg,Foreign body,inflamed_red_surface,suspicious_vascular_cluster,0.9178,0.6102,3
09f53964d305cfd5.jpg,Ileocecal valve,vascular_red_spots,retained_foreign_object,0.6893,0.3055,2
9d7161fb0210e5e9.jpg,Angiectasia,red_fluid_region,active_bleeding_visible,0.2385,0.6771,2
224d564efa181001.jpg,Reduced mucosal view,blurred_visibility,retained_foreign_object,0.23,0.1686,3
6fa63a14eb87340d.jpg,Ileocecal valve,white_crater_lesion,active_bleeding_visible,0.4276,0.1633,4
08971c661b2ca403.jpg,Ulcer,white_crater_lesion,unclear_view_needs_review,0.2196,0.2597,2
9cee49ea933dfb3e.jpg,Ileocecal valve,normal_texture,widespread_inflammation,0.3606,0.4919,4
e92f270baa51d4a2.jpg,Reduced mucosal view,white_crater_lesion,retained_foreign_object,0.4314,0.2612,4
6f25a2654ac6882b.jpg,Ileocecal valve,landmark_ring_structure,large_protruding_lesion,0.776,0.2945,5
7528bb11fe5032eb.jpg,Lymphangiectasia,blurred_visibility,large_protruding_lesion,0.754,0.8642,3
befc6a0ea731193e.jpg,Ileocecal valve,landmark_ring_structure,unclear_view_needs_review,0.1546,0.7424,1
05cdf3721e52345f.jpg,Pylorus,vascular_red_spots,low_risk_appearance,0.3001,0.3507,2
ad749899649d62a3.jpg,Lymphangiectasia,normal_texture,suspicious_vascular_cluster,0.4783,0.5338,3
7eb11e703d1c990b.jpg,Ileocecal valve,raised_round_mass,retained_foreign_object,0.5332,0.5995,4
ab3fe0c75a48de26.jpg,Ileocecal valve,raised_round_mass,widespread_inflammation,0.2105,0.4531,1
476f4c9284eeb7e2.jpg,Foreign body,inflamed_red_surface,large_protruding_lesion,0.6245,0.5555,1
2fd7a1bf0afa6c64.jpg,Ileocecal valve,normal_texture,low_risk_appearance,0.5692,0.1895,4
4fabbb519c81b0f5.jpg,Ileocecal valve,inflamed_red_surface,widespread_inflammation,0.7508,0.9451,2
b6e4eb772d69aa77.jpg,Pylorus,white_crater_lesion,large_protruding_lesion,0.8631,0.4504,4
751ab115a1ed648f.jpg,Ileocecal valve,raised_round_mass,deep_ulceration_pattern,0.2015,0.4242,4
30aecb57aaa6feaf.jpg,Ulcer,red_fluid_region,suspicious_vascular_cluster,0.6187,0.2817,2
2c8b291196779062.jpg,Ileocecal valve,red_fluid_region,active_bleeding_visible,0.8867,0.2692,1
2cdaa878a025dcbe.jpg,Ulcer,vascular_red_spots,deep_ulceration_pattern,0.6316,0.3183,5
0aa8465033224180.jpg,Pylorus,blurred_visibility,retained_foreign_object,0.1799,0.7,4
1420fc482a1551d9.jpg,Lymphangiectasia,normal_texture,low_risk_appearance,0.639,0.4235,3
1a209ae398cb6267.jpg,Ileocecal valve,white_crater_lesion,widespread_inflammation,0.4431,0.642,3
2bce51064b0e7871.jpg,Blood - fresh,raised_round_mass,active_bleeding_visible,0.6823,0.4174,5
ff0cec9988c6328e.jpg,Foreign body,vascular_red_spots,widespread_inflammation,0.5866,0.4616,5
01ce21632590cb8a.jpg,Ileocecal valve,blurred_visibility,deep_ulceration_pattern,0.2106,0.8424,5
a3a443b61f2f0f34.jpg,Ileocecal valve,normal_texture,unclear_view_needs_review,0.5294,0.6114,3
f0976db4ce083d59.jpg,Pylorus,inflamed_red_surface,active_bleeding_visible,0.6904,0.2044,4
60eb0cc08168401a.jpg,Ileocecal valve,foreign_object_shape,widespread_inflammation,0.8828,0.675,2
5e2b6a841b4f61d3.jpg,Foreign body,inflamed_red_surface,widespread_inflammation,0.4396,0.5045,1
23e5d08a530aa7e5.jpg,Blood - fresh,inflamed_red_surface,active_bleeding_visible,0.7938,0.5423,3
3baa4e8a94c37171.jpg,Reduced mucosal view,red_fluid_region,unclear_view_needs_review,0.8865,0.2143,1
761902701deae821.jpg,Pylorus,blurred_visibility,deep_ulceration_pattern,0.6581,0.2893,3
90e7fb247989be37.jpg,Ileocecal valve,dark_blood_residue,retained_foreign_object,0.6838,0.2114,5
4b333d45dc84812c.jpg,Ulcer,inflamed_red_surface,unclear_view_needs_review,0.4122,0.2772,2
40b2fea28b982014.jpg,Lymphangiectasia,vascular_red_spots,active_bleeding_visible,0.7036,0.6358,2
675a4ec531a2271d.jpg,Foreign body,normal_texture,low_risk_appearance,0.9356,0.5884,3
69a8ed3ce025f40a.jpg,Angiectasia,normal_texture,unclear_view_needs_review,0.5166,0.7766,1
2dd34bcbfeeee33a.jpg,Ileocecal valve,blurred_visibility,suspicious_vascular_cluster,0.6218,0.0751,4
dcd4dc89e3c51471.jpg,Lymphangiectasia,raised_round_mass,unclear_view_needs_review,0.615,0.5201,4
2460ab6ee292550b.jpg,Reduced mucosal view,dark_blood_residue,suspicious_vascular_cluster,0.3833,0.314,3
71e7326ac6db7a6a.jpg,Ileocecal valve,normal_texture,low_risk_appearance,0.9755,0.6327,2
b6b96428c227fe82.jpg,Blood - fresh,blurred_visibility,low_risk_appearance,0.2973,0.5796,1
e1ec02c1f4ca4379.jpg,Blood - hematin,foreign_object_shape,widespread_inflammation,0.6868,0.929,3
28f3ad9b9caf0fae.jpg,Ulcer,red_fluid_region,large_protruding_lesion,0.6545,0.6041,3
094fce962cfa1ed8.jpg,Erosion,raised_round_mass,unclear_view_needs_review,0.3155,0.6188,1
c494dc4934f32823.jpg,Pylorus,normal_texture,suspicious_vascular_cluster,0.4473,0.7639,3
7950abe0101b60c2.jpg,Blood - fresh,vascular_red_spots,retained_foreign_object,0.1347,0.7089,1
0f1540c6f5a44126.jpg,Reduced mucosal view,white_crater_lesion,unclear_view_needs_review,0.4781,0.4297,3
86687c4972825e8f.jpg,Ileocecal valve,white_crater_lesion,unclear_view_needs_review,0.3744,0.1825,3
60af7cf02cfe429c.jpg,Foreign body,red_fluid_region,suspicious_vascular_cluster,0.4577,0.1007,4
0b8b7a112d934eec.jpg,Ileocecal valve,vascular_red_spots,unclear_view_needs_review,0.7748,0.2888,2
54b273419058daac.jpg,Ileocecal valve,vascular_red_spots,active_bleeding_visible,0.6705,0.8322,1
83c49fca3768a715.jpg,Ileocecal valve,landmark_ring_structure,unclear_view_needs_review,0.1425,0.6164,3
a64721d48132949c.jpg,Ileocecal valve,inflamed_red_surface,active_bleeding_visible,0.2163,0.6161,4
4050631fd94c2a06.jpg,Reduced mucosal view,normal_texture,suspicious_vascular_cluster,0.3522,0.8307,2
26ddd9f19c770328.jpg,Ileocecal valve,foreign_object_shape,suspicious_vascular_cluster,0.8081,0.3755,3
5ec64fc99c9badeb.jpg,Ileocecal valve,dark_blood_residue,large_protruding_lesion,0.6658,0.6858,4
5ef4236b1d512b20.jpg,Angiectasia,landmark_ring_structure,unclear_view_needs_review,0.4156,0.3772,2
4cb573fd6630533b.jpg,Ileocecal valve,raised_round_mass,deep_ulceration_pattern,0.3753,0.6233,4
22661a0023e5ee81.jpg,Ileocecal valve,foreign_object_shape,retained_foreign_object,0.6235,0.438,4
9219ce837f0bb365.jpg,Erosion,dark_blood_residue,large_protruding_lesion,0.6533,0.3078,3
a65884a4acf72cc1.jpg,Reduced mucosal view,white_crater_lesion,deep_ulceration_pattern,0.7676,0.5188,4
d8687a2ea894cdff.jpg,Reduced mucosal view,foreign_object_shape,widespread_inflammation,0.8255,0.1938,1
e91a6557e5fe6a48.jpg,Pylorus,landmark_ring_structure,retained_foreign_object,0.5063,0.529,2
f0209e5205d14bf3.jpg,Angiectasia,inflamed_red_surface,unclear_view_needs_review,0.3257,0.7649,4
0289b06f5301c388.jpg,Ileocecal valve,landmark_ring_structure,widespread_inflammation,0.3711,0.362,2
51446ef517bb6381.jpg,Ileocecal valve,red_fluid_region,deep_ulceration_pattern,0.485,0.3914,5
241ccfdc1d082879.jpg,Reduced mucosal view,blurred_visibility,retained_foreign_object,0.0282,0.3315,2
becd629f06477ee7.jpg,Reduced mucosal view,vascular_red_spots,active_bleeding_visible,0.5758,0.6662,1
6e7fa2ddb9a3d119.jpg,Angiectasia,landmark_ring_structure,large_protruding_lesion,0.4247,0.8428,5
9a7c57acbfa1bfee.jpg,Angiectasia,raised_round_mass,retained_foreign_object,0.5277,0.444,5
c566ddbebf02622a.jpg,Ileocecal valve,red_fluid_region,deep_ulceration_pattern,0.4243,0.6032,2
87a24dc713844a90.jpg,Ileocecal valve,landmark_ring_structure,large_protruding_lesion,0.6006,0.654,2
0e0000bcc211a6bd.jpg,Ileocecal valve,raised_round_mass,active_bleeding_visible,0.792,0.7945,1
06fb0f668b86d83f.jpg,Blood - fresh,red_fluid_region,unclear_view_needs_review,0.1111,0.8292,1
5c103a171077f314.jpg,Ileocecal valve,vascular_red_spots,unclear_view_needs_review,0.5431,0.1737,5
b236a65c01cc8892.jpg,Reduced mucosal view,landmark_ring_structure,large_protruding_lesion,0.1022,0.329,3
42d308daebfc0829.jpg,Pylorus,white_crater_lesion,active_bleeding_visible,0.3638,0.8655,1
6df1f7b0fb5b83ca.jpg,Reduced mucosal view,raised_round_mass,retained_foreign_object,0.7271,0.4767,2
6f3672c8abf2cbeb.jpg,Erosion,inflamed_red_surface,deep_ulceration_pattern,0.4116,0.6452,3
71c2098207f3d12c.jpg,Foreign body,raised_round_mass,suspicious_vascular_cluster,0.629,0.5791,2
9a808e7fabc4e120.jpg,Ileocecal valve,white_crater_lesion,deep_ulceration_pattern,0.1888,0.4516,2
71a4a49a9a596dca.jpg,Pylorus,dark_blood_residue,active_bleeding_visible,0.3674,0.5509,4
b3f567021f8f517a.jpg,Ulcer,normal_texture,unclear_view_needs_review,0.5568,0.1815,4
79da5da29d2b6db8.jpg,Ulcer,blurred_visibility,widespread_inflammation,0.6292,0.8478,5
dbc7825ce1520a46.jpg,Ileocecal valve,red_fluid_region,unclear_view_needs_review,0.185,0.7526,1
8429f1b6ae1386e8.jpg,Ileocecal valve,dark_blood_residue,active_bleeding_visible,0.2127,0.5444,1
7c9ff74f4dc48d0a.jpg,Ulcer,blurred_visibility,large_protruding_lesion,0.6475,0.859,3
7e719d1700739a9f.jpg,Ileocecal valve,landmark_ring_structure,low_risk_appearance,0.6727,0.2582,1
45cae7b7373d36dc.jpg,Reduced mucosal view,white_crater_lesion,suspicious_vascular_cluster,0.496,0.6853,1
bd85fad53a5c9c70.jpg,Foreign body,red_fluid_region,large_protruding_lesion,0.5391,0.4129,5
32bf6c9225c49ed0.jpg,Foreign body,dark_blood_residue,unclear_view_needs_review,0.5777,0.8348,3
1dbfc549d3ae168b.jpg,Blood - fresh,inflamed_red_surface,active_bleeding_visible,0.5133,0.1163,2
c2765c1bd7c7b7fd.jpg,Ileocecal valve,normal_texture,deep_ulceration_pattern,0.5071,0.9926,3
465d82d0393a4461.jpg,Foreign body,landmark_ring_structure,deep_ulceration_pattern,0.7224,0.2266,1
092707491c095446.jpg,Ileocecal valve,raised_round_mass,deep_ulceration_pattern,0.6581,0.2647,2
eefaa7ca24ad4e6c.jpg,Blood - fresh,raised_round_mass,retained_foreign_object,0.6373,0.496,1
b01c49d40ab491ae.jpg,Ileocecal valve,red_fluid_region,retained_foreign_object,0.3119,0.5748,3
bebc29701fef1ee5.jpg,Erosion,blurred_visibility,active_bleeding_visible,0.1795,0.2704,5
86fe433e7e25c9ca.jpg,Ileocecal valve,blurred_visibility,active_bleeding_visible,0.8228,0.5338,3
2e64b37a0df4f95c.jpg,Lymphangiectasia,white_crater_lesion,suspicious_vascular_cluster,0.2552,0.4888,2
d5a603435e198ca5.jpg,Reduced mucosal view,landmark_ring_structure,retained_foreign_object,0.4345,0.3574,4
a7d5751c845b7b94.jpg,Reduced mucosal view,raised_round_mass,unclear_view_needs_review,0.7385,0.3638,3
503a5ba2c0823d08.jpg,Ileocecal valve,landmark_ring_structure,retained_foreign_object,0.641,0.0618,2
cb8a05b7427e041f.jpg,Pylorus,raised_round_mass,active_bleeding_visible,0.3361,0.9209,2
098be2baedbdd06c.jpg,Pylorus,red_fluid_region,large_protruding_lesion,0.492,0.0949,4
3f9fa493917ae607.jpg,Pylorus,normal_texture,retained_foreign_object,0.8863,0.9084,2
eaa0697915256c33.jpg,Lymphangiectasia,landmark_ring_structure,low_risk_appearance,0.8111,0.27,1
a6d6f94a245d8959.jpg,Erosion,red_fluid_region,retained_foreign_object,0.5956,0.7104,2
5c84508afeca0edb.jpg,Ileocecal valve,raised_round_mass,low_risk_appearance,0.8314,0.3027,5
c2f09d7bb94b02cf.jpg,Angiectasia,landmark_ring_structure,retained_foreign_object,0.5436,0.5608,2
d58553bdb2896c12.jpg,Ileocecal valve,inflamed_red_surface,widespread_inflammation,0.2018,0.1787,2
598d95524db0192f.jpg,Blood - fresh,foreign_object_shape,retained_foreign_object,0.2972,0.53,4
ba6390c5dbd248db.jpg,Pylorus,normal_texture,retained_foreign_object,0.2531,0.4293,2
6c2c613552c720a1.jpg,Ileocecal valve,normal_texture,unclear_view_needs_review,0.7849,0.8911,1
9c86ad03b6168607.jpg,Ileocecal valve,inflamed_red_surface,retained_foreign_object,0.4986,0.7398,5
58aced10e12f6892.jpg,Ileocecal valve,white_crater_lesion,active_bleeding_visible,0.1873,0.8491,3
bfbd6ac99f060832.jpg,Reduced mucosal view,white_crater_lesion,retained_foreign_object,0.6704,0.505,3
03cb49f0a5bb695d.jpg,Ileocecal valve,vascular_red_spots,unclear_view_needs_review,0.2937,0.2083,4
8f8707ce45b9121c.jpg,Foreign body,vascular_red_spots,large_protruding_lesion,0.0573,0.4181,4
afc8a37dcd5ded0a.jpg,Normal clean mucosa,raised_round_mass,active_bleeding_visible,0.8713,0.4602,3
ac99172e48e1416a.jpg,Angiectasia,raised_round_mass,active_bleeding_visible,0.7371,0.8252,3
ce917db3b26206c3.jpg,Angiectasia,raised_round_mass,large_protruding_lesion,0.6565,0.4862,4
c22e7a0ad6ceb3b7.jpg,Ileocecal valve,inflamed_red_surface,active_bleeding_visible,0.2304,0.3824,1
5b2be2bac6930a66.jpg,Ileocecal valve,vascular_red_spots,suspicious_vascular_cluster,0.3337,0.2397,2
dbdef2c34a282eee.jpg,Ileocecal valve,landmark_ring_structure,suspicious_vascular_cluster,0.0668,0.5095,3
768d7b15995385fe.jpg,Foreign body,inflamed_red_surface,retained_foreign_object,0.3148,0.6448,1
66887876b1f33906.jpg,Pylorus,foreign_object_shape,deep_ulceration_pattern,0.7288,0.3838,5
7efd2e0a7b9424b4.jpg,Pylorus,normal_texture,widespread_inflammation,0.4463,0.7184,3
7398edff3df974eb.jpg,Ileocecal valve,normal_texture,unclear_view_needs_review,0.2751,0.4039,2
4589cb0d79963d8e.jpg,Pylorus,foreign_object_shape,deep_ulceration_pattern,0.9821,0.8302,2
00525dac9de0d67c.jpg,Lymphangiectasia,foreign_object_shape,suspicious_vascular_cluster,0.6383,0.5224,5
840f21b84de97609.jpg,Erosion,vascular_red_spots,low_risk_appearance,0.393,0.5971,3
93347499445d1d59.jpg,Erosion,foreign_object_shape,large_protruding_lesion,0.684,0.6939,4
4549f97cbad07950.jpg,Angiectasia,inflamed_red_surface,active_bleeding_visible,0.1594,0.5002,3
cf25db7d0897dd91.jpg,Reduced mucosal view,blurred_visibility,widespread_inflammation,0.7249,0.332,2
643a3fbe5dde8457.jpg,Ileocecal valve,raised_round_mass,deep_ulceration_pattern,0.4395,0.6933,1
35cdb4519836c8ff.jpg,Ileocecal valve,dark_blood_residue,low_risk_appearance,0.7429,0.2979,1
87357bb9863141f9.jpg,Lymphangiectasia,normal_texture,unclear_view_needs_review,0.7674,0.8169,3
056d922851b91f9a.jpg,Ileocecal valve,blurred_visibility,low_risk_appearance,0.5843,0.0703,3
6f0e7e84f5e5de25.jpg,Reduced mucosal view,vascular_red_spots,large_protruding_lesion,0.3206,0.809,4
aa6cfa8f9cd89e93.jpg,Angiectasia,normal_texture,widespread_inflammation,0.0631,0.3026,2
762789925e8d8678.jpg,Erosion,inflamed_red_surface,active_bleeding_visible,0.209,0.6117,2
45eaa5cef3ec3662.jpg,Ileocecal valve,foreign_object_shape,deep_ulceration_pattern,0.2549,0.0269,1
b0c03cab0fa0e836.jpg,Ileocecal valve,raised_round_mass,unclear_view_needs_review,0.4714,0.6267,3
d19d482fe56542f3.jpg,Reduced mucosal view,blurred_visibility,suspicious_vascular_cluster,0.2895,0.2419,4
02805d3577293285.jpg,Angiectasia,foreign_object_shape,unclear_view_needs_review,0.528,0.4699,4
4ff3af3a15fe607d.jpg,Pylorus,white_crater_lesion,retained_foreign_object,0.3038,0.5716,5
a39d28ef6698768e.jpg,Pylorus,inflamed_red_surface,suspicious_vascular_cluster,0.7819,0.3836,2
99d281b16c377db2.jpg,Ulcer,blurred_visibility,deep_ulceration_pattern,0.4164,0.3022,3
8e4f635531036eb0.jpg,Erosion,foreign_object_shape,deep_ulceration_pattern,0.5585,0.1484,2
803d69cd00b426da.jpg,Angiectasia,raised_round_mass,widespread_inflammation,0.5569,0.6062,3
c0425ac254441154.jpg,Pylorus,normal_texture,low_risk_appearance,0.3221,0.2598,1
d9d9631a8bdfc5bc.jpg,Ileocecal valve,inflamed_red_surface,deep_ulceration_pattern,0.2871,0.2744,3
59ccede33a2a622b.jpg,Foreign body,dark_blood_residue,unclear_view_needs_review,0.2644,0.507,1
ce7decbad7663f65.jpg,Blood - fresh,raised_round_mass,deep_ulceration_pattern,0.747,0.547,4
15edadbec5ba0a69.jpg,Pylorus,blurred_visibility,low_risk_appearance,0.3869,0.7886,4
60f604c0cea2fa81.jpg,Pylorus,white_crater_lesion,suspicious_vascular_cluster,0.5433,0.2533,2
5da4a03e2a5cfbde.jpg,Ulcer,inflamed_red_surface,active_bleeding_visible,0.3467,0.202,4
ae04420761b7ee6e.jpg,Ampulla of vater,vascular_red_spots,widespread_inflammation,0.8557,0.8756,4
b030d95c8a485716.jpg,Erosion,foreign_object_shape,unclear_view_needs_review,0.6089,0.4165,4
0d269754fbe856d2.jpg,Ileocecal valve,landmark_ring_structure,deep_ulceration_pattern,0.3287,0.2665,2
68bed850a8fa3e17.jpg,Foreign body,vascular_red_spots,unclear_view_needs_review,0.7032,0.2654,4
80028cc7b1b40ae9.jpg,Reduced mucosal view,red_fluid_region,retained_foreign_object,0.6776,0.1305,3
9a84db446d418bd5.jpg,Ileocecal valve,inflamed_red_surface,active_bleeding_visible,0.5576,0.5772,5
f34b02fbc90f58c9.jpg,Ileocecal valve,normal_texture,suspicious_vascular_cluster,0.413,0.3535,3
ce578bc0a06ffe61.jpg,Ileocecal valve,inflamed_red_surface,deep_ulceration_pattern,0.2828,0.9933,2
bd597c1edba9692d.jpg,Erosion,raised_round_mass,active_bleeding_visible,0.6879,0.5654,1
4132224d1ab48c94.jpg,Ileocecal valve,inflamed_red_surface,deep_ulceration_pattern,0.2973,0.4418,1
ca804707a5b74e1c.jpg,Ileocecal valve,white_crater_lesion,unclear_view_needs_review,0.3969,0.4037,3
9b531d808f790704.jpg,Reduced mucosal view,landmark_ring_structure,large_protruding_lesion,0.4281,0.621,5
1656eb30baa829fe.jpg,Reduced mucosal view,inflamed_red_surface,active_bleeding_visible,0.5416,0.4228,2
7373e8102527e86a.jpg,Ileocecal valve,red_fluid_region,unclear_view_needs_review,0.6057,0.3359,2
562928e6b4155e62.jpg,Ileocecal valve,red_fluid_region,widespread_inflammation,0.4668,0.4467,2
8aee74cf167c3ead.jpg,Reduced mucosal view,vascular_red_spots,large_protruding_lesion,0.8355,0.8779,3
cedc4239cca822f7.jpg,Reduced mucosal view,landmark_ring_structure,retained_foreign_object,0.7329,0.4738,4
8c45cea0609864f2.jpg,Ileocecal valve,dark_blood_residue,low_risk_appearance,0.3761,0.6644,5
524e7bede8427b15.jpg,Pylorus,landmark_ring_structure,suspicious_vascular_cluster,0.5308,0.2852,3
1430aad1404667e3.jpg,Ulcer,white_crater_lesion,active_bleeding_visible,0.1431,0.5341,3
9141c87a0722f07f.jpg,Reduced mucosal view,raised_round_mass,active_bleeding_visible,0.6971,0.8999,1
01320e8a706be10e.jpg,Ileocecal valve,raised_round_mass,suspicious_vascular_cluster,0.2083,0.2978,4
ef674233d3f446f7.jpg,Reduced mucosal view,red_fluid_region,deep_ulceration_pattern,0.5008,0.8356,2
0285f62e8f30eae6.jpg,Reduced mucosal view,red_fluid_region,retained_foreign_object,0.4794,0.5631,4
2c54f5bf8eae871f.jpg,Angiectasia,inflamed_red_surface,retained_foreign_object,0.7648,0.2799,3
4f3933743925dfa9.jpg,Ulcer,vascular_red_spots,active_bleeding_visible,0.3127,0.2053,3
ed6ffad678075b62.jpg,Reduced mucosal view,landmark_ring_structure,large_protruding_lesion,0.7433,0.5567,3
f02988047580f7db.jpg,Ileocecal valve,landmark_ring_structure,unclear_view_needs_review,0.8701,0.6071,4
b87104766847eb52.jpg,Pylorus,raised_round_mass,retained_foreign_object,0.5608,0.3538,4
e6a77c816a42242f.jpg,Ileocecal valve,inflamed_red_surface,widespread_inflammation,0.2611,0.352,5
0e4ff3fb73f56819.jpg,Reduced mucosal view,red_fluid_region,active_bleeding_visible,0.5691,0.5611,3
38189fb9c0ca8f7f.jpg,Ileocecal valve,inflamed_red_surface,large_protruding_lesion,0.7382,0.7314,4
9bb658f94a127f67.jpg,Reduced mucosal view,foreign_object_shape,widespread_inflammation,0.5817,0.4264,1
b9aed127291834a2.jpg,Reduced mucosal view,vascular_red_spots,deep_ulceration_pattern,0.5675,0.6873,2
4a48bf6cabfdca9d.jpg,Ileocecal valve,white_crater_lesion,suspicious_vascular_cluster,0.1937,0.8907,3
f2154b3231d6e946.jpg,Erythema,red_fluid_region,active_bleeding_visible,0.6363,0.4023,5
357bc1f003c34182.jpg,Reduced mucosal view,red_fluid_region,widespread_inflammation,0.4185,0.741,2
96e4f491c8fbcf5f.jpg,Pylorus,dark_blood_residue,retained_foreign_object,0.401,0.1375,4
37d6e1d1c2a5d346.jpg,Erosion,normal_texture,retained_foreign_object,0.3617,0.3846,3
c70a3f6393f202be.jpg,Reduced mucosal view,normal_texture,low_risk_appearance,0.6143,0.6028,1
95a59372942f3cb1.jpg,Reduced mucosal view,normal_texture,widespread_inflammation,0.9111,0.5706,4
796267527af0db3d.jpg,Foreign body,foreign_object_shape,retained_foreign_object,0.4091,0.9078,2
7045af467db9785a.jpg,Reduced mucosal view,dark_blood_residue,unclear_view_needs_review,0.6901,0.4474,2
b18f2de747a39bae.jpg,Ileocecal valve,raised_round_mass,suspicious_vascular_cluster,0.759,0.6635,3
6855c6230bd6ba0e.jpg,Pylorus,landmark_ring_structure,deep_ulceration_pattern,0.2677,0.4744,3
59fbd0a926f3b459.jpg,Foreign body,foreign_object_shape,large_protruding_lesion,0.501,0.5479,3
f103b9342b017f29.jpg,Erosion,normal_texture,suspicious_vascular_cluster,0.9426,0.1883,4
107e6c7570fd552f.jpg,Pylorus,white_crater_lesion,suspicious_vascular_cluster,0.4309,0.3923,1
33550ecdf3befbbb.jpg,Reduced mucosal view,white_crater_lesion,widespread_inflammation,0.4319,0.529,3
e37e24cabc2d500f.jpg,Foreign body,raised_round_mass,widespread_inflammation,0.1437,0.8491,3
15e43308b32cedea.jpg,Lymphangiectasia,inflamed_red_surface,widespread_inflammation,0.648,0.0696,5
97c2d942e38df58a.jpg,Angiectasia,blurred_visibility,active_bleeding_visible,0.8341,0.6986,1
86eb5c66bb4959be.jpg,Reduced mucosal view,blurred_visibility,retained_foreign_object,0.2992,0.3177,2
725f0c8817a5d880.jpg,Foreign body,vascular_red_spots,large_protruding_lesion,0.3116,0.7435,5
fd7e94ad1221222e.jpg,Angiectasia,foreign_object_shape,retained_foreign_object,0.1446,0.4222,4
41f223f1b7174c1c.jpg,Pylorus,red_fluid_region,suspicious_vascular_cluster,0.2324,0.6483,3
0648a4ad490c79a8.jpg,Reduced mucosal view,red_fluid_region,unclear_view_needs_review,0.6653,0.5746,3
e1b29369b7ad4eea.jpg,Foreign body,landmark_ring_structure,retained_foreign_object,0.2551,0.7027,2
ca2d342330ed4064.jpg,Reduced mucosal view,red_fluid_region,large_protruding_lesion,0.7224,0.3992,3
beda27381f3d2286.jpg,Ileocecal valve,landmark_ring_structure,low_risk_appearance,0.5334,0.4222,2
b661188fa1d89172.jpg,Reduced mucosal view,raised_round_mass,large_protruding_lesion,0.7553,0.3603,1
5217c024a04f9819.jpg,Blood - fresh,red_fluid_region,unclear_view_needs_review,0.1061,0.3385,3
dbbc27767877c8a3.jpg,Reduced mucosal view,dark_blood_residue,deep_ulceration_pattern,0.2884,0.7885,3
45699876ffcba775.jpg,Erosion,blurred_visibility,unclear_view_needs_review,0.6428,0.464,3
b227a87b6ceca071.jpg,Ileocecal valve,landmark_ring_structure,active_bleeding_visible,0.3721,0.6894,1
e72ae12c89b8179d.jpg,Ileocecal valve,blurred_visibility,suspicious_vascular_cluster,0.2909,0.1275,2
