id,label,reason_tag,severity_reason,urgent_prob,severity_prob,review_priority
04e1b0e57b1f694b.jpg,Erosion,normal_texture,unclear_view_needs_review,0.6704281594375239,0.6956572522061173,3
cbaed6499658633b.jpg,Ileocecal valve,red_fluid_region,deep_ulceration_pattern,0.46058548400157173,0.5126947801797139,3
dad8671a929023f0.jpg,Pylorus,inflamed_red_surface,suspicious_vascular_cluster,0.5794893920032879,0.6116265137269786,3
b4c8c90bd30c7afd.jpg,Pylorus,inflamed_red_surface,deep_ulceration_pattern,0.41752770264048206,0.5588126800890836,2
cb671b2e869567be.jpg,Ileocecal valve,blurred_visibility,unclear_view_needs_review,0.6580965435218383,0.6596814821566194,3
eca5a6ded5cae856.jpg,Ulcer,landmark_ring_structure,deep_ulceration_pattern,0.4251790038271613,0.5640531094057997,2
045838d4fa6cec83.jpg,Ulcer,red_fluid_region,retained_foreign_object,0.5496231873393476,0.5737277112522264,3
b39052da84800fa5.jpg,Ileocecal valve,normal_texture,widespread_inflammation,0.38070188673815614,0.5217085418687718,3
6ba3f5fb509f3857.jpg,Foreign body,inflamed_red_surface,suspicious_vascular_cluster,0.3154811802854509,0.4446183425674109,3
49d5318167d96183.jpg,Angiectasia,normal_texture,large_protruding_lesion,0.4234121684206152,0.5041006967895028,3
d317bca60f0660a0.jpg,Ileocecal valve,white_crater_lesion,active_bleeding_visible,0.6024076755642529,0.6941365965574742,3
79404fd6bf64ff93.jpg,Reduced mucosal view,dark_blood_residue,unclear_view_needs_review,0.409389162280306,0.4770951327679367,3
cf5f7fb79a3fac7a.jpg,Angiectasia,inflamed_red_surface,unclear_view_needs_review,0.43480128764867926,0.4955734367340426,2
9a2d034d8927a08b.jpg,Angiectasia,white_crater_lesion,large_protruding_lesion,0.3942189485049328,0.551039999619287,3
aeaa6db2a6efbfba.jpg,Foreign body,raised_round_mass,suspicious_vascular_cluster,0.4623908585152723,0.6191179865297803,3
e69bbb5a34d4960d.jpg,Angiectasia,foreign_object_shape,retained_foreign_object,0.3254567476831676,0.45391957881503425,2
d940f99a7771a691.jpg,Foreign body,white_crater_lesion,retained_foreign_object,0.3405347785760843,0.5716697330437713,3
cba4e8bcb8a1be15.jpg,Angiectasia,blurred_visibility,unclear_view_needs_review,0.5293473018342063,0.6067550537332448,3
d01ac3cfbed4e405.jpg,Foreign body,landmark_ring_structure,retained_foreign_object,0.5972266469607018,0.6273342487727986,3
16b07680f167ec58.jpg,Angiectasia,red_fluid_region,deep_ulceration_pattern,0.32090834384043726,0.5237041797616361,2
f609dd731330c380.jpg,Ileocecal valve,red_fluid_region,widespread_inflammation,0.39145993658649936,0.5242135303470289,3
042e1e4168c27b54.jpg,Reduced mucosal view,foreign_object_shape,unclear_view_needs_review,0.36074549567712155,0.48501100781879003,3
761727f6e0d02ef8.jpg,Reduced mucosal view,white_crater_lesion,deep_ulceration_pattern,0.4090047122770185,0.4161841968445503,2
1a389417b45869c1.jpg,Ileocecal valve,dark_blood_residue,retained_foreign_object,0.29955975730691864,0.4600042359660268,3
169a577364e561d1.jpg,Ileocecal valve,raised_round_mass,widespread_inflammation,0.32341069982634785,0.47105733102597325,3
52b390c355649c55.jpg,Ileocecal valve,inflamed_red_surface,retained_foreign_object,0.46870220878394747,0.5941532368369471,2
952418572743f212.jpg,Lymphangiectasia,red_fluid_region,suspicious_vascular_cluster,0.3389072645631101,0.5378161004802265,2
f59534ec3993eda4.jpg,Ileocecal valve,inflamed_red_surface,active_bleeding_visible,0.4427518794000485,0.5867055832655758,3
eb3b24944ad14aa8.jpg,Blood - fresh,landmark_ring_structure,unclear_view_needs_review,0.5905852560543434,0.5281298377530768,3
b0214fe9fc5761e9.jpg,Reduced mucosal view,raised_round_mass,active_bleeding_visible,0.3877875797504738,0.46876173407171556,3
11d67487daccba6c.jpg,Pylorus,raised_round_mass,unclear_view_needs_review,0.5983960292340142,0.6482817908996882,3
155444c6fb67b7f7.jpg,Foreign body,landmark_ring_structure,large_protruding_lesion,0.5344321362737808,0.5809824497606331,3
5057dead37805853.jpg,Pylorus,raised_round_mass,retained_foreign_object,0.36779770809679185,0.4598043372691611,3
e0481a9672bec808.jpg,Reduced mucosal view,blurred_visibility,large_protruding_lesion,0.3662581299531862,0.5928876881847491,3
d8e6a72dadac259c.jpg,Pylorus,landmark_ring_structure,active_bleeding_visible,0.6058255887136079,0.5664557604367998,3
97bb1e4357a65f07.jpg,Ileocecal valve,blurred_visibility,large_protruding_lesion,0.5810665858317615,0.6288379477593113,3
5085c5261a0000bf.jpg,Erosion,inflamed_red_surface,active_bleeding_visible,0.43066503440890996,0.5036449715379082,3
1d72478c78c7d784.jpg,Pylorus,vascular_red_spots,low_risk_appearance,0.5865738743615712,0.5730096579657693,3
282f7b6c9c9a214f.jpg,Reduced mucosal view,normal_texture,low_risk_appearance,0.3370930101882862,0.5157147424722848,3
af64a875a0dd3403.jpg,Angiectasia,raised_round_mass,suspicious_vascular_cluster,0.4749003075015117,0.6185686240569679,3
4d78595f315fc31e.jpg,Reduced mucosal view,foreign_object_shape,unclear_view_needs_review,0.3663539466748417,0.41537914892275385,2
83f5655fb370874f.jpg,Ulcer,dark_blood_residue,retained_foreign_object,0.6101526438223362,0.5670193571666484,3
def4b448545e9d70.jpg,Ileocecal valve,raised_round_mass,widespread_inflammation,0.3681131833960879,0.49535083941259056,2
2fb3e7a1e882db4c.jpg,Angiectasia,dark_blood_residue,large_protruding_lesion,0.3488276581935136,0.5907156978290959,3
3a41c2d186996c8d.jpg,Reduced mucosal view,white_crater_lesion,active_bleeding_visible,0.32805898401860645,0.6027931239887079,3
f51bacbb08078dd2.jpg,Blood - fresh,vascular_red_spots,deep_ulceration_pattern,0.590129505375451,0.6843473498431585,3
0108b3da81850647.jpg,Reduced mucosal view,white_crater_lesion,suspicious_vascular_cluster,0.3523907002164822,0.4345234459918449,3
a18cfb26fa1dd2cc.jpg,Ulcer,vascular_red_spots,active_bleeding_visible,0.3913655979358268,0.5394954237780397,3
9be768d2d6187bcb.jpg,Pylorus,foreign_object_shape,deep_ulceration_pattern,0.40805685625417826,0.5052116935394517,3
515b68e77ccdc099.jpg,Angiectasia,landmark_ring_structure,active_bleeding_visible,0.5097356960477015,0.5502234843444872,3
2fa9c4cb598772ac.jpg,Angiectasia,white_crater_lesion,large_protruding_lesion,0.37324734843152363,0.5225896766080378,2
950ad15ab3b2152a.jpg,Ileocecal valve,inflamed_red_surface,widespread_inflammation,0.4567947619315412,0.5538201396423741,3
16bf09234092e741.jpg,Ileocecal valve,vascular_red_spots,widespread_inflammation,0.48069905472210356,0.5638983730530982,2
06822d30143d3ad8.jpg,Pylorus,dark_blood_residue,widespread_inflammation,0.4361899655575302,0.484960494762946,3
86957cc7083bd4cf.jpg,Angiectasia,red_fluid_region,active_bleeding_visible,0.5697966052103727,0.6262243038819397,3
ae5a4610122a8f68.jpg,Pylorus,raised_round_mass,deep_ulceration_pattern,0.5460488093956173,0.593887698890127,3
93bcfbbd5a597e71.jpg,Foreign body,white_crater_lesion,active_bleeding_visible,0.5110913183176278,0.6196800136711418,3
cbb2b77883ecd02a.jpg,Blood - fresh,foreign_object_shape,deep_ulceration_pattern,0.6780139921741426,0.7326626623268253,3
da3625fd2d7e72c9.jpg,Blood - fresh,vascular_red_spots,large_protruding_lesion,0.657457915793225,0.6840128136758882,3
eed46c4bcb064551.jpg,Ileocecal valve,inflamed_red_surface,low_risk_appearance,0.3355468465744647,0.5451724079150158,3
e3fc3a4ce881ec83.jpg,Ileocecal valve,inflamed_red_surface,widespread_inflammation,0.44195477428127167,0.5150323618502219,2
8d0898f217bee00c.jpg,Erosion,landmark_ring_structure,large_protruding_lesion,0.36398011812972636,0.4933988991269836,3
edbe367a0a27dff3.jpg,Reduced mucosal view,raised_round_mass,unclear_view_needs_review,0.2950579467776594,0.5403542803758872,2
252c39bbf172b563.jpg,Ileocecal valve,inflamed_red_surface,unclear_view_needs_review,0.39274817337739587,0.5341293770937909,3
0c075a617ce985bf.jpg,Reduced mucosal view,vascular_red_spots,active_bleeding_visible,0.37050008711551674,0.527625880662387,3
0c3c7061682b8a67.jpg,Reduced mucosal view,blurred_visibility,deep_ulceration_pattern,0.26283493282545245,0.4578640229999716,2
0e2bbea9d5e3cf1e.jpg,Ileocecal valve,white_crater_lesion,widespread_inflammation,0.34990807947478836,0.5237320346296784,3
8c09f18af2e780e3.jpg,Reduced mucosal view,inflamed_red_surface,large_protruding_lesion,0.3561303008823265,0.6059453549402145,3
0d6753fa890e3fa5.jpg,Blood - fresh,raised_round_mass,retained_foreign_object,0.6050420065241753,0.5855167655846624,3
c25171fab0dbc128.jpg,Pylorus,foreign_object_shape,large_protruding_lesion,0.6100638838745048,0.6508107350795399,3
1f1f8ac7cba84815.jpg,Ileocecal valve,white_crater_lesion,widespread_inflammation,0.4848170816037154,0.5199254463903124,3
c4aca9a368f31f91.jpg,Reduced mucosal view,landmark_ring_structure,widespread_inflammation,0.402244498607429,0.5667902858946431,3
230ebbb93cf133fd.jpg,Pylorus,blurred_visibility,unclear_view_needs_review,0.40424246482701465,0.5857978625913407,3
fe35e9aa1e3c9a06.jpg,Foreign body,blurred_visibility,large_protruding_lesion,0.3990757510279106,0.5279856677061276,3
f5481acd3b94a9a8.jpg,Pylorus,landmark_ring_structure,large_protruding_lesion,0.2533350092329778,0.43692807890222,2
588f81c5beeca800.jpg,Erosion,dark_blood_residue,retained_foreign_object,0.3860623344942649,0.5030177326086744,3
9cf50d3cc9f84290.jpg,Ileocecal valve,foreign_object_shape,active_bleeding_visible,0.2599377690819456,0.44298683508397857,2
a636874532af9bb0.jpg,Ileocecal valve,raised_round_mass,suspicious_vascular_cluster,0.4029681087743965,0.430342754101033,2
393e38fc23cba548.jpg,Ileocecal valve,blurred_visibility,suspicious_vascular_cluster,0.34173244115307266,0.48486376732106656,2
cb96810c4b76a69d.jpg,Pylorus,raised_round_mass,suspicious_vascular_cluster,0.34430730400591947,0.5488485432427403,2
83f89c6407b0afa7.jpg,Reduced mucosal view,blurred_visibility,active_bleeding_visible,0.305248437612978,0.4516275945742022,3
28ced3fd67089fb7.jpg,Ileocecal valve,inflamed_red_surface,retained_foreign_object,0.31375614897808984,0.5279855468275466,2
ab847fde1743c5a9.jpg,Pylorus,inflamed_red_surface,unclear_view_needs_review,0.48867233312422925,0.5816097892695777,3
0f4dfe8b314b8845.jpg,Pylorus,red_fluid_region,deep_ulceration_pattern,0.5658632436534697,0.6850480062574615,3
4c95c7ac6c34dafe.jpg,Foreign body,inflamed_red_surface,suspicious_vascular_cluster,0.37427569311468295,0.5083617530359341,2
fe5c762fe9baa0b0.jpg,Foreign body,landmark_ring_structure,unclear_view_needs_review,0.38895986707546776,0.5060370971871099,2
13f9ef2c2e4618f1.jpg,Ileocecal valve,vascular_red_spots,deep_ulceration_pattern,0.3613164473462859,0.5257168266354127,2
d878c686075d04aa.jpg,Pylorus,vascular_red_spots,low_risk_appearance,0.6352907457871801,0.5914544625238893,3
6f51d1ee54a94177.jpg,Ileocecal valve,vascular_red_spots,active_bleeding_visible,0.37492192726713924,0.6003637153682343,3
4829935c0e0a4ebf.jpg,Lymphangiectasia,foreign_object_shape,suspicious_vascular_cluster,0.4591994649575852,0.511051511478768,3
6980c808d1eb3f99.jpg,Pylorus,vascular_red_spots,active_bleeding_visible,0.6608849910840164,0.6242061092560302,3
2af80225cff6aa7d.jpg,Reduced mucosal view,dark_blood_residue,suspicious_vascular_cluster,0.2530651255513441,0.44969626383779565,2
7218e34036fb39d7.jpg,Angiectasia,raised_round_mass,widespread_inflammation,0.6151155104162828,0.6853270454913645,3
8cd5c9250bf94657.jpg,Ileocecal valve,raised_round_mass,deep_ulceration_pattern,0.45589028446779933,0.5956827333721828,3
dfdc29b3a2a98a3f.jpg,Blood - fresh,dark_blood_residue,large_protruding_lesion,0.5787036439712231,0.5667143347640302,3
43545de5886dbbd6.jpg,Ileocecal valve,raised_round_mass,unclear_view_needs_review,0.35521747793658415,0.48394173649505906,2
3d032d21add1f1c8.jpg,Pylorus,inflamed_red_surface,widespread_inflammation,0.6203104406460873,0.5751522381881214,3
22c754aa965d8b34.jpg,Pylorus,blurred_visibility,unclear_view_needs_review,0.5909291220211667,0.6208256608344174,3
296d358f8904b5f2.jpg,Ileocecal valve,raised_round_mass,widespread_inflammation,0.3922753707871199,0.5032650452449094,3
636ee3e6b11b5bd0.jpg,Pylorus,inflamed_red_surface,deep_ulceration_pattern,0.6390606588205705,0.6448331356295659,3
5e368a7109297454.jpg,Pylorus,raised_round_mass,large_protruding_lesion,0.30211265466997883,0.434822576840157,3
eb25c6634d2a1bb9.jpg,Ileocecal valve,foreign_object_shape,unclear_view_needs_review,0.38427745145566206,0.46641604323915714,3
2dfd7b7b9a1782b5.jpg,Foreign body,landmark_ring_structure,deep_ulceration_pattern,0.38246298609482654,0.5406265196792825,3
66741272eede617e.jpg,Ileocecal valve,blurred_visibility,retained_foreign_object,0.36514685169686883,0.5740994879104173,2
8c15c98ecd2f7021.jpg,Reduced mucosal view,blurred_visibility,active_bleeding_visible,0.28538439075376315,0.4065569235342593,3
207dd6f89d59fb9f.jpg,Blood - fresh,red_fluid_region,retained_foreign_object,0.7249957401749025,0.7026712063251317,3
f2a1e08b95ead1ae.jpg,Reduced mucosal view,landmark_ring_structure,retained_foreign_object,0.3584138888173848,0.49968794978648473,3
c84792cf4fbeb08d.jpg,Reduced mucosal view,raised_round_mass,deep_ulceration_pattern,0.4053234526277537,0.41757794066294507,3
d551600500517b11.jpg,Pylorus,raised_round_mass,large_protruding_lesion,0.4945621605922337,0.6191410322242548,3
0bd2c100dc41c683.jpg,Lymphangiectasia,white_crater_lesion,suspicious_vascular_cluster,0.41146979197791156,0.5216166456775526,3
fa02ac776876468b.jpg,Blood - fresh,red_fluid_region,deep_ulceration_pattern,0.610216036306402,0.6645520410770105,3
314da4aaa520d92e.jpg,Reduced mucosal view,blurred_visibility,deep_ulceration_pattern,0.31561347839513176,0.4711520682053538,2
f9da00d87c2a299e.jpg,Reduced mucosal view,blurred_visibility,low_risk_appearance,0.37809635191058644,0.5470072146942506,3
cec725fdfbf76834.jpg,Ileocecal valve,blurred_visibility,large_protruding_lesion,0.5119845275178211,0.5994400306779926,3
1020bbdb2d901ed4.jpg,Pylorus,foreign_object_shape,retained_foreign_object,0.6587198913170212,0.6328278485337173,3
71b55902c45fc296.jpg,Erosion,dark_blood_residue,large_protruding_lesion,0.33625095837799385,0.4534469171258482,2
8c691f2b90778640.jpg,Ileocecal valve,inflamed_red_surface,deep_ulceration_pattern,0.39382286113030146,0.42362645962023315,2
2dbbfc81b4298ece.jpg,Ileocecal valve,blurred_visibility,retained_foreign_object,0.5084863446076355,0.553723372875416,3
f50a1348997f06aa.jpg,Reduced mucosal view,white_crater_lesion,active_bleeding_visible,0.2664896158819243,0.4763487290939223,2
5fb19f24f8016003.jpg,Lymphangiectasia,raised_round_mass,widespread_inflammation,0.4362687053374519,0.5362988174286051,3
134633e3ab3cdd9b.jpg,Foreign body,blurred_visibility,large_protruding_lesion,0.44892776580236526,0.49360625119050416,3
445189ff1159534b.jpg,Angiectasia,raised_round_mass,large_protruding_lesion,0.36772947239567566,0.47725518073866174,3
8a396914e67f2b3d.jpg,Pylorus,raised_round_mass,suspicious_vascular_cluster,0.6113359181779892,0.5345670838567199,3
12c234d8c0800a7c.jpg,Ileocecal valve,white_crater_lesion,large_protruding_lesion,0.3702237620807632,0.607328305444567,3
e001ce3e7c551fa6.jpg,Ileocecal valve,white_crater_lesion,widespread_inflammation,0.577512463126247,0.5523125237839246,3
c3d0617d1ea1f0dd.jpg,Reduced mucosal view,landmark_ring_structure,unclear_view_needs_review,0.37728539914392856,0.39952098991857643,3
47675dc1c77bb9c0.jpg,Lymphangiectasia,white_crater_lesion,active_bleeding_visible,0.3832401418741192,0.47175341181756675,3
f9746f6192ceb6bc.jpg,Pylorus,dark_blood_residue,active_bleeding_visible,0.5477629958531615,0.5930922878208881,2
4026c60cbf565e79.jpg,Ileocecal valve,landmark_ring_structure,low_risk_appearance,0.3425160094241975,0.42339081188332683,3
0198fc8b833c944f.jpg,Blood - fresh,blurred_visibility,unclear_view_needs_review,0.7048033352033451,0.7711344993172647,3
66759fe909793bed.jpg,Lymphangiectasia,inflamed_red_surface,deep_ulceration_pattern,0.4079699404619925,0.4960443500715592,3
4185b6c95279d021.jpg,Ileocecal valve,landmark_ring_structure,deep_ulceration_pattern,0.3504671599752285,0.5108120422478052,3
74850dc94bdd7216.jpg,Lymphangiectasia,inflamed_red_surface,unclear_view_needs_review,0.33539191641605554,0.4116796966926952,3
b75de9dd08e01099.jpg,Reduced mucosal view,normal_texture,low_risk_appearance,0.37847265085124704,0.4872293727460882,3
25c5c8e8a6e194b1.jpg,Reduced mucosal view,white_crater_lesion,deep_ulceration_pattern,0.32032444389217246,0.39532612114610677,3
0c567641fc03bf37.jpg,Ileocecal valve,landmark_ring_structure,active_bleeding_visible,0.3125513567487269,0.603471100577592,2
452fe7bd87300cc6.jpg,Angiectasia,white_crater_lesion,suspicious_vascular_cluster,0.3584935951917802,0.5122660108202953,3
5fef15fd5420717c.jpg,Reduced mucosal view,red_fluid_region,retained_foreign_object,0.4392480204229,0.5510459372258747,3
6edc442bbf0b2829.jpg,Ileocecal valve,vascular_red_spots,suspicious_vascular_cluster,0.40390914825057067,0.5436022293865542,3
3b00f0fcbabec0c8.jpg,Ileocecal valve,landmark_ring_structure,retained_foreign_object,0.5074983193879588,0.6929858926098367,3
802831635e2154c6.jpg,Pylorus,white_crater_lesion,unclear_view_needs_review,0.5663905657503862,0.5161700531735686,3
38e0115e6b41fff5.jpg,Ileocecal valve,vascular_red_spots,suspicious_vascular_cluster,0.33360925241994543,0.4528848578121291,3
5b68590e0b4a9046.jpg,Pylorus,red_fluid_region,retained_foreign_object,0.5669452841822739,0.6394737514100409,3
cf939847e8547f50.jpg,Reduced mucosal view,inflamed_red_surface,widespread_inflammation,0.37498597666165345,0.42426945541314875,3
1eb2cbb316f5a13e.jpg,Ileocecal valve,raised_round_mass,retained_foreign_object,0.4148096350361883,0.6040573828817467,3
9d7d8a1128cd2fb9.jpg,Reduced mucosal view,blurred_visibility,widespread_inflammation,0.31023509224252616,0.4552166398113523,3
82c8d845ad28896c.jpg,Pylorus,vascular_red_spots,low_risk_appearance,0.5765960177518397,0.622311633414095,3
d245f4f5380f1530.jpg,Reduced mucosal view,foreign_object_shape,unclear_view_needs_review,0.41278717427822026,0.579630379731765,3
b3871871b0d10010.jpg,Reduced mucosal view,red_fluid_region,large_protruding_lesion,0.4466095935137849,0.5016765256969465,3
73fbfdbb1b3199cf.jpg,Angiectasia,red_fluid_region,active_bleeding_visible,0.26818266433794236,0.4759716171951618,3
e383fa2b4e2330aa.jpg,Reduced mucosal view,blurred_visibility,large_protruding_lesion,0.3770752162459623,0.49747564732091515,2
97cdd0d878dd9bac.jpg,Ulcer,landmark_ring_structure,suspicious_vascular_cluster,0.5974032226777387,0.5898017833102148,2
70b54607db6a6d69.jpg,Ileocecal valve,inflamed_red_surface,unclear_view_needs_review,0.3441325400363407,0.4927149797631442,3
ae7118fc20965810.jpg,Reduced mucosal view,landmark_ring_structure,widespread_inflammation,0.4057532377284061,0.6125457668942146,2
52d8739aa987166b.jpg,Ulcer,normal_texture,unclear_view_needs_review,0.3591314101415319,0.411091179215155,3
04bb6f26f6c58ea7.jpg,Pylorus,normal_texture,low_risk_appearance,0.32767236527836185,0.49874144345793175,3
3fe23010da91fefe.jpg,Reduced mucosal view,landmark_ring_structure,unclear_view_needs_review,0.33044105071203195,0.48833704764347513,3
5703658261b9fc0f.jpg,Blood - fresh,raised_round_mass,suspicious_vascular_cluster,0.5388934608240034,0.5926297061199589,2
f8a662b4d6c782b6.jpg,Angiectasia,raised_round_mass,unclear_view_needs_review,0.6688047175279703,0.691898369673942,3
ce20c1591e7750a3.jpg,Pylorus,normal_texture,large_protruding_lesion,0.31244637664000563,0.44672331019247785,3
0700a464de11ccf2.jpg,Erosion,blurred_visibility,large_protruding_lesion,0.3581845295474469,0.5150880563485114,3
9da600370a781627.jpg,Ileocecal valve,blurred_visibility,widespread_inflammation,0.406550096750367,0.5724668362983152,2
ba47654d8eda9528.jpg,Angiectasia,dark_blood_residue,deep_ulceration_pattern,0.3807825335238135,0.4886046193708148,2
20bd26ef2215ad56.jpg,Reduced mucosal view,blurred_visibility,deep_ulceration_pattern,0.42802722157437095,0.5087901832364584,3
4a019c763e88893f.jpg,Ulcer,red_fluid_region,large_protruding_lesion,0.3399458804008318,0.489873964254627,3
96a91ed9c57fd0d1.jpg,Ileocecal valve,raised_round_mass,widespread_inflammation,0.3639089612173192,0.5113895208830365,3
f557e59fbb0ec136.jpg,Ileocecal valve,red_fluid_region,active_bleeding_visible,0.36694260107383736,0.5089244773154193,3
97b1cdad979e6bdd.jpg,Reduced mucosal view,inflamed_red_surface,suspicious_vascular_cluster,0.3135402187187749,0.4874644704938777,3
555c2ed4343354e1.jpg,Ileocecal valve,foreign_object_shape,deep_ulceration_pattern,0.36599050441853953,0.5622806132743937,3
94cfad1c88d2566c.jpg,Ileocecal valve,vascular_red_spots,large_protruding_lesion,0.38917675360127096,0.5819629002493836,3
d1d9bd69570fa697.jpg,Angiectasia,blurred_visibility,low_risk_appearance,0.31472244700324403,0.48715084227067124,3
ce2bfa5c9f5cc8c7.jpg,Reduced mucosal view,blurred_visibility,active_bleeding_visible,0.40540739053500047,0.538378245648676,3
26409fba5068c792.jpg,Ileocecal valve,normal_texture,unclear_view_needs_review,0.33469759051210607,0.4776600569905784,3
dea3b8e7f63430fe.jpg,Ulcer,red_fluid_region,active_bleeding_visible,0.38071730726512876,0.5433782043303239,3
bcb016a43ed42350.jpg,Erythema,normal_texture,retained_foreign_object,0.4372359596503528,0.5398064881393047,2
b8db6c81940874e4.jpg,Ulcer,normal_texture,active_bleeding_visible,0.5242542050336578,0.6370497749248711,3
f597ad761463cde0.jpg,Reduced mucosal view,blurred_visibility,deep_ulceration_pattern,0.28450125301645934,0.5116931967927648,2
124fae6eacdd087f.jpg,Reduced mucosal view,raised_round_mass,deep_ulceration_pattern,0.4162400628990145,0.5727821596291661,2
59406a6dafe0decb.jpg,Angiectasia,inflamed_red_surface,widespread_inflammation,0.27918909786219187,0.4207051629651528,2
d4cda38cccf86a6a.jpg,Pylorus,white_crater_lesion,widespread_inflammation,0.5643440360221132,0.5900519661318148,3
4c00500c873bb6e2.jpg,Ileocecal valve,dark_blood_residue,low_risk_appearance,0.36224632890059494,0.537753819251723,3
6c6c801522a5555c.jpg,Reduced mucosal view,blurred_visibility,suspicious_vascular_cluster,0.36641208674207637,0.476092739315906,2
77bd368eaabf1237.jpg,Ileocecal valve,normal_texture,large_protruding_lesion,0.36207206886513077,0.4366718892414535,3
5201c5b91856907b.jpg,Ileocecal valve,white_crater_lesion,deep_ulceration_pattern,0.3567546218424514,0.4751814194376146,3
e832505872e4b9f5.jpg,Ileocecal valve,normal_texture,active_bleeding_visible,0.3544780502078236,0.49748969833822587,3
ae8476b65adce644.jpg,Ileocecal valve,foreign_object_shape,deep_ulceration_pattern,0.23886407993686362,0.5334652324058188,2
b897eda0ceb78454.jpg,Reduced mucosal view,vascular_red_spots,large_protruding_lesion,0.43476176205572803,0.5803139459478255,3
b8e04fd5f3952f30.jpg,Ileocecal valve,white_crater_lesion,suspicious_vascular_cluster,0.3540315001182302,0.4834932103382015,2
703a8d347d5f6480.jpg,Ileocecal valve,dark_blood_residue,large_protruding_lesion,0.4353599322907632,0.5568641684316126,3
dc9038e078de12fc.jpg,Reduced mucosal view,dark_blood_residue,unclear_view_needs_review,0.3745413226189217,0.43552561552755953,3
e906879b05118843.jpg,Blood - fresh,red_fluid_region,deep_ulceration_pattern,0.6460023494141105,0.771792625398726,4
96659f96130a2fe3.jpg,Ileocecal valve,dark_blood_residue,retained_foreign_object,0.38629641933597636,0.5179075813886079,2
39fba32507fc5f1a.jpg,Ileocecal valve,dark_blood_residue,active_bleeding_visible,0.31620568720881287,0.5021102302167506,3
2a4b0dba9f24dcdb.jpg,Angiectasia,landmark_ring_structure,suspicious_vascular_cluster,0.6190428455004339,0.6350351826021008,3
0a3a1cf817ae338c.jpg,Reduced mucosal view,red_fluid_region,deep_ulceration_pattern,0.4528096466630257,0.5122392033371965,3
c82651305d902aa3.jpg,Angiectasia,raised_round_mass,deep_ulceration_pattern,0.6531728236107661,0.6576004029346236,3
81a054fab1167a9f.jpg,Reduced mucosal view,vascular_red_spots,large_protruding_lesion,0.44132362756118426,0.5226633956317875,3
92837889dd675042.jpg,Ileocecal valve,landmark_ring_structure,low_risk_appearance,0.45249713317347384,0.5485938284105265,2
a4b6d72b0e05b060.jpg,Ileocecal valve,blurred_visibility,large_protruding_lesion,0.38508813450660734,0.5415071598603227,3
2e6f291820e041d9.jpg,Erosion,raised_round_mass,suspicious_vascular_cluster,0.3505865945748545,0.5213661371337456,3
4c46a7f040af62ab.jpg,Reduced mucosal view,foreign_object_shape,retained_foreign_object,0.30627518728948694,0.4817599072975137,2
5eeb0ab00800a00d.jpg,Reduced mucosal view,white_crater_lesion,unclear_view_needs_review,0.42724034694556157,0.5762892968473755,3
9da8757c841392f8.jpg,Ulcer,landmark_ring_structure,active_bleeding_visible,0.3112775379024212,0.4485085805901993,2
4f657f31afa3e655.jpg,Reduced mucosal view,foreign_object_shape,suspicious_vascular_cluster,0.395323194675298,0.46742599972624616,2
a3bd80ca6b3ad5d9.jpg,Reduced mucosal view,normal_texture,widespread_inflammation,0.31900804181036774,0.4610653609683025,2
39dde42043f69c53.jpg,Polyp,dark_blood_residue,active_bleeding_visible,0.519497941060013,0.5721084033966604,3
e600c63ae129c902.jpg,Blood - fresh,red_fluid_region,retained_foreign_object,0.5481594793616389,0.648434156171268,3
f20b8cc19c1a5a3b.jpg,Angiectasia,red_fluid_region,suspicious_vascular_cluster,0.3199953415744754,0.4167729218198674,3
560723b6fdecded8.jpg,Blood - fresh,dark_blood_residue,large_protruding_lesion,0.5458617196591022,0.6238963273642352,3
ad0c90eb7be5b61d.jpg,Angiectasia,dark_blood_residue,retained_foreign_object,0.275554702834484,0.4753714137551569,3
96cc1c61da0f3301.jpg,Reduced mucosal view,normal_texture,large_protruding_lesion,0.46641134676554663,0.536216495768864,2
a09c6f43505f6779.jpg,Ileocecal valve,raised_round_mass,deep_ulceration_pattern,0.34995642938826643,0.5483383424910631,2
2cc3643f38cd1916.jpg,Reduced mucosal view,landmark_ring_structure,low_risk_appearance,0.3789543357978129,0.5039962921389987,3
1a22c66ee1a8bdd8.jpg,Erosion,landmark_ring_structure,widespread_inflammation,0.4033067382828888,0.49123524113088707,3
63cbf5e2df471114.jpg,Ileocecal valve,raised_round_mass,low_risk_appearance,0.4607493234580795,0.5528516504590082,3
eef3f4f801565b70.jpg,Ileocecal valve,landmark_ring_structure,low_risk_appearance,0.3809937682682684,0.4033934123873432,3
f931e80a24b958aa.jpg,Ileocecal valve,dark_blood_residue,active_bleeding_visible,0.3528891450021405,0.40527727677969033,2
0ed249318b4803d2.jpg,Erythema,inflamed_red_surface,unclear_view_needs_review,0.6809890928022484,0.6734208994098276,3
0adabe496f541a9b.jpg,Lymphangiectasia,vascular_red_spots,suspicious_vascular_cluster,0.5223762098869881,0.5127893791444224,2
661fa46d52c33ea8.jpg,Pylorus,blurred_visibility,large_protruding_lesion,0.5499925648799262,0.5708045992643892,3
3e5c4b67314fab94.jpg,Pylorus,dark_blood_residue,widespread_inflammation,0.6078856838988967,0.62152497285659,3
465e38d6658cc461.jpg,Ileocecal valve,vascular_red_spots,retained_foreign_object,0.4204810463589462,0.5590844188245193,3
ffba3c55dfcc4093.jpg,Pylorus,red_fluid_region,large_protruding_lesion,0.6111271868697847,0.5979596942784382,4
5e6113475b9245d2.jpg,Ileocecal valve,dark_blood_residue,suspicious_vascular_cluster,0.4070437140658314,0.43567566708272054,2
58085c0752deca32.jpg,Foreign body,red_fluid_region,unclear_view_needs_review,0.3970512594760119,0.5710021886097125,3
26738d0088321f1a.jpg,Ileocecal valve,blurred_visibility,low_risk_appearance,0.4029613055102137,0.5400196454158226,3
8a5f7a9084364407.jpg,Reduced mucosal view,white_crater_lesion,unclear_view_needs_review,0.33300795136998673,0.5658055577353847,3
5b1c205bb350abb8.jpg,Ileocecal valve,raised_round_mass,unclear_view_needs_review,0.5001940872081695,0.5693567713400439,3
9eb6922869dbaa87.jpg,Reduced mucosal view,blurred_visibility,widespread_inflammation,0.35244485643274404,0.4413952126137248,2
5836eb5e95506f76.jpg,Ulcer,inflamed_red_surface,active_bleeding_visible,0.3077927582161982,0.49660294387626625,3
9c49dbcb3766c23c.jpg,Ileocecal valve,raised_round_mass,retained_foreign_object,0.4544829355945157,0.5435754778620348,3
e890ef7de8f5f8df.jpg,Ulcer,red_fluid_region,suspicious_vascular_cluster,0.2972388673486093,0.44129278226018004,2
4537b9c8087d0d1a.jpg,Angiectasia,vascular_red_spots,low_risk_appearance,0.3117214367975296,0.4342507824467956,3
10855febf6401c9f.jpg,Foreign body,landmark_ring_structure,large_protruding_lesion,0.3997362904638363,0.5422432529898108,3
c98dbf0421025ef2.jpg,Ileocecal valve,inflamed_red_surface,deep_ulceration_pattern,0.3809125612365091,0.5071797406381421,3
34077698c482ec5a.jpg,Blood - fresh,foreign_object_shape,suspicious_vascular_cluster,0.6401502373696664,0.578321716983545,3
68da38b209b62c45.jpg,Pylorus,red_fluid_region,suspicious_vascular_cluster,0.5782912949829616,0.6749024662913209,3
b97a910cb705d467.jpg,Ulcer,inflamed_red_surface,unclear_view_needs_review,0.42608610046274376,0.5725034045363413,3
74b2653f9ddacbc3.jpg,Pylorus,inflamed_red_surface,widespread_inflammation,0.6015855715332872,0.5930014633515338,3
1109985ce4070f84.jpg,Lymphangiectasia,blurred_visibility,active_bleeding_visible,0.38240595336738303,0.5323050825198928,3
7630c044f55b289e.jpg,Pylorus,vascular_red_spots,suspicious_vascular_cluster,0.5512762193453907,0.6422754203372597,3
0201069562d0b46c.jpg,Ileocecal valve,landmark_ring_structure,deep_ulceration_pattern,0.3835435236097475,0.5461823221883018,3
27f9a95c9066b927.jpg,Ileocecal valve,inflamed_red_surface,active_bleeding_visible,0.40020870313915224,0.5581609465019954,2
7dc4d54b4a6d65f3.jpg,Lymphangiectasia,foreign_object_shape,deep_ulceration_pattern,0.2911305003012422,0.4779913740054264,2
81491933740d9781.jpg,Pylorus,foreign_object_shape,retained_foreign_object,0.652251792099068,0.616639545211898,3
81fc0e9b861c1d09.jpg,Ileocecal valve,raised_round_mass,large_protruding_lesion,0.31359822132863585,0.5173673937316768,3
5458ba22553ee44b.jpg,Pylorus,raised_round_mass,low_risk_appearance,0.5994207033457339,0.6653495247434106,3
cbe9314e54b12b76.jpg,Ileocecal valve,blurred_visibility,retained_foreign_object,0.6258501776933445,0.73610954504855,3
65d1d2c983ad33dc.jpg,Ileocecal valve,inflamed_red_surface,suspicious_vascular_cluster,0.4460449557743344,0.49455970114801545,3
982d23e756376111.jpg,Ileocecal valve,red_fluid_region,unclear_view_needs_review,0.5868921187030102,0.6244212695843987,3
738e9c4e809167cf.jpg,Ulcer,inflamed_red_surface,retained_foreign_object,0.44714187367799285,0.5507845112018704,3
5f148556f38bccb8.jpg,Ileocecal valve,inflamed_red_surface,unclear_view_needs_review,0.351414498338145,0.5947301700796604,2
d73886f1b77dad61.jpg,Ileocecal valve,foreign_object_shape,large_protruding_lesion,0.38670676020395645,0.5420221079522669,2
e4463dd33b64d36f.jpg,Angiectasia,blurred_visibility,unclear_view_needs_review,0.3043414979699034,0.4924523937333702,3
ca3c0126c758a3a7.jpg,Ileocecal valve,dark_blood_residue,suspicious_vascular_cluster,0.39843657129301324,0.4853838493813422,2
68964697855fd032.jpg,Ileocecal valve,white_crater_lesion,deep_ulceration_pattern,0.3459886330884121,0.5562109089275463,3
65520a328004d5c4.jpg,Ileocecal valve,blurred_visibility,widespread_inflammation,0.3968861120994564,0.49723223430627317,3
1be1a5082d47a80c.jpg,Ileocecal valve,raised_round_mass,active_bleeding_visible,0.44903046137977265,0.583458749896751,3
727f2688692af053.jpg,Foreign body,vascular_red_spots,retained_foreign_object,0.39039902851373043,0.5092655197118062,2
1596ce46447cbe51.jpg,Reduced mucosal view,inflamed_red_surface,unclear_view_needs_review,0.2975052837956039,0.4498669427813044,2
c4798dbd70d56eda.jpg,Reduced mucosal view,normal_texture,large_protruding_lesion,0.4568832374109377,0.5275248503137723,2
1698d9222bd1989b.jpg,Ileocecal valve,foreign_object_shape,large_protruding_lesion,0.4308470937465281,0.5333298289759981,3
05794477f89a0f09.jpg,Erythema,white_crater_lesion,suspicious_vascular_cluster,0.3862609809540241,0.5162747201746407,3
7fc3304e724e2e27.jpg,Normal clean mucosa,normal_texture,suspicious_vascular_cluster,0.45074095598480446,0.5124025563621418,3
1c00ad2da6dabda3.jpg,Pylorus,normal_texture,retained_foreign_object,0.6479472948942873,0.6328589548503103,3
ad1894ab53c6df1c.jpg,Foreign body,red_fluid_region,suspicious_vascular_cluster,0.37122162446839024,0.45381797092962317,3
fee014f98c346ce5.jpg,Angiectasia,vascular_red_spots,deep_ulceration_pattern,0.2639701014608201,0.4063588512989992,3
073b46002ccfd4e0.jpg,Ileocecal valve,vascular_red_spots,large_protruding_lesion,0.30950319278240906,0.43847923633709085,2
9d30ef7ee39b46fc.jpg,Ileocecal valve,foreign_object_shape,retained_foreign_object,0.6188182752964636,0.6216145808546363,3
c0eeb6557d40bc8f.jpg,Blood - fresh,vascular_red_spots,unclear_view_needs_review,0.6267714126637929,0.6285572827033722,3
e5c253e2b8a31a57.jpg,Reduced mucosal view,normal_texture,suspicious_vascular_cluster,0.43980757185196184,0.6069659789327384,3
71fdff367d494499.jpg,Angiectasia,raised_round_mass,retained_foreign_object,0.3750084731141129,0.48028574495146287,3
fd0af9b7ed1042eb.jpg,Ileocecal valve,inflamed_red_surface,large_protruding_lesion,0.44012211642504956,0.4890350754910611,3
d79a2a40f00928dc.jpg,Ileocecal valve,dark_blood_residue,low_risk_appearance,0.40535751064733505,0.5063079555352394,2
a8693f5dc96d0f4a.jpg,Erosion,red_fluid_region,deep_ulceration_pattern,0.373263913869827,0.4611930691715028,3
4fcb9de132f74e0a.jpg,Lymphangiectasia,white_crater_lesion,retained_foreign_object,0.41047089341760407,0.5345052467854442,2
c33c390ffcb065ba.jpg,Ileocecal valve,white_crater_lesion,deep_ulceration_pattern,0.31194322124080776,0.5079274057138462,3
ce95ba002073a153.jpg,Ileocecal valve,red_fluid_region,widespread_inflammation,0.2923422500789304,0.46559694490321113,3
000cbeba70fa2961.jpg,Ileocecal valve,white_crater_lesion,widespread_inflammation,0.444698044656588,0.5087336499954782,2
5948fa478966180f.jpg,Reduced mucosal view,dark_blood_residue,deep_ulceration_pattern,0.3161060260081477,0.5312450006475479,3
e0669607b46ddbfe.jpg,Ileocecal valve,landmark_ring_structure,low_risk_appearance,0.48543021229981215,0.5270795033533872,3
e79d7e0c65f36f64.jpg,Erosion,white_crater_lesion,active_bleeding_visible,0.5666821675120557,0.6239405495791731,3
2e7e00540ce190e6.jpg,Angiectasia,red_fluid_region,deep_ulceration_pattern,0.36845198200052404,0.4301639705748442,2
ac936202459b4b49.jpg,Angiectasia,inflamed_red_surface,deep_ulceration_pattern,0.3637597114367537,0.5370838499726273,3
a7afcd8ff1c265b0.jpg,Ileocecal valve,red_fluid_region,widespread_inflammation,0.31007367272322484,0.4902574181448539,3
3bf6de38e7dfe7e9.jpg,Pylorus,red_fluid_region,retained_foreign_object,0.5374042248648303,0.5615118229994093,3
c9c3da6932347481.jpg,Foreign body,inflamed_red_surface,unclear_view_needs_review,0.6044046804207096,0.628203278301882,3
c3e2b609f4f16e27.jpg,Ileocecal valve,normal_texture,retained_foreign_object,0.5207032174493837,0.5066832562126261,3
776807d2f7cdc7db.jpg,Reduced mucosal view,red_fluid_region,unclear_view_needs_review,0.34125198861811396,0.5604059281097116,2
9c70028c3a3843d4.jpg,Ileocecal valve,inflamed_red_surface,active_bleeding_visible,0.2850672535875938,0.5582091487741179,3
a5554553d37dfcdd.jpg,Ileocecal valve,white_crater_lesion,widespread_inflammation,0.40457523653617405,0.5268754183401528,3
c54689a94df7cff6.jpg,Pylorus,inflamed_red_surface,deep_ulceration_pattern,0.5421437642752427,0.6181054132801205,3
21c56f754ee93eae.jpg,Ileocecal valve,blurred_visibility,deep_ulceration_pattern,0.5811897896922464,0.6145067736371884,3
6cebbbae0b2bb8e5.jpg,Ileocecal valve,vascular_red_spots,retained_foreign_object,0.3875605852137402,0.4504127099083634,3
7ce066f5d81138a3.jpg,Reduced mucosal view,normal_texture,large_protruding_lesion,0.3256546470224763,0.5444802647254843,3
07d7b7c962365415.jpg,Ileocecal valve,vascular_red_spots,large_protruding_lesion,0.6002702282511223,0.6412244883665558,3
4ab80cac24801a37.jpg,Pylorus,foreign_object_shape,low_risk_appearance,0.6152535056592707,0.6829419249789545,3
eec4977d85e8edfb.jpg,Foreign body,blurred_visibility,deep_ulceration_pattern,0.3450141802158874,0.5820704944231909,3
d1c7ded0a8e5067e.jpg,Erosion,landmark_ring_structure,low_risk_appearance,0.5881773210074843,0.6562065096297801,3
99ca92a093937b72.jpg,Erosion,vascular_red_spots,active_bleeding_visible,0.6260056869619242,0.6753541737479044,3
fb03014471c01769.jpg,Ulcer,foreign_object_shape,widespread_inflammation,0.6342316098965036,0.5705184171840963,3
3b3e3a89e81422d1.jpg,Erosion,dark_blood_residue,retained_foreign_object,0.3540372160622073,0.5651457883956841,3
81b4ea6a02d8d8cf.jpg,Angiectasia,dark_blood_residue,widespread_inflammation,0.33331148888083206,0.5404500577521683,3
21d979d60af05e9a.jpg,Reduced mucosal view,inflamed_red_surface,widespread_inflammation,0.3058470122801441,0.47677066165298143,2
4a784acc5b91d4b1.jpg,Ileocecal valve,raised_round_mass,active_bleeding_visible,0.3115922923673949,0.5439157567111487,3
127d9ab278798eb6.jpg,Ileocecal valve,red_fluid_region,low_risk_appearance,0.36393655748204196,0.4998562733743874,3
959565175e07f0b8.jpg,Reduced mucosal view,blurred_visibility,active_bleeding_visible,0.309902791481929,0.47427275385156564,3
ea28537fbbe9c9d8.jpg,Reduced mucosal view,normal_texture,suspicious_vascular_cluster,0.43436108447064103,0.4691284761198362,2
99e2791200728794.jpg,Pylorus,red_fluid_region,large_protruding_lesion,0.4019624109873823,0.5076219587322021,3
cf119229d9c92899.jpg,Reduced mucosal view,red_fluid_region,suspicious_vascular_cluster,0.44493871028284127,0.5525483251099355,3
55e1335e903df534.jpg,Reduced mucosal view,dark_blood_residue,retained_foreign_object,0.41856954379013006,0.46188627184953307,2
e8cd59a91f81c365.jpg,Reduced mucosal view,blurred_visibility,active_bleeding_visible,0.30734515202252455,0.5686442512061165,3
33bca04783d788ee.jpg,Ileocecal valve,normal_texture,widespread_inflammation,0.3595335265979714,0.46223562073984986,3
c911a9f1cbc75b9f.jpg,Reduced mucosal view,foreign_object_shape,low_risk_appearance,0.5130580147371007,0.5567241633743936,3
5cf454cb64ad1de6.jpg,Reduced mucosal view,landmark_ring_structure,large_protruding_lesion,0.33690818190252564,0.4823698979760403,3
356992ad9d71c404.jpg,Reduced mucosal view,foreign_object_shape,suspicious_vascular_cluster,0.34589492225810436,0.46921346475071946,3
ffc799f6336d6e25.jpg,Angiectasia,red_fluid_region,suspicious_vascular_cluster,0.41770371013364604,0.4536794316929332,2
acab2e8d718a38ff.jpg,Ileocecal valve,normal_texture,widespread_inflammation,0.4730114500210508,0.4450212750046918,3
a3d4e807e3b22c83.jpg,Ileocecal valve,vascular_red_spots,active_bleeding_visible,0.3538064097563223,0.4679580014612991,3
58223fee819167a9.jpg,Lymphangiectasia,dark_blood_residue,widespread_inflammation,0.5073967115047757,0.48566557961168566,2
1adf222afe8e20db.jpg,Ileocecal valve,white_crater_lesion,deep_ulceration_pattern,0.27665104935214835,0.48963382887168655,2
693ba918aa289eff.jpg,Lymphangiectasia,foreign_object_shape,retained_foreign_object,0.3671655952862027,0.5409853116356667,3
0f845791e5734948.jpg,Ulcer,raised_round_mass,large_protruding_lesion,0.40839859662825206,0.5850617662481563,3
66f6da99bda47e9a.jpg,Reduced mucosal view,red_fluid_region,retained_foreign_object,0.2877982642311708,0.4955869296663079,3
a2f3786bdd66e773.jpg,Pylorus,vascular_red_spots,active_bleeding_visible,0.6178158076869485,0.6970110008183019,3
468cc676d7cf51e3.jpg,Lymphangiectasia,blurred_visibility,retained_foreign_object,0.37399799919241317,0.5096876657905869,3
766c0046eb4deb75.jpg,Ileocecal valve,white_crater_lesion,unclear_view_needs_review,0.5347952409529118,0.7231322867324136,3
247f944d585dc891.jpg,Angiectasia,normal_texture,retained_foreign_object,0.4392598534870905,0.5250057160869861,3
020e1215d0903223.jpg,Ulcer,foreign_object_shape,retained_foreign_object,0.37483776078619,0.4708326970361584,3
012aa50d49f6451e.jpg,Ileocecal valve,raised_round_mass,deep_ulceration_pattern,0.28403676062935035,0.522882997874139,2
cab353342dfa7749.jpg,Reduced mucosal view,dark_blood_residue,widespread_inflammation,0.40696148021671635,0.6216540212911376,3
d763a3da5572aa25.jpg,Pylorus,raised_round_mass,retained_foreign_object,0.6871119160324541,0.5996698546978982,3
fbcd5be760a5e13f.jpg,Angiectasia,dark_blood_residue,retained_foreign_object,0.31339004239802054,0.45928761660935014,2
03923bd287f0209c.jpg,Blood - fresh,foreign_object_shape,retained_foreign_object,0.6677550108388837,0.6655682491143965,3
24cad213498e4027.jpg,Ileocecal valve,foreign_object_shape,deep_ulceration_pattern,0.3099981392737728,0.5181478540016402,3
bb5933229a3aa263.jpg,Reduced mucosal view,dark_blood_residue,widespread_inflammation,0.32643517294317725,0.5335625767453498,2
779a10625f8e8eae.jpg,Reduced mucosal view,dark_blood_residue,deep_ulceration_pattern,0.3769333127784937,0.5460609549356797,3
03be77c5d763b6d5.jpg,Blood - fresh,raised_round_mass,retained_foreign_object,0.6925290222115349,0.608811476363346,3
4e11091a75e48191.jpg,Reduced mucosal view,red_fluid_region,deep_ulceration_pattern,0.3880358889749355,0.5329370477191204,2
3baff293aeb0ecc7.jpg,Ileocecal valve,red_fluid_region,deep_ulceration_pattern,0.6244835270236154,0.6053196730891448,3
f866cc67c118b395.jpg,Angiectasia,raised_round_mass,active_bleeding_visible,0.43147475661508183,0.5959843526262651,3
06a303980ca3e531.jpg,Pylorus,blurred_visibility,suspicious_vascular_cluster,0.5174859491050767,0.5726286644196539,3
78e1aaf88ca11493.jpg,Pylorus,inflamed_red_surface,suspicious_vascular_cluster,0.5999289546690466,0.6635117716736317,3
d809393795cbad83.jpg,Reduced mucosal view,landmark_ring_structure,low_risk_appearance,0.2882976373496493,0.49040866538702094,2
f2c5d5c707acdfbc.jpg,Ileocecal valve,red_fluid_region,unclear_view_needs_review,0.4881710997110792,0.5084235239238376,3
c25de69c935ff9d3.jpg,Ileocecal valve,landmark_ring_structure,active_bleeding_visible,0.3615620200071147,0.5186861643691975,3
4fc21c98be0365af.jpg,Reduced mucosal view,red_fluid_region,retained_foreign_object,0.34335756285579605,0.4817827699988163,3
0467f9dfff97c880.jpg,Ileocecal valve,red_fluid_region,retained_foreign_object,0.3618565733460532,0.6219080496071789,3
786016ff5ff88116.jpg,Ileocecal valve,landmark_ring_structure,suspicious_vascular_cluster,0.2734195834601972,0.4447690878297913,2
8ffe818015b16443.jpg,Ileocecal valve,normal_texture,suspicious_vascular_cluster,0.3352118567613675,0.5502135738365,3
da6fd5257bee76b3.jpg,Reduced mucosal view,landmark_ring_structure,retained_foreign_object,0.30308268818366346,0.4269885864905004,3
14e527216b0189ba.jpg,Reduced mucosal view,normal_texture,suspicious_vascular_cluster,0.3818823460610466,0.5177716457021719,3
c29b498a014c50b4.jpg,Ileocecal valve,foreign_object_shape,suspicious_vascular_cluster,0.40455529991934847,0.5216003518944949,3
9888d38bca50c1fa.jpg,Pylorus,raised_round_mass,active_bleeding_visible,0.6188677147735753,0.6998284502319541,3
e43e73736d6fb310.jpg,Ileocecal valve,dark_blood_residue,deep_ulceration_pattern,0.45363747207789845,0.531586368346591,3
0113a8da2628859b.jpg,Foreign body,blurred_visibility,unclear_view_needs_review,0.37086014396705974,0.5256901406284499,3
d0b656c30659737a.jpg,Lymphangiectasia,landmark_ring_structure,widespread_inflammation,0.4007626168320513,0.6192317010748196,3
e6c7c625f4e1fa5c.jpg,Pylorus,dark_blood_residue,large_protruding_lesion,0.5833988893312532,0.6964682230156134,3
e210afdeda99da1b.jpg,Ileocecal valve,dark_blood_residue,suspicious_vascular_cluster,0.6138292322354726,0.5754327916049248,3
0312fbc311ab7433.jpg,Lymphangiectasia,blurred_visibility,deep_ulceration_pattern,0.4346482062626755,0.502322411073067,3
eee15be0c5a91b28.jpg,Lymphangiectasia,landmark_ring_structure,active_bleeding_visible,0.5943109481991227,0.5762323721968213,2
97b2e03d44341600.jpg,Erosion,normal_texture,retained_foreign_object,0.5829974436783794,0.5474907750908965,3
2529f40d2f9055c4.jpg,Blood - fresh,blurred_visibility,widespread_inflammation,0.5276438841799245,0.6496465305889455,3
87251cfb254553a0.jpg,Angiectasia,normal_texture,active_bleeding_visible,0.4298522332184312,0.4971576030922715,3
80953dffc88d143b.jpg,Erosion,vascular_red_spots,retained_foreign_object,0.5033140781975025,0.5748717692004982,3
23905c4a99cae8bc.jpg,Ulcer,raised_round_mass,unclear_view_needs_review,0.36168971302090197,0.4930278197440441,3
a608abee22380886.jpg,Angiectasia,red_fluid_region,deep_ulceration_pattern,0.42594112611207163,0.45413006437886916,3
579d2104facbf9d0.jpg,Ileocecal valve,raised_round_mass,deep_ulceration_pattern,0.47567960175412816,0.595498439198795,3
7ee3b486b880cdad.jpg,Ileocecal valve,red_fluid_region,suspicious_vascular_cluster,0.4095233244563094,0.4743943483439913,3
4826428d7babb2f9.jpg,Pylorus,vascular_red_spots,unclear_view_needs_review,0.539669672523791,0.5714005693450852,3
2af558bfad5a0795.jpg,Ileocecal valve,blurred_visibility,retained_foreign_object,0.4063681298016005,0.5502881558884841,2
cfc386a862c1bffa.jpg,Ileocecal valve,red_fluid_region,suspicious_vascular_cluster,0.3477274913874942,0.4975847529543002,3
8df6ff0c722456bd.jpg,Pylorus,inflamed_red_surface,retained_foreign_object,0.6210634952722082,0.630068114776303,3
c9009197360a126d.jpg,Ileocecal valve,normal_texture,widespread_inflammation,0.3057239695252574,0.4667032360108899,3
ce53f5a74d001a23.jpg,Foreign body,foreign_object_shape,widespread_inflammation,0.3849532425003579,0.600405448165772,2
7858c6e5094dd90e.jpg,Ileocecal valve,foreign_object_shape,active_bleeding_visible,0.46121628416482446,0.5676959729110213,3
0c750009bc3e7133.jpg,Reduced mucosal view,white_crater_lesion,retained_foreign_object,0.41516503073245004,0.4418162679239962,3
3fcbe1ef3271df4f.jpg,Reduced mucosal view,red_fluid_region,low_risk_appearance,0.26920118424095696,0.5116732845240566,3
d78512374a58b8b2.jpg,Reduced mucosal view,inflamed_red_surface,suspicious_vascular_cluster,0.357422726871598,0.506773826001393,3
1ec24de2d0cca79e.jpg,Reduced mucosal view,red_fluid_region,large_protruding_lesion,0.4067359689926689,0.4990217956911387,2
a13eca3abba932a2.jpg,Ileocecal valve,landmark_ring_structure,unclear_view_needs_review,0.5770006384879571,0.6025174202589811,3
3f7b3eb453e3cffa.jpg,Erosion,normal_texture,retained_foreign_object,0.3832020175145007,0.4850912346193306,3
207d156bef4cbdfc.jpg,Ulcer,normal_texture,deep_ulceration_pattern,0.3127000531842349,0.5460338260214177,2
5290405e06ffc9ba.jpg,Ileocecal valve,raised_round_mass,low_risk_appearance,0.3928244980904951,0.4338338095844433,2
27a7d2c9841dcf89.jpg,Ulcer,normal_texture,deep_ulceration_pattern,0.3022705394051483,0.450160509675103,2
2f9fae2c501a2804.jpg,Blood - fresh,vascular_red_spots,unclear_view_needs_review,0.5111704301880406,0.6038696261695018,3
7e46b8663f06f06b.jpg,Ileocecal valve,red_fluid_region,low_risk_appearance,0.4256734544433393,0.5130333350847875,3
aabe65d2600cff72.jpg,Reduced mucosal view,inflamed_red_surface,active_bleeding_visible,0.29492846408673046,0.4341382236685946,2
37b3163cb68c7e82.jpg,Ileocecal valve,raised_round_mass,retained_foreign_object,0.4964797966629676,0.5409923625953391,3
9bfdb7eff5583c42.jpg,Ileocecal valve,raised_round_mass,deep_ulceration_pattern,0.3128003138718509,0.5408472775245075,2
1f410e6929be883d.jpg,Reduced mucosal view,inflamed_red_surface,large_protruding_lesion,0.29835496770507086,0.5136308187000681,3
3dfd2a3ae8a7c2dc.jpg,Ileocecal valve,red_fluid_region,unclear_view_needs_review,0.5881696772908024,0.6011559813424818,3
d8d40c785fcdd141.jpg,Ileocecal valve,blurred_visibility,widespread_inflammation,0.4550330545937248,0.5326715797716731,3
2ca65bb91cf73746.jpg,Pylorus,normal_texture,low_risk_appearance,0.5677977610563918,0.6141447043053281,3
5c2515fbdd29e138.jpg,Reduced mucosal view,inflamed_red_surface,deep_ulceration_pattern,0.2737898845937354,0.4520587087269143,2
64fe2e750effd6df.jpg,Pylorus,inflamed_red_surface,unclear_view_needs_review,0.6130474251608563,0.6248443347451927,3
4cf15cdde9a08117.jpg,Ileocecal valve,normal_texture,large_protruding_lesion,0.6687471285046702,0.6117155113065783,3
001216bc444ed019.jpg,Pylorus,normal_texture,active_bleeding_visible,0.5918370305294662,0.5964034621802136,3
ce6f76ee704b2fa8.jpg,Ileocecal valve,red_fluid_region,unclear_view_needs_review,0.4426144205758578,0.4727134458591696,3
0dc53d7b0db04eda.jpg,Foreign body,white_crater_lesion,active_bleeding_visible,0.32841755765082736,0.46294705515953466,2
329481c1ad6d854c.jpg,Pylorus,foreign_object_shape,large_protruding_lesion,0.5230126645604695,0.5866114006944153,3
2741417a79307eab.jpg,Ileocecal valve,foreign_object_shape,deep_ulceration_pattern,0.44082013345202836,0.5616715944845827,3
705d57e717af4098.jpg,Reduced mucosal view,white_crater_lesion,large_protruding_lesion,0.4073837898930573,0.592836084658001,2
28c98126dd85fa2d.jpg,Ileocecal valve,white_crater_lesion,suspicious_vascular_cluster,0.45762059816772055,0.5543643759253709,2
edc6fa9ce2a80102.jpg,Reduced mucosal view,foreign_object_shape,suspicious_vascular_cluster,0.3055507145382468,0.5702694461800284,2
baf9dc73747d2ef7.jpg,Ulcer,red_fluid_region,large_protruding_lesion,0.6750138448496532,0.6727941044388008,3
49e1b5b210d39c8d.jpg,Ileocecal valve,inflamed_red_surface,large_protruding_lesion,0.4819448356283932,0.5268359787559432,3
7558f63d48244a70.jpg,Angiectasia,red_fluid_region,suspicious_vascular_cluster,0.528146639088404,0.6521301991929785,3
af53300e06865c9d.jpg,Ulcer,dark_blood_residue,unclear_view_needs_review,0.4194635294358554,0.5035003880111719,2
0620ae3e96ddcbbf.jpg,Reduced mucosal view,raised_round_mass,active_bleeding_visible,0.4038744196970713,0.5573532837648648,2
5451170cdaaea4ac.jpg,Foreign body,inflamed_red_surface,deep_ulceration_pattern,0.3845967757439483,0.5302111200673724,3
531d3872364fdc82.jpg,Ileocecal valve,inflamed_red_surface,low_risk_appearance,0.3838586415165478,0.4967500465206965,3
779ad42f31280692.jpg,Ulcer,vascular_red_spots,retained_foreign_object,0.32722596562579326,0.4124212302084695,2
3a6d2690a18a935e.jpg,Reduced mucosal view,red_fluid_region,large_protruding_lesion,0.32999054439597647,0.4520226566253977,3
5bec425ebf6c08dc.jpg,Reduced mucosal view,white_crater_lesion,unclear_view_needs_review,0.34051348413869387,0.5350982285261439,3
7a51faaac48aeadc.jpg,Lymphangiectasia,blurred_visibility,unclear_view_needs_review,0.30878819572922406,0.4818633799287004,3
40e465d1ec9a2608.jpg,Reduced mucosal view,foreign_object_shape,widespread_inflammation,0.32380301759109786,0.6762923066214777,3
c019b4a2c453ca47.jpg,Ulcer,red_fluid_region,widespread_inflammation,0.5748085441043966,0.6732952177541647,3
b72dc443fe6483fc.jpg,Reduced mucosal view,red_fluid_region,large_protruding_lesion,0.3478981979008986,0.38281430434923197,2
8eebbdc4ce39e08b.jpg,Ileocecal valve,raised_round_mass,low_risk_appearance,0.36841511139979244,0.5289850518168032,3
54ff0bdda9d8daf1.jpg,Ileocecal valve,white_crater_lesion,low_risk_appearance,0.40562541992851836,0.5308581114830376,3
0c4e28316f93a2a9.jpg,Ileocecal valve,red_fluid_region,low_risk_appearance,0.3914979057269857,0.5206339532667398,2
8c3e8cfb46804866.jpg,Pylorus,dark_blood_residue,deep_ulceration_pattern,0.5675441710828757,0.623979259765351,3
44b6fd91f247e5da.jpg,Reduced mucosal view,inflamed_red_surface,retained_foreign_object,0.3747888628218299,0.5613483726324316,3
44542f20a35ede5a.jpg,Reduced mucosal view,vascular_red_spots,deep_ulceration_pattern,0.37323339533911293,0.5240347607547527,3
30b31cfc851ac88f.jpg,Ileocecal valve,normal_texture,low_risk_appearance,0.3317556422430455,0.4777753126550758,2
bd98c45c39c9a857.jpg,Reduced mucosal view,dark_blood_residue,suspicious_vascular_cluster,0.30245048599314206,0.4685164691956335,3
7b07d844864427cf.jpg,Reduced mucosal view,red_fluid_region,retained_foreign_object,0.3507957497980801,0.51428083055175,3
42abb619b7bfabd9.jpg,Reduced mucosal view,red_fluid_region,deep_ulceration_pattern,0.33573886627723837,0.5195154202445117,2
0530c36f1834247d.jpg,Ulcer,foreign_object_shape,suspicious_vascular_cluster,0.42429644258683746,0.4708963389728989,3
cd6e812deeb58e63.jpg,Reduced mucosal view,raised_round_mass,low_risk_appearance,0.32547190820851557,0.4576458893116849,2
7a442c481ac6901f.jpg,Ileocecal valve,blurred_visibility,deep_ulceration_pattern,0.3705201888463452,0.4689979117699844,3
04979fc7b376227b.jpg,Ampulla of vater,white_crater_lesion,active_bleeding_visible,0.6400417969011389,0.570321691366378,3
f5d84aa92aaeb3de.jpg,Foreign body,red_fluid_region,widespread_inflammation,0.6533709004634676,0.602112997272637,3
0e842bfd29101593.jpg,Ileocecal valve,dark_blood_residue,widespread_inflammation,0.3710971027887628,0.41280583569290336,2
11102882e138f9e3.jpg,Erosion,vascular_red_spots,suspicious_vascular_cluster,0.46552778484068574,0.6199416649820745,3
c1f858bc7bc04727.jpg,Ileocecal valve,red_fluid_region,low_risk_appearance,0.33832918472840146,0.41587939230221527,2
6fa9c62663144f7f.jpg,Reduced mucosal view,normal_texture,active_bleeding_visible,0.2741429397757947,0.521439683017353,2
3b47959e6663213c.jpg,Ileocecal valve,normal_texture,low_risk_appearance,0.38290419244131835,0.4670243448023942,3
b37e3d5a3a16cdeb.jpg,Erythema,vascular_red_spots,large_protruding_lesion,0.41688460699958785,0.5483363717423205,3
f54cf95568140e56.jpg,Ileocecal valve,dark_blood_residue,widespread_inflammation,0.5743071831482454,0.5657521848257698,3
d7114d9be096734d.jpg,Reduced mucosal view,raised_round_mass,low_risk_appearance,0.30624610197003227,0.5471399486825579,3
90d2b8747d418612.jpg,Erosion,raised_round_mass,low_risk_appearance,0.3958422195605717,0.5947813268407043,2
6db752be2d909e61.jpg,Ileocecal valve,raised_round_mass,suspicious_vascular_cluster,0.4048436935121835,0.5854268500614054,2
e0087bb1800b6a80.jpg,Ileocecal valve,raised_round_mass,deep_ulceration_pattern,0.39486087516432294,0.5201882357108885,2
ed4c13bfc0f6684f.jpg,Ileocecal valve,normal_texture,widespread_inflammation,0.38006791950626484,0.5529104674676866,2
e576bd639a886371.jpg,Angiectasia,red_fluid_region,widespread_inflammation,0.3223569907849768,0.520075104605269,2
42561ee355c11251.jpg,Reduced mucosal view,red_fluid_region,suspicious_vascular_cluster,0.3939853003608043,0.534425953445635,3
b63cc0f1f363c4e5.jpg,Reduced mucosal view,normal_texture,widespread_inflammation,0.30866416334597296,0.5166630210332144,2
ed07f2467ce058b9.jpg,Ileocecal valve,foreign_object_shape,suspicious_vascular_cluster,0.37281123477581857,0.5540112084621129,3
01d686082cbf979b.jpg,Ileocecal valve,blurred_visibility,active_bleeding_visible,0.3516406903800192,0.5204328557946868,3
ca5f6f1f46f1b5b9.jpg,Lymphangiectasia,vascular_red_spots,unclear_view_needs_review,0.3744220541961951,0.5447004983322881,3
96e552488b3f65ff.jpg,Ileocecal valve,landmark_ring_structure,deep_ulceration_pattern,0.3184788586873148,0.47940763527994457,3
e3355c83f0492043.jpg,Reduced mucosal view,landmark_ring_structure,suspicious_vascular_cluster,0.32379057275006295,0.5472105388018996,3
a7244f2f2374ea5f.jpg,Pylorus,vascular_red_spots,large_protruding_lesion,0.7339480594889738,0.6525697173361019,3
fe0971e7d61f4060.jpg,Reduced mucosal view,red_fluid_region,active_bleeding_visible,0.4159964655905165,0.7103321135828439,3
d2d83e1bac2bb741.jpg,Foreign body,dark_blood_residue,low_risk_appearance,0.3236371704029866,0.5327594041313929,2
37982d5cf766dd55.jpg,Angiectasia,white_crater_lesion,large_protruding_lesion,0.2856770320587292,0.43963899090210706,2
c2276e44d4633866.jpg,Ileocecal valve,dark_blood_residue,active_bleeding_visible,0.38851773239363596,0.4760875516246814,3
4fd5c91a9a7d709d.jpg,Pylorus,inflamed_red_surface,deep_ulceration_pattern,0.4506760641276265,0.6239306270830395,3
5d8e4bdb1f3c8163.jpg,Ileocecal valve,raised_round_mass,suspicious_vascular_cluster,0.3658282467225737,0.5455464371165114,3
fc9b000487b91c22.jpg,Erosion,dark_blood_residue,deep_ulceration_pattern,0.3748285777911775,0.5449154620899286,3
8a9bfad2a57205f6.jpg,Reduced mucosal view,dark_blood_residue,suspicious_vascular_cluster,0.3210367460021378,0.5869446914836568,3
c18643f5e0cfafef.jpg,Reduced mucosal view,foreign_object_shape,widespread_inflammation,0.4467453745745819,0.47643411141884556,3
a13d1fcb5dddf7c8.jpg,Foreign body,raised_round_mass,retained_foreign_object,0.3681016811198988,0.570610938315136,3
debe5bdae2cb8788.jpg,Ileocecal valve,normal_texture,unclear_view_needs_review,0.4455341674959507,0.5008015546496734,3
77f72a43e9bc9b86.jpg,Ileocecal valve,foreign_object_shape,retained_foreign_object,0.4234370515340259,0.5605339320974739,3
216921000c67aed3.jpg,Erythema,normal_texture,active_bleeding_visible,0.4252795983388178,0.5649965872262176,3
8c6cda0adbbee191.jpg,Ileocecal valve,blurred_visibility,unclear_view_needs_review,0.4508056870940801,0.5373709624137646,3
de5c5c82c611fb0e.jpg,Pylorus,red_fluid_region,active_bleeding_visible,0.5070353993433802,0.5842360860076076,3
4fa9eba7ca30952c.jpg,Reduced mucosal view,raised_round_mass,deep_ulceration_pattern,0.3651955049450548,0.5994298679927663,3
c56d587549ca9c76.jpg,Ileocecal valve,blurred_visibility,deep_ulceration_pattern,0.5817354039739714,0.6751618796946698,3
e82607c4673ad830.jpg,Pylorus,normal_texture,low_risk_appearance,0.7180017973832155,0.7209889728732555,3
cb99fdf1c97c9850.jpg,Ileocecal valve,blurred_visibility,active_bleeding_visible,0.3880197747111702,0.4850300911620421,2
e65dfbfe6b8e3db1.jpg,Ileocecal valve,blurred_visibility,suspicious_vascular_cluster,0.3360167080507904,0.5311278521269686,2
a824af528c0c505e.jpg,Ulcer,inflamed_red_surface,widespread_inflammation,0.37075493249443925,0.5509219506650871,2
700383fddc98187c.jpg,Ulcer,normal_texture,active_bleeding_visible,0.4252096246428241,0.503170899590399,3
b55e6173cfb00332.jpg,Ileocecal valve,vascular_red_spots,large_protruding_lesion,0.30577557222734236,0.4593011617317307,2
2a859b4def46f3d8.jpg,Ileocecal valve,blurred_visibility,suspicious_vascular_cluster,0.4673316693309961,0.5834345090585473,3
2484b6c825e1f819.jpg,Pylorus,vascular_red_spots,unclear_view_needs_review,0.5887657307034828,0.6865784558956591,3
ebce62d2ec421a40.jpg,Reduced mucosal view,white_crater_lesion,deep_ulceration_pattern,0.3584718043407812,0.48006209231832353,3
d7e506ad0c78e659.jpg,Foreign body,foreign_object_shape,active_bleeding_visible,0.3000975623068275,0.4867342958025973,3
1df099c2911ad033.jpg,Foreign body,red_fluid_region,unclear_view_needs_review,0.3327857534963034,0.4488196994732052,2
89935778c18e8c1c.jpg,Ileocecal valve,vascular_red_spots,unclear_view_needs_review,0.34944509482843134,0.5295552833512881,3
53fb9fb51960a950.jpg,Reduced mucosal view,white_crater_lesion,large_protruding_lesion,0.3384978907929621,0.5641957863607228,3
4cf0904462289640.jpg,Ileocecal valve,inflamed_red_surface,suspicious_vascular_cluster,0.41335886473638184,0.5470446836832178,3
03c2fc7a7f090870.jpg,Ileocecal valve,inflamed_red_surface,retained_foreign_object,0.6404241249873743,0.6687120202029786,3
78007a43ed102e2a.jpg,Blood - fresh,blurred_visibility,widespread_inflammation,0.6212468543424483,0.5558436383778499,3
177a5152aec40a86.jpg,Ileocecal valve,foreign_object_shape,active_bleeding_visible,0.3839874309474365,0.4829057352482387,3
a46e389fb46e2c11.jpg,Foreign body,foreign_object_shape,suspicious_vascular_cluster,0.36178759809211625,0.49150568448898646,3
3b209c6dd7ca7ef7.jpg,Blood - fresh,inflamed_red_surface,suspicious_vascular_cluster,0.5325710325064038,0.6495527654606682,2
928835b7f70a883a.jpg,Reduced mucosal view,raised_round_mass,widespread_inflammation,0.4038439072994481,0.48563827494529266,2
8f14a83ff76e69cb.jpg,Pylorus,normal_texture,widespread_inflammation,0.602846997478492,0.5776231771477907,3
3bed1954c4720593.jpg,Ileocecal valve,landmark_ring_structure,unclear_view_needs_review,0.3685007890508163,0.41426999352392774,3
2f2b4b4952d2591f.jpg,Reduced mucosal view,vascular_red_spots,low_risk_appearance,0.36359816116365723,0.45627224266773303,2
373e895b08b89770.jpg,Ulcer,raised_round_mass,large_protruding_lesion,0.4885784189868439,0.5098249281859497,3
d239d49dcd28ada5.jpg,Reduced mucosal view,landmark_ring_structure,large_protruding_lesion,0.4395056090213126,0.6117064710170198,2
34466457a9a3c55e.jpg,Ileocecal valve,white_crater_lesion,suspicious_vascular_cluster,0.3485970328368291,0.4617736311159972,2
f0a0562b5b4d3ce8.jpg,Ileocecal valve,vascular_red_spots,large_protruding_lesion,0.42961951399416504,0.5575840256262087,3
7ca0ee5f7a5420ea.jpg,Ileocecal valve,landmark_ring_structure,deep_ulceration_pattern,0.4756511746888815,0.5450821187245349,3
0ca36956924f426e.jpg,Lymphangiectasia,raised_round_mass,large_protruding_lesion,0.3215632326024716,0.5103242660590853,3
2da039a3d746b6d2.jpg,Blood - fresh,normal_texture,unclear_view_needs_review,0.6878927074738387,0.6081967076350084,3
2de7d23832c65bf0.jpg,Reduced mucosal view,raised_round_mass,retained_foreign_object,0.23392467247461324,0.5592317207456531,2
1340dfcfed197031.jpg,Ileocecal valve,raised_round_mass,deep_ulceration_pattern,0.3528868477898991,0.5124428955268667,3
3570c73408cc404d.jpg,Reduced mucosal view,vascular_red_spots,unclear_view_needs_review,0.40454198401312025,0.49309403744836444,3
5997dbebdb34e789.jpg,Pylorus,landmark_ring_structure,deep_ulceration_pattern,0.6141904207799477,0.6624130962356245,3
43d152573c864b70.jpg,Ulcer,raised_round_mass,widespread_inflammation,0.640187373648789,0.5731661641396694,3
643bb212d5408926.jpg,Lymphangiectasia,inflamed_red_surface,active_bleeding_visible,0.48627369404261467,0.5232147896181191,3
38b9d5257aa5cf9e.jpg,Pylorus,landmark_ring_structure,deep_ulceration_pattern,0.3377180041147359,0.4491471780326313,3
79aa737720427e1e.jpg,Reduced mucosal view,raised_round_mass,low_risk_appearance,0.34627475308969463,0.5846274296615829,3
d95e95a10f0d402a.jpg,Ileocecal valve,white_crater_lesion,low_risk_appearance,0.33290479049471916,0.5850649984085162,3
622185ebcb5a11eb.jpg,Reduced mucosal view,foreign_object_shape,suspicious_vascular_cluster,0.2784521037575763,0.5424312914777489,2
a5c8e07d8062794d.jpg,Reduced mucosal view,foreign_object_shape,retained_foreign_object,0.4274980452453933,0.5156014545488661,2
4bb1388677caffcc.jpg,Reduced mucosal view,foreign_object_shape,large_protruding_lesion,0.3231595007266836,0.4845890739143445,2
1220f681ba3a655d.jpg,Lymphangiectasia,landmark_ring_structure,widespread_inflammation,0.5192826849925213,0.5746778029504683,3
1aec49ccbf89c77c.jpg,Reduced mucosal view,red_fluid_region,large_protruding_lesion,0.45325079031132837,0.5433399679398886,3
97f24cfcf3e5d94f.jpg,Reduced mucosal view,blurred_visibility,retained_foreign_object,0.36010255042427364,0.4918089169540131,3
a2e9db6520c291f5.jpg,Reduced mucosal view,inflamed_red_surface,deep_ulceration_pattern,0.38241880835414893,0.5022562787608648,3
d4b0816cac23cf18.jpg,Foreign body,white_crater_lesion,suspicious_vascular_cluster,0.3554030945063158,0.516315595194125,2
df7d475076639a55.jpg,Pylorus,vascular_red_spots,deep_ulceration_pattern,0.6247451830209527,0.6320702071405419,3
1b5efd830faa31ea.jpg,Pylorus,normal_texture,unclear_view_needs_review,0.6400166031969672,0.6352123913930258,3
fa7341111c5f720b.jpg,Ileocecal valve,normal_texture,unclear_view_needs_review,0.420425956723099,0.5174069171727625,3
395d4a5aaddc658a.jpg,Reduced mucosal view,foreign_object_shape,active_bleeding_visible,0.3150391321569467,0.61625215879739,3
05c626dd540350e8.jpg,Angiectasia,white_crater_lesion,retained_foreign_object,0.3607052636704157,0.46865067499425755,3
95f4e5855802e4aa.jpg,Ulcer,red_fluid_region,deep_ulceration_pattern,0.3524677297813948,0.40908507156524737,2
40c30ab2fde473b1.jpg,Lymphangiectasia,raised_round_mass,suspicious_vascular_cluster,0.40477521283899665,0.43847961633547894,3
a41c0674c1490067.jpg,Ulcer,inflamed_red_surface,retained_foreign_object,0.2881051252360252,0.5050801005907439,3
0b242aa9af9420d7.jpg,Angiectasia,landmark_ring_structure,low_risk_appearance,0.3724488508242001,0.5485194283300359,3
62bb89271c4664eb.jpg,Ulcer,raised_round_mass,large_protruding_lesion,0.5571608719991974,0.6365965505552329,3
e2f33993852030e9.jpg,Reduced mucosal view,landmark_ring_structure,unclear_view_needs_review,0.3728516187287184,0.4894878990912211,3
dab1fc40c930b6a4.jpg,Ileocecal valve,vascular_red_spots,widespread_inflammation,0.3853960702791014,0.5178132653260001,3
70cf32fde595375c.jpg,Pylorus,red_fluid_region,retained_foreign_object,0.6139217949992973,0.6469989285568896,3
15caa0e31bf1ca01.jpg,Angiectasia,white_crater_lesion,large_protruding_lesion,0.30180311820942296,0.5058609533208811,3
290acb4388abb7f1.jpg,Ileocecal valve,landmark_ring_structure,unclear_view_needs_review,0.4868216091544618,0.6814026226063441,3
d68b8e3277073018.jpg,Ileocecal valve,foreign_object_shape,suspicious_vascular_cluster,0.40019737453938187,0.5596152240145276,3
4b1cdbd07ab66e3f.jpg,Reduced mucosal view,raised_round_mass,retained_foreign_object,0.42835903719348306,0.6326584904258623,3
86d96baea57a3555.jpg,Reduced mucosal view,raised_round_mass,suspicious_vascular_cluster,0.36925909422249575,0.43774864545307446,2
2a95785ac5cffe63.jpg,Ulcer,landmark_ring_structure,deep_ulceration_pattern,0.5766746562916603,0.6024464140080042,3
5662d79de84562d7.jpg,Foreign body,dark_blood_residue,low_risk_appearance,0.27596392538060743,0.5433902030833506,3
2fbcaf8ef8cec7f2.jpg,Reduced mucosal view,white_crater_lesion,unclear_view_needs_review,0.41080648894182065,0.537148614462056,3
8cc51a7b89ebd796.jpg,Foreign body,blurred_visibility,deep_ulceration_pattern,0.4932898253531361,0.5856616226832831,3
3534c4cf66e08117.jpg,Blood - fresh,white_crater_lesion,deep_ulceration_pattern,0.5621728184563509,0.6848120505077715,3
768cee63bd4b25c6.jpg,Reduced mucosal view,inflamed_red_surface,large_protruding_lesion,0.45890595179595095,0.5352340018864479,3
e5b6d3a11c1c8d1c.jpg,Ileocecal valve,foreign_object_shape,suspicious_vascular_cluster,0.3250139574547193,0.4436189911306429,2
8950ef753c4a8711.jpg,Blood - fresh,normal_texture,unclear_view_needs_review,0.5500800990655115,0.6479279452748865,3
c6d14166ecbda330.jpg,Ulcer,vascular_red_spots,widespread_inflammation,0.3952676541195202,0.45723698471465113,2
953caa60c409628e.jpg,Reduced mucosal view,normal_texture,retained_foreign_object,0.3589981245667432,0.4983864137530391,3
a50883419bc967b3.jpg,Foreign body,white_crater_lesion,active_bleeding_visible,0.6593675098531797,0.6681253131251254,3
a63deeccb0bc6e4a.jpg,Angiectasia,landmark_ring_structure,deep_ulceration_pattern,0.3469491164689294,0.5904820264785792,3
255887991b797d8b.jpg,Pylorus,white_crater_lesion,active_bleeding_visible,0.4865177947174396,0.5527811229119811,3
ae50a01697ef38d8.jpg,Erosion,landmark_ring_structure,suspicious_vascular_cluster,0.4233335672345566,0.5405081806696245,3
a6ed46cf5eaabf4e.jpg,Ileocecal valve,white_crater_lesion,active_bleeding_visible,0.3625685915066362,0.6164922557104027,3
5390c8ccaa0030d6.jpg,Reduced mucosal view,red_fluid_region,large_protruding_lesion,0.3388460837882575,0.5221928082304288,3
2e301dc5280b0e39.jpg,Pylorus,raised_round_mass,deep_ulceration_pattern,0.5529261245855606,0.6127673228109438,3
1760c18291a9a867.jpg,Lymphangiectasia,raised_round_mass,active_bleeding_visible,0.5164489779867667,0.5779996179720711,3
122f4bc1a8c10559.jpg,Ileocecal valve,vascular_red_spots,large_protruding_lesion,0.6110193573323368,0.6566203529568821,3
67ab5fb6ae015121.jpg,Foreign body,inflamed_red_surface,large_protruding_lesion,0.3796520698293618,0.5473664260723864,2
735805708d3e3939.jpg,Reduced mucosal view,red_fluid_region,unclear_view_needs_review,0.4232686099658872,0.510384980037328,3
39d70a7556dde875.jpg,Reduced mucosal view,landmark_ring_structure,suspicious_vascular_cluster,0.4248547247535005,0.42270423243028593,3
2c7705cc4141d1f2.jpg,Reduced mucosal view,landmark_ring_structure,retained_foreign_object,0.3770913691815858,0.47249581808101865,3
a69c5348ebc49af1.jpg,Ileocecal valve,vascular_red_spots,large_protruding_lesion,0.610337756918079,0.6018733441870348,3
a0f2be51a5f5d6dc.jpg,Pylorus,raised_round_mass,widespread_inflammation,0.5729945677140288,0.5357896359781706,3
2a2f0ba88e7e2e2b.jpg,Reduced mucosal view,dark_blood_residue,low_risk_appearance,0.35724963102775104,0.49973133979047063,2
2e8cc1e828a392a5.jpg,Reduced mucosal view,landmark_ring_structure,widespread_inflammation,0.36317405693369526,0.5616133236930916,3
62881841c85cfafb.jpg,Reduced mucosal view,dark_blood_residue,low_risk_appearance,0.38031326678494576,0.5753086868289298,3
6ae56be8e4625ee9.jpg,Ileocecal valve,blurred_visibility,widespread_inflammation,0.410494503000713,0.5519060467380972,3
6ec2a44610c91082.jpg,Erosion,normal_texture,deep_ulceration_pattern,0.348001203908905,0.5440062848301732,3
81c1297155b1f7ac.jpg,Blood - fresh,white_crater_lesion,unclear_view_needs_review,0.6432141630193561,0.6944496284904955,4
aa2232bc8eb6e7b4.jpg,Reduced mucosal view,raised_round_mass,retained_foreign_object,0.31356281910110034,0.5471249174113869,3
0bff751a71972e73.jpg,Ileocecal valve,raised_round_mass,large_protruding_lesion,0.3624670769544542,0.442307458800752,2
6fa545ece65b24af.jpg,Reduced mucosal view,blurred_visibility,suspicious_vascular_cluster,0.39083809351831755,0.4579218721721232,3
7b8ea8fc22b1f8b0.jpg,Lymphangiectasia,vascular_red_spots,suspicious_vascular_cluster,0.394100696446483,0.6011286201262852,3
c8e45ad3a29c980b.jpg,Ileocecal valve,vascular_red_spots,unclear_view_needs_review,0.6585964903980221,0.5369384017231901,3
065630c3136b5598.jpg,Ileocecal valve,white_crater_lesion,large_protruding_lesion,0.3900321211723273,0.5679950528663764,2
64de9e5ff04c1b3e.jpg,Ulcer,vascular_red_spots,widespread_inflammation,0.6913606133405366,0.6397560510936185,3
f5e02b3818d47cb6.jpg,Pylorus,inflamed_red_surface,suspicious_vascular_cluster,0.562022179710586,0.6135752453623121,3
08d5e6a77dbb3e7c.jpg,Ileocecal valve,vascular_red_spots,deep_ulceration_pattern,0.40211898244667854,0.4658581606462186,2
730a8c45aee8b15f.jpg,Ileocecal valve,normal_texture,retained_foreign_object,0.43226791585194446,0.5823101341884689,3
4e92a3840fd9ee0f.jpg,Pylorus,raised_round_mass,suspicious_vascular_cluster,0.5441427040549577,0.6269829915119108,3
de76b82cc64d8115.jpg,Reduced mucosal view,raised_round_mass,active_bleeding_visible,0.28393763476487677,0.5190359903135111,3
9c0dcd42809b00bb.jpg,Ileocecal valve,foreign_object_shape,deep_ulceration_pattern,0.37716849950705367,0.5272182741408568,3
84080f213f8a1389.jpg,Pylorus,white_crater_lesion,low_risk_appearance,0.4103132253713591,0.4553701265049579,3
cce72c8281e877a2.jpg,Lymphangiectasia,blurred_visibility,suspicious_vascular_cluster,0.448824734393065,0.5342304420421102,3
644ca9c5382b9789.jpg,Pylorus,raised_round_mass,retained_foreign_object,0.5744919981845877,0.5368625863292008,3
4d6fea10e2067fbd.jpg,Angiectasia,raised_round_mass,widespread_inflammation,0.6543634235408436,0.6181796367914199,3
7f82c98c9ffaf368.jpg,Ileocecal valve,vascular_red_spots,large_protruding_lesion,0.42925523979293395,0.6021737941375122,3
9b17e8d79590a357.jpg,Pylorus,red_fluid_region,retained_foreign_object,0.6156403047157305,0.5753863264355539,3
b56e6b5262ee3df3.jpg,Reduced mucosal view,white_crater_lesion,large_protruding_lesion,0.41058255599903515,0.5306236227006187,2
7be8de9b70391ebf.jpg,Lymphangiectasia,dark_blood_residue,suspicious_vascular_cluster,0.4133076749661597,0.5496992511432743,3
2f448cc7650d5958.jpg,Ileocecal valve,inflamed_red_surface,large_protruding_lesion,0.37185629063033027,0.6074697024154374,3
f2d5c7e92296bb37.jpg,Ulcer,raised_round_mass,deep_ulceration_pattern,0.45125048738695644,0.6058761660739791,3
2acfd6c48a039cda.jpg,Reduced mucosal view,normal_texture,active_bleeding_visible,0.4263093858935131,0.5922924461052794,3
4cbaa24178a96bb7.jpg,Ileocecal valve,dark_blood_residue,large_protruding_lesion,0.6512590486919764,0.6539844461833909,3
4783b0a5f14edb3e.jpg,Ileocecal valve,normal_texture,unclear_view_needs_review,0.5359519652673358,0.6358075078423875,3
fdd862b8d2ef6301.jpg,Pylorus,raised_round_mass,unclear_view_needs_review,0.5146677194546025,0.43570895562639433,3
98696c67e19e3c5c.jpg,Pylorus,vascular_red_spots,active_bleeding_visible,0.640574240158267,0.6524897742555766,3
092a37b7058063d8.jpg,Pylorus,white_crater_lesion,active_bleeding_visible,0.3852920121923974,0.5490627451155254,3
f3e2afe3858cfea9.jpg,Angiectasia,white_crater_lesion,suspicious_vascular_cluster,0.5576579625741808,0.6045671133509553,3
0f516b9215602b90.jpg,Reduced mucosal view,dark_blood_residue,large_protruding_lesion,0.4074061313482518,0.4598444644819638,3
eeaee10631251612.jpg,Angiectasia,foreign_object_shape,retained_foreign_object,0.3697785981761962,0.5390406023406967,2
232996b987dd074f.jpg,Ileocecal valve,vascular_red_spots,low_risk_appearance,0.42835180578139037,0.5000366386647879,2
30f1e0d9d71ce762.jpg,Ileocecal valve,normal_texture,suspicious_vascular_cluster,0.3522411070767785,0.45932700980605123,2
b3979ba0e82e87e9.jpg,Foreign body,landmark_ring_structure,large_protruding_lesion,0.35512735530965817,0.4512842793455488,2
62bb088f43cebae6.jpg,Reduced mucosal view,white_crater_lesion,widespread_inflammation,0.30040858598874987,0.5236648149381273,2
39aa9063236eeaf5.jpg,Pylorus,white_crater_lesion,retained_foreign_object,0.6374516491034375,0.6132182773147588,3
12e23c7a7e9b901b.jpg,Foreign body,landmark_ring_structure,widespread_inflammation,0.3777857847887751,0.5148050453255854,3
be58a18adec020ec.jpg,Ileocecal valve,blurred_visibility,active_bleeding_visible,0.32347962643752054,0.539696177121395,3
111c755e1be6e8c1.jpg,Foreign body,white_crater_lesion,active_bleeding_visible,0.4604348363483621,0.5935969078176054,3
4ecaa31f9ab2104c.jpg,Ileocecal valve,white_crater_lesion,widespread_inflammation,0.5318603315878572,0.6383917936040656,3
846d3f8b7a02c0f4.jpg,Blood - fresh,landmark_ring_structure,active_bleeding_visible,0.6202056674142359,0.6942036351037073,3
9bbda2e7e7b62bb5.jpg,Ileocecal valve,dark_blood_residue,large_protruding_lesion,0.396507405525495,0.548194407243605,3
452729889b65273a.jpg,Reduced mucosal view,normal_texture,deep_ulceration_pattern,0.3343922248254141,0.4689202813561486,3
e005284403405b41.jpg,Angiectasia,red_fluid_region,large_protruding_lesion,0.4672320287998847,0.5436189389575427,3
e12a6514873f23c2.jpg,Angiectasia,normal_texture,low_risk_appearance,0.3909831364033695,0.45588026285386,2
c1d428c383c7e081.jpg,Erythema,normal_texture,widespread_inflammation,0.3748101059469583,0.5381831374574662,3
19052c41884a8287.jpg,Ulcer,white_crater_lesion,suspicious_vascular_cluster,0.3896330862928169,0.5308085185746607,2
053cf538a54cf2a0.jpg,Ileocecal valve,foreign_object_shape,active_bleeding_visible,0.36648037009442075,0.5300087260063661,3
f7122505af407bb8.jpg,Reduced mucosal view,inflamed_red_surface,unclear_view_needs_review,0.3473710395333649,0.42719711673618466,3
c9ecde718583a27d.jpg,Pylorus,blurred_visibility,suspicious_vascular_cluster,0.566037583637247,0.6613745932177901,3
e5385d7c0af996b9.jpg,Reduced mucosal view,blurred_visibility,low_risk_appearance,0.2968580254703318,0.46712870894237707,2
f015e11527d45946.jpg,Reduced mucosal view,raised_round_mass,suspicious_vascular_cluster,0.4394958194461359,0.5916050274726332,3
9a035221d85e3cfd.jpg,Ulcer,blurred_visibility,unclear_view_needs_review,0.5339141445280478,0.5680304246647419,3
e5d5a27496d2f7a0.jpg,Reduced mucosal view,normal_texture,large_protruding_lesion,0.46043125908156757,0.5464955240585653,3
029d715dca469718.jpg,Ileocecal valve,dark_blood_residue,deep_ulceration_pattern,0.4994245561459748,0.47658713814319553,3
caff9e583e16d327.jpg,Lymphangiectasia,normal_texture,active_bleeding_visible,0.35397424326394117,0.43899456946670595,2
db40487f7247c30c.jpg,Erosion,landmark_ring_structure,low_risk_appearance,0.5594251423642045,0.5971646081027595,3
c082ff9d658f35c5.jpg,Reduced mucosal view,dark_blood_residue,active_bleeding_visible,0.369751636976244,0.4383906665323114,2
3965aa0af1fb1b07.jpg,Erosion,landmark_ring_structure,large_protruding_lesion,0.457008617044104,0.6330035312842456,3
a00435f8c06a2c87.jpg,Foreign body,blurred_visibility,unclear_view_needs_review,0.47739471840262215,0.5587633586974431,3
be02e7defed10d8c.jpg,Ileocecal valve,vascular_red_spots,unclear_view_needs_review,0.34802170462963905,0.5490099971203002,3
e42b98af40be2cfb.jpg,Reduced mucosal view,raised_round_mass,low_risk_appearance,0.4093332027182034,0.5724810137293864,3
90358ef126b9bc53.jpg,Reduced mucosal view,landmark_ring_structure,suspicious_vascular_cluster,0.39967500154883245,0.5698959261954918,3
fab9b8c7eb673ca9.jpg,Pylorus,normal_texture,widespread_inflammation,0.3555667505261234,0.5028772441028538,3
def9c1a4162991d1.jpg,Ileocecal valve,landmark_ring_structure,deep_ulceration_pattern,0.5561227739996949,0.560755752548537,3
2fc7ab8251934e71.jpg,Pylorus,dark_blood_residue,low_risk_appearance,0.5327175851213332,0.6234714718006963,3
3a7ea40d365b67b1.jpg,Ileocecal valve,vascular_red_spots,retained_foreign_object,0.2608732060804235,0.395549134496663,2
d59e2cc6f66a7b6a.jpg,Ileocecal valve,blurred_visibility,large_protruding_lesion,0.3935485909975539,0.5076572952351883,3
3402de0eeaebee3d.jpg,Reduced mucosal view,blurred_visibility,large_protruding_lesion,0.4444193914758295,0.5725462186049999,3
c95074e25e6cfd35.jpg,Ileocecal valve,dark_blood_residue,deep_ulceration_pattern,0.4175381454067712,0.5487929224097838,3
2aeef6fd496f9f14.jpg,Ileocecal valve,white_crater_lesion,deep_ulceration_pattern,0.38988322656003366,0.5115789578240004,2
1279d1750f315418.jpg,Ileocecal valve,normal_texture,unclear_view_needs_review,0.316382234972534,0.5193126483293926,3
d2988d087443d9e5.jpg,Lymphangiectasia,dark_blood_residue,large_protruding_lesion,0.38011925870459506,0.46260574680200284,3
49ffbc97bbdd6166.jpg,Lymphangiectasia,white_crater_lesion,suspicious_vascular_cluster,0.3582012302186851,0.5923846040983961,3
a9a80318ba1432eb.jpg,Ileocecal valve,foreign_object_shape,active_bleeding_visible,0.36909672927469145,0.549508531941894,3
8dc5bdb25b8b9741.jpg,Lymphangiectasia,foreign_object_shape,suspicious_vascular_cluster,0.5221134405251219,0.5881647415468011,3
132215b36aa05c67.jpg,Ileocecal valve,foreign_object_shape,deep_ulceration_pattern,0.3090055277537999,0.5101689052547453,2
c2dc293f9b33a381.jpg,Reduced mucosal view,foreign_object_shape,active_bleeding_visible,0.33831344287100257,0.47679285453011766,3
24528226719ada57.jpg,Ileocecal valve,inflamed_red_surface,deep_ulceration_pattern,0.30555298689738686,0.4743337488899476,2
a0e136a5bfd43b1c.jpg,Ileocecal valve,red_fluid_region,deep_ulceration_pattern,0.3850012809641104,0.47187351727085125,3
bcd1cc763c3b87db.jpg,Foreign body,dark_blood_residue,widespread_inflammation,0.33915842574497357,0.5837559252052632,3
457a341ee682310d.jpg,Angiectasia,inflamed_red_surface,active_bleeding_visible,0.31974279534809313,0.5651002187800495,2
fcd27eb9e2ce9f1a.jpg,Ileocecal valve,vascular_red_spots,deep_ulceration_pattern,0.5906769660259861,0.6472283653752819,3
0c082bb300d60e3a.jpg,Ileocecal valve,inflamed_red_surface,widespread_inflammation,0.47716174296440306,0.5772882759829062,3
83e738d9b6303909.jpg,Foreign body,red_fluid_region,retained_foreign_object,0.48938108013965803,0.6139223885604668,3
b8602cd471def726.jpg,Reduced mucosal view,raised_round_mass,retained_foreign_object,0.4620121850982293,0.5965593167770324,3
71913ee8328e37a4.jpg,Normal clean mucosa,vascular_red_spots,large_protruding_lesion,0.5020906615946242,0.4986823807136429,2
b8b7a743b05641ec.jpg,Pylorus,foreign_object_shape,deep_ulceration_pattern,0.2650804937862927,0.38561665998809347,2
783e5479f909d5a1.jpg,Foreign body,normal_texture,unclear_view_needs_review,0.3515479052984927,0.5874388041806311,3
a9240a5857244e88.jpg,Pylorus,white_crater_lesion,suspicious_vascular_cluster,0.6275312835909107,0.6665750971934441,4
bd5d1d2a784ed18b.jpg,Reduced mucosal view,white_crater_lesion,low_risk_appearance,0.2939616664399054,0.4575562788801054,2
6f2681d2262f8671.jpg,Lymphangiectasia,blurred_visibility,active_bleeding_visible,0.310409559219732,0.48812534100486227,2
d9ebc8a61d7b0093.jpg,Lymphangiectasia,foreign_object_shape,suspicious_vascular_cluster,0.40746352675969566,0.5418806888429661,2
b44fc99a66d28a2d.jpg,Polyp,landmark_ring_structure,retained_foreign_object,0.5844336220131938,0.617413746743883,2
b1861451c408f7bd.jpg,Ileocecal valve,red_fluid_region,large_protruding_lesion,0.40101059215830626,0.5117897212956164,3
9199d8ad674c8248.jpg,Ileocecal valve,normal_texture,large_protruding_lesion,0.29359729067293994,0.42553257162760033,3
808246e48e0f8e59.jpg,Ileocecal valve,vascular_red_spots,retained_foreign_object,0.37513335757123345,0.6047039901444424,3
87863f21c28b62ce.jpg,Reduced mucosal view,vascular_red_spots,deep_ulceration_pattern,0.43165450689908114,0.555720392476232,3
e178a53518d96c0e.jpg,Reduced mucosal view,blurred_visibility,active_bleeding_visible,0.408775976316751,0.5297366283186753,3
b845244e1458852b.jpg,Angiectasia,landmark_ring_structure,unclear_view_needs_review,0.4714155743491264,0.5003334292054447,3
00c99830eacadc67.jpg,Ileocecal valve,red_fluid_region,active_bleeding_visible,0.24882546058282093,0.4621820182029575,3
6f39d7c54b5341e3.jpg,Foreign body,blurred_visibility,widespread_inflammation,0.36628558525021276,0.5910284015276622,3
d13cd2274b3a9781.jpg,Ileocecal valve,white_crater_lesion,large_protruding_lesion,0.6366380809897141,0.6272411830811884,3
44d9b7986bb16114.jpg,Ulcer,white_crater_lesion,unclear_view_needs_review,0.3709340550941586,0.4866187084153542,3
8140b2e4d4a5c9a7.jpg,Ileocecal valve,vascular_red_spots,unclear_view_needs_review,0.320606103381223,0.531767579654921,2
b6fc4bbab6722ed3.jpg,Reduced mucosal view,red_fluid_region,widespread_inflammation,0.35478863588516746,0.4619593835656556,3
38a27cc1ce2a386f.jpg,Reduced mucosal view,normal_texture,large_protruding_lesion,0.43345189559274167,0.5045933639157559,3
f2972298d1665256.jpg,Ileocecal valve,raised_round_mass,deep_ulceration_pattern,0.29382580832788374,0.4194929784743514,2
4ab1a8dc36624cea.jpg,Ileocecal valve,dark_blood_residue,unclear_view_needs_review,0.5400137412295979,0.5936500499882147,3
22f22d4356ccbeca.jpg,Foreign body,inflamed_red_surface,deep_ulceration_pattern,0.3408657473292134,0.48905570149377775,3
6508072df5d16dd0.jpg,Ileocecal valve,foreign_object_shape,low_risk_appearance,0.30420923052321697,0.5563446115752086,3
0bb18e584ba25741.jpg,Reduced mucosal view,landmark_ring_structure,active_bleeding_visible,0.30773392299787466,0.3894045829699387,2
a73f896f93fd6631.jpg,Ileocecal valve,vascular_red_spots,unclear_view_needs_review,0.413808945831726,0.5146338521675873,3
6b0014ac62d6ef35.jpg,Ileocecal valve,normal_texture,deep_ulceration_pattern,0.521594046473714,0.6291078755506575,3
96e3d26685a2349d.jpg,Ileocecal valve,landmark_ring_structure,active_bleeding_visible,0.5636661440802142,0.5650548295313728,3
cc903422f28795ff.jpg,Erosion,foreign_object_shape,low_risk_appearance,0.411848685562285,0.4628831861898647,2
03c9fe92010fa9d5.jpg,Reduced mucosal view,red_fluid_region,large_protruding_lesion,0.4265204905635802,0.49034698953515304,3
a8de6604cbc4b323.jpg,Erythema,inflamed_red_surface,unclear_view_needs_review,0.4347041874044298,0.44450608066453234,3
6442fcdc6410d11e.jpg,Angiectasia,red_fluid_region,deep_ulceration_pattern,0.5510652417798478,0.5613413244973142,3
5eee19d14a76e0b6.jpg,Pylorus,inflamed_red_surface,unclear_view_needs_review,0.6489465796317555,0.654168591155027,3
71b5e394b5e23311.jpg,Reduced mucosal view,landmark_ring_structure,large_protruding_lesion,0.4050190986123224,0.5122826612235424,3
d4aa03e9981f8f2a.jpg,Pylorus,dark_blood_residue,unclear_view_needs_review,0.5862295151212468,0.6331770445985383,3
483ce437b66594a1.jpg,Foreign body,white_crater_lesion,unclear_view_needs_review,0.3214913716236121,0.5770090519757693,3
5b491d04a061d97c.jpg,Reduced mucosal view,vascular_red_spots,suspicious_vascular_cluster,0.45319481765936276,0.6017437798876644,3
533762f88a20cebd.jpg,Ileocecal valve,landmark_ring_structure,suspicious_vascular_cluster,0.4780572960389282,0.4931462580948124,3
b7c2cfece673a1c5.jpg,Ileocecal valve,blurred_visibility,low_risk_appearance,0.35185035463121855,0.4775979562677657,3
0008c50f93183d12.jpg,Angiectasia,white_crater_lesion,retained_foreign_object,0.29298228731079434,0.48656797250107775,3
5de8371a60893baa.jpg,Pylorus,blurred_visibility,active_bleeding_visible,0.5380271373298362,0.5321350967371533,3
3911a41c0725e644.jpg,Ulcer,foreign_object_shape,retained_foreign_object,0.6357741538156277,0.6610146318846574,3
3ae9643fae3a9daf.jpg,Ileocecal valve,normal_texture,unclear_view_needs_review,0.40759719644659187,0.47137888448878607,3
d60a991c750615c3.jpg,Ileocecal valve,foreign_object_shape,unclear_view_needs_review,0.4005106144127011,0.5168328758058346,3
ba77521ac41d1bd9.jpg,Ileocecal valve,white_crater_lesion,unclear_view_needs_review,0.3356127381278896,0.4667186006520907,3
ae19316ce50b85cc.jpg,Reduced mucosal view,white_crater_lesion,retained_foreign_object,0.31963319978433224,0.5888871706891513,3
3fc49c597618d44c.jpg,Foreign body,landmark_ring_structure,unclear_view_needs_review,0.2602444271457307,0.5084417035036849,2
d6d0084c6ff9b6f0.jpg,Pylorus,white_crater_lesion,large_protruding_lesion,0.300391568261627,0.5125338110687633,2
1909a17babac1020.jpg,Ileocecal valve,vascular_red_spots,deep_ulceration_pattern,0.6438954436234262,0.5614809176168669,3
bb6f05e4afbe26a4.jpg,Reduced mucosal view,foreign_object_shape,active_bleeding_visible,0.3110583586134575,0.4857180822487302,3
3538f44bd7d7f879.jpg,Erosion,raised_round_mass,deep_ulceration_pattern,0.40498173457986186,0.6099162946102624,3
8cf1e43c55070f59.jpg,Ileocecal valve,foreign_object_shape,retained_foreign_object,0.37654294876088207,0.565348002067144,2
05e8dcefff59bf5c.jpg,Reduced mucosal view,inflamed_red_surface,widespread_inflammation,0.3576012260552951,0.45366812123682276,3
b1520cfd18001465.jpg,Ulcer,foreign_object_shape,deep_ulceration_pattern,0.6125262780078536,0.5930623365877301,3
956194ff5b9b506d.jpg,Reduced mucosal view,white_crater_lesion,low_risk_appearance,0.366107714605558,0.5963563126442212,2
cfb456b86e0f81f9.jpg,Ulcer,raised_round_mass,active_bleeding_visible,0.5679971518593147,0.6547780774687595,3
3da0e74ca93ea7bf.jpg,Reduced mucosal view,vascular_red_spots,active_bleeding_visible,0.4169878380062974,0.6019818299292683,3
401dcdcdd554fbcc.jpg,Reduced mucosal view,dark_blood_residue,unclear_view_needs_review,0.351076512586291,0.48955274053989084,2
17bbe451708ac007.jpg,Erythema,raised_round_mass,widespread_inflammation,0.5280580144130559,0.6481309386796271,3
1532d8cab8981e23.jpg,Ileocecal valve,white_crater_lesion,low_risk_appearance,0.44507943475665723,0.5656803467424578,2
1add572a54912df3.jpg,Foreign body,blurred_visibility,large_protruding_lesion,0.5149936864949468,0.622886388610025,2
1da60b4594c94891.jpg,Ulcer,dark_blood_residue,retained_foreign_object,0.5599485403626399,0.6282886750430491,3
8758de924115b72f.jpg,Ileocecal valve,inflamed_red_surface,widespread_inflammation,0.3871071868334714,0.42753688340260737,3
d3a1704f00495229.jpg,Reduced mucosal view,red_fluid_region,large_protruding_lesion,0.3537007886697459,0.5212658581809345,2
0fbbde7f58868a53.jpg,Lymphangiectasia,dark_blood_residue,deep_ulceration_pattern,0.3195679745908487,0.4694288951046275,3
20d75b5bacb858b6.jpg,Lymphangiectasia,vascular_red_spots,unclear_view_needs_review,0.39141389776514723,0.5318067370560529,2
40cd9bb1d4dd402d.jpg,Foreign body,blurred_visibility,deep_ulceration_pattern,0.5522288108628646,0.5801369359554989,3
e9933c24e2cb24c7.jpg,Erosion,blurred_visibility,large_protruding_lesion,0.5752719028040977,0.556303505346893,2
29d310461511222a.jpg,Foreign body,blurred_visibility,widespread_inflammation,0.36217255621289923,0.5596029999380179,3
26ec866aba1ed9bb.jpg,Ileocecal valve,landmark_ring_structure,unclear_view_needs_review,0.36700807364755184,0.5429702948954118,3
87120b507c3bc5ab.jpg,Ileocecal valve,dark_blood_residue,deep_ulceration_pattern,0.24010481222508331,0.4588961033816644,3
3a836f3798dc9a87.jpg,Erythema,inflamed_red_surface,suspicious_vascular_cluster,0.682586327899868,0.655773521314756,3
df494f9f4640eb50.jpg,Ileocecal valve,inflamed_red_surface,suspicious_vascular_cluster,0.3356355409210618,0.4837457424754885,3
4bbd6b10c6461d67.jpg,Reduced mucosal view,white_crater_lesion,large_protruding_lesion,0.3983563987723502,0.4851672495614255,3
877b3ca14dda3a0e.jpg,Blood - fresh,raised_round_mass,suspicious_vascular_cluster,0.6137112452660397,0.7211776281837314,3
c75dea9e6ce4b142.jpg,Reduced mucosal view,landmark_ring_structure,retained_foreign_object,0.34953210272861046,0.4127338997158986,3
e6f6bd017e921618.jpg,Ulcer,blurred_visibility,unclear_view_needs_review,0.4852777253473602,0.5520825325371987,3
b8901f35bc6c7da8.jpg,Lymphangiectasia,red_fluid_region,deep_ulceration_pattern,0.4146685994660327,0.5448176256048181,3
6a4f387bbcb32f7a.jpg,Ulcer,landmark_ring_structure,suspicious_vascular_cluster,0.598357612268001,0.6209728541765442,3
5c67a4ace733113c.jpg,Reduced mucosal view,landmark_ring_structure,active_bleeding_visible,0.3844515035884958,0.4322731414973535,3
d3c00021cf2542cb.jpg,Reduced mucosal view,inflamed_red_surface,low_risk_appearance,0.40155783320890714,0.5804659989854793,3
02d2f108249ca357.jpg,Reduced mucosal view,raised_round_mass,deep_ulceration_pattern,0.30110230143931527,0.5053524642194712,3
a0094eb156091526.jpg,Ulcer,normal_texture,suspicious_vascular_cluster,0.27263190208634,0.4328900723985408,2
5b73353d5a58837d.jpg,Ileocecal valve,normal_texture,unclear_view_needs_review,0.3941686493894274,0.4840710100322383,3
d628b11022f48e75.jpg,Ileocecal valve,normal_texture,low_risk_appearance,0.3654731178036722,0.49907207740268095,2
07fcb953b97f3431.jpg,Reduced mucosal view,foreign_object_shape,widespread_inflammation,0.2732535632067692,0.5797522672036394,3
98950a0a39b99286.jpg,Ileocecal valve,white_crater_lesion,low_risk_appearance,0.553217732530441,0.6850183318582874,3
47b9cf9d3a7513d7.jpg,Reduced mucosal view,normal_texture,active_bleeding_visible,0.37964193214799735,0.5693133491828029,3
4230ca17ee8830fb.jpg,Pylorus,normal_texture,retained_foreign_object,0.4550865108864651,0.5208518225749199,3
67513816ea085ef6.jpg,Ileocecal valve,raised_round_mass,large_protruding_lesion,0.3473215755432871,0.43801801886331515,3
7c8256d155088214.jpg,Erosion,blurred_visibility,deep_ulceration_pattern,0.5568659993978207,0.6609044772649023,3
f2f5946fad66d474.jpg,Pylorus,normal_texture,large_protruding_lesion,0.3941536908494346,0.5549557206272263,3
27e3afd4e4358a5b.jpg,Erosion,normal_texture,large_protruding_lesion,0.3895350621135272,0.4515187272540052,2
1130e81e17effa38.jpg,Lymphangiectasia,landmark_ring_structure,widespread_inflammation,0.4270206783415527,0.5518433515163297,3
aaece51108a3b27e.jpg,Ileocecal valve,white_crater_lesion,widespread_inflammation,0.5802611993803679,0.6982278254919471,3
cdd0f8a9c266424e.jpg,Reduced mucosal view,blurred_visibility,unclear_view_needs_review,0.33224607625724895,0.5409319507560987,2
b396b2ae887b0d61.jpg,Ileocecal valve,red_fluid_region,unclear_view_needs_review,0.3221737011552972,0.46357938134230925,3
dd4be09446346b8f.jpg,Ulcer,white_crater_lesion,unclear_view_needs_review,0.3515290523399762,0.45421782747261663,2
06694cff080d2040.jpg,Ileocecal valve,white_crater_lesion,large_protruding_lesion,0.4751974666834733,0.5854606273756379,3
012a64d47c81aa92.jpg,Reduced mucosal view,white_crater_lesion,deep_ulceration_pattern,0.47852473622251845,0.5669808908689858,3
23c5a4753fd1b1df.jpg,Ulcer,normal_texture,active_bleeding_visible,0.5877628963543083,0.6335611916551582,3
6563389266015c05.jpg,Ileocecal valve,foreign_object_shape,retained_foreign_object,0.3792142678883698,0.5562256274774031,3
1a7b43bc08dca593.jpg,Angiectasia,vascular_red_spots,unclear_view_needs_review,0.28717098457226947,0.42759651880742927,3
3b90eea4b84fe168.jpg,Reduced mucosal view,raised_round_mass,retained_foreign_object,0.3145755024496611,0.4991790305082659,2
c9898ee83f12ca42.jpg,Reduced mucosal view,blurred_visibility,retained_foreign_object,0.38153399511738767,0.4926418793097912,3
85174a7dee119e8c.jpg,Ileocecal valve,vascular_red_spots,unclear_view_needs_review,0.3231168229381242,0.4067335488104929,2
7a84f101e52ee71f.jpg,Ulcer,inflamed_red_surface,widespread_inflammation,0.37022122787845074,0.4189046534956143,3
1f0d2d1e4e535a28.jpg,Ileocecal valve,inflamed_red_surface,suspicious_vascular_cluster,0.3551941384654891,0.5378827948198732,2
09f42f42f17731ef.jpg,Reduced mucosal view,blurred_visibility,active_bleeding_visible,0.27633929387008016,0.3953395641504992,2
5a15607d49e3d3f5.jpg,Erosion,white_crater_lesion,active_bleeding_visible,0.5523543589028964,0.6429575877288359,3
a43bc5b05fbe2d61.jpg,Blood - hematin,white_crater_lesion,unclear_view_needs_review,0.5635134813592686,0.6265646754280719,3
c192a4aaf5a34ccb.jpg,Reduced mucosal view,foreign_object_shape,large_protruding_lesion,0.38613224151313685,0.5435835099469029,3
def008eee7bfea08.jpg,Erosion,vascular_red_spots,widespread_inflammation,0.30036063140607905,0.48187274270785885,3
b7e4dddead900abd.jpg,Pylorus,blurred_visibility,active_bleeding_visible,0.5483677743308343,0.6164549594498063,3
6cdd4fd6449a609b.jpg,Ileocecal valve,white_crater_lesion,low_risk_appearance,0.44557998185664727,0.47612235238866446,3
dfd119d163ea3558.jpg,Blood - fresh,dark_blood_residue,suspicious_vascular_cluster,0.6017430649619152,0.7189651695295437,3
78a354bba334035d.jpg,Angiectasia,blurred_visibility,unclear_view_needs_review,0.6479684032676816,0.6354055045976772,3
be9ff6557ae859a5.jpg,Reduced mucosal view,vascular_red_spots,retained_foreign_object,0.35083204830029097,0.4337823750902495,3
5b0d58ddb4632630.jpg,Reduced mucosal view,vascular_red_spots,low_risk_appearance,0.36376972395801027,0.4248270368236092,3
48ed9570a3926fd0.jpg,Ileocecal valve,foreign_object_shape,suspicious_vascular_cluster,0.3490856099175515,0.5191839672755832,3
b7df1742268b33dd.jpg,Reduced mucosal view,normal_texture,retained_foreign_object,0.5052518800856518,0.5910329019004731,3
fd9bf3dc1c555b79.jpg,Reduced mucosal view,white_crater_lesion,widespread_inflammation,0.34598483638411337,0.5604023823255941,3
9d432a4a9aa12aec.jpg,Foreign body,dark_blood_residue,unclear_view_needs_review,0.5986854166346967,0.5585668827977225,3
45c371dfcb0c710e.jpg,Reduced mucosal view,dark_blood_residue,large_protruding_lesion,0.3732211956684146,0.5199667468436098,3
a34d8ade3cbe91e5.jpg,Ileocecal valve,red_fluid_region,low_risk_appearance,0.4328737229140889,0.517546730013584,3
616cb6b8cbcec4f1.jpg,Ileocecal valve,inflamed_red_surface,retained_foreign_object,0.41934145698213504,0.5921563125724401,3
f04325b05d30d86e.jpg,Pylorus,raised_round_mass,active_bleeding_visible,0.5821071331075576,0.6386485927297457,3
eb11b2df4d9f2f00.jpg,Ileocecal valve,blurred_visibility,widespread_inflammation,0.3394670808005042,0.5338422467046533,3
82b87f8e5701170e.jpg,Ileocecal valve,raised_round_mass,large_protruding_lesion,0.40919100340058956,0.545371792299209,3
45a23ea7ea42ef1b.jpg,Pylorus,blurred_visibility,suspicious_vascular_cluster,0.535488592802419,0.6470069270545477,3
59a1eddabf2f2366.jpg,Ileocecal valve,normal_texture,unclear_view_needs_review,0.39196811942631915,0.5979124643049617,3
01fd7b8323d58c70.jpg,Ileocecal valve,raised_round_mass,active_bleeding_visible,0.42499459699076547,0.5118397385112952,3
43332433482fc1ac.jpg,Reduced mucosal view,white_crater_lesion,active_bleeding_visible,0.3809262276980824,0.5153571624997515,2
b54031f0b6aa9f94.jpg,Ileocecal valve,blurred_visibility,low_risk_appearance,0.4136498471059668,0.4848135284538169,2
9dca2939a27d0db8.jpg,Pylorus,red_fluid_region,suspicious_vascular_cluster,0.36835714035834083,0.41547663433925425,3
128a2169234a0db1.jpg,Angiectasia,red_fluid_region,active_bleeding_visible,0.40815128685373636,0.505431658255318,3
6dd0d6e6a355a33b.jpg,Polyp,landmark_ring_structure,widespread_inflammation,0.5407143992605109,0.5806496329577403,3
df61d4f5c3cb8df3.jpg,Erosion,landmark_ring_structure,suspicious_vascular_cluster,0.38908890601727586,0.4778650881339495,2
33e9a1212ff65b21.jpg,Ulcer,raised_round_mass,suspicious_vascular_cluster,0.4561739269416132,0.604061655716841,3
022f711277d8aedc.jpg,Foreign body,inflamed_red_surface,low_risk_appearance,0.3312229646546799,0.607661317590311,3
d5b9357733247053.jpg,Ileocecal valve,red_fluid_region,suspicious_vascular_cluster,0.4374513095263368,0.5874376299034623,3
473921f947284de9.jpg,Ulcer,white_crater_lesion,low_risk_appearance,0.3395239966697609,0.5058173718886052,2
7ed3078a618a3304.jpg,Blood - fresh,foreign_object_shape,large_protruding_lesion,0.6119988443777813,0.6585941597144251,3
bc6140bf89f7e052.jpg,Reduced mucosal view,normal_texture,retained_foreign_object,0.2744876893753824,0.4688935935579224,2
8dec693f29aa0763.jpg,Reduced mucosal view,raised_round_mass,widespread_inflammation,0.31168132199180704,0.5136335133736725,3
4b15df9687d43925.jpg,Reduced mucosal view,dark_blood_residue,deep_ulceration_pattern,0.443780192765919,0.6044926042796018,3
7aa0ef454fe41cf6.jpg,Pylorus,landmark_ring_structure,unclear_view_needs_review,0.655282821112103,0.6724480709540038,3
6d42a081f4f7ca6d.jpg,Ileocecal valve,red_fluid_region,unclear_view_needs_review,0.4273055377102653,0.5239050072123191,3
b29572cb3df05a3b.jpg,Blood - fresh,landmark_ring_structure,active_bleeding_visible,0.5312038826775367,0.6245675739667691,3
89d28357849fe5c2.jpg,Ileocecal valve,dark_blood_residue,large_protruding_lesion,0.32098042870225485,0.440226395705485,3
2649d7944857e4fb.jpg,Ileocecal valve,inflamed_red_surface,deep_ulceration_pattern,0.2950436763256734,0.4723530413004677,3
e4a81cae81b1c0a8.jpg,Ileocecal valve,red_fluid_region,active_bleeding_visible,0.46062447318213284,0.5567229226267855,3
3c35b1d34ebbddd0.jpg,Ulcer,dark_blood_residue,deep_ulceration_pattern,0.3891118058852923,0.5002833832013484,3
b80a77212cfcba8f.jpg,Ileocecal valve,raised_round_mass,widespread_inflammation,0.4378762948090249,0.5598215010088214,3
7740f79174f6d2c8.jpg,Erosion,dark_blood_residue,active_bleeding_visible,0.2626853912374565,0.5108448352130959,3
7f6ac9a152371542.jpg,Ileocecal valve,inflamed_red_surface,widespread_inflammation,0.32416577092100735,0.5009835232163437,3
b22234e0780a2531.jpg,Reduced mucosal view,normal_texture,deep_ulceration_pattern,0.42575556285317345,0.4505347419835853,3
c892755b0152ac7e.jpg,Angiectasia,white_crater_lesion,unclear_view_needs_review,0.4242993685979857,0.510174092171686,2
6aa57cab3fc1e3ac.jpg,Ileocecal valve,blurred_visibility,large_protruding_lesion,0.35996719113880865,0.4737620242502121,3
8561ffdf542d83a5.jpg,Ileocecal valve,white_crater_lesion,retained_foreign_object,0.37242553889024715,0.4762529495461579,3
fae25babed63a2ca.jpg,Ileocecal valve,normal_texture,active_bleeding_visible,0.43569238340351557,0.4729820051956581,3
a89bdbc79dd27dbf.jpg,Angiectasia,inflamed_red_surface,retained_foreign_object,0.3411065289921067,0.5619741428600303,2
f88b67de4b3e5333.jpg,Reduced mucosal view,normal_texture,suspicious_vascular_cluster,0.30645473118054345,0.4478335677939715,2
44b032963bc31dc3.jpg,Ileocecal valve,blurred_visibility,unclear_view_needs_review,0.3855818669399109,0.4647076760028479,3
165cb5049217b02c.jpg,Reduced mucosal view,white_crater_lesion,widespread_inflammation,0.37333617926169604,0.5635570547128307,3
e99fc5664c81fcbf.jpg,Ileocecal valve,white_crater_lesion,widespread_inflammation,0.3334882397044056,0.5120804539380059,2
b7c7d1e71a809de4.jpg,Foreign body,vascular_red_spots,widespread_inflammation,0.3590511126360842,0.4765148683521393,3
ce8cda640ebd3c2c.jpg,Angiectasia,inflamed_red_surface,unclear_view_needs_review,0.6825971941679149,0.6724624713517648,3
90145ae2443fd8d1.jpg,Angiectasia,inflamed_red_surface,large_protruding_lesion,0.4141505738941049,0.4506873924638536,2
03500a629f1ef7c9.jpg,Reduced mucosal view,dark_blood_residue,widespread_inflammation,0.3747661673327649,0.5828538392534179,3
f303b863ba7a0d29.jpg,Ileocecal valve,normal_texture,active_bleeding_visible,0.3557168577241732,0.5411269813918729,3
f188f4fe31fda593.jpg,Ileocecal valve,inflamed_red_surface,active_bleeding_visible,0.3590689878017683,0.4774143505025365,2
88d702876dba8021.jpg,Reduced mucosal view,inflamed_red_surface,large_protruding_lesion,0.42812388298255566,0.547171236234618,3
46164e9c6f9d73e5.jpg,Lymphangiectasia,raised_round_mass,large_protruding_lesion,0.2726768458160816,0.4281533425396618,2
a24ead6012480a15.jpg,Reduced mucosal view,raised_round_mass,retained_foreign_object,0.4145897648694355,0.5657041755228532,3
bb9b6e671b65e475.jpg,Ileocecal valve,blurred_visibility,low_risk_appearance,0.40123828144118295,0.5017142935244082,3
c145de3e060f5983.jpg,Erosion,landmark_ring_structure,suspicious_vascular_cluster,0.606349599908005,0.7211474070308616,3
92f4fa685a572c28.jpg,Erythema,normal_texture,widespread_inflammation,0.4507072417264514,0.5898766538499742,3
1d1920d6e23115ef.jpg,Foreign body,vascular_red_spots,widespread_inflammation,0.3293854779556263,0.4266806849071902,2
744a1fee8021d882.jpg,Ileocecal valve,landmark_ring_structure,large_protruding_lesion,0.32601243749037,0.43718514092050864,2
d79dfd07aa5c146f.jpg,Pylorus,normal_texture,low_risk_appearance,0.6276955292261965,0.5623012065015419,3
522e1741bd61435d.jpg,Ileocecal valve,dark_blood_residue,unclear_view_needs_review,0.35976098455095146,0.4883520588377278,2
6326cb61949d1a66.jpg,Reduced mucosal view,dark_blood_residue,suspicious_vascular_cluster,0.3312211068268609,0.44551099629619956,2
dfb62f1bd7ce5b80.jpg,Ileocecal valve,inflamed_red_surface,large_protruding_lesion,0.3541761183739846,0.4845676993218835,3
6b7fc37083b3dd2d.jpg,Ileocecal valve,landmark_ring_structure,retained_foreign_object,0.3459435873173813,0.5205979287706155,3
8fee2c8a7578af67.jpg,Reduced mucosal view,normal_texture,widespread_inflammation,0.3223464328551528,0.5151083127386458,3
3eb72fcf5e4a0790.jpg,Ileocecal valve,inflamed_red_surface,unclear_view_needs_review,0.564762944659099,0.6562454549525967,3
8627ea4821319dd1.jpg,Reduced mucosal view,red_fluid_region,large_protruding_lesion,0.3273742721037757,0.5001617785078046,2
8fbb28239fccc574.jpg,Ileocecal valve,inflamed_red_surface,unclear_view_needs_review,0.26733627296427276,0.4725522447582388,2
822331a856984092.jpg,Normal clean mucosa,foreign_object_shape,deep_ulceration_pattern,0.5861975475498843,0.5752235766688034,3
6f5dcf576100ec03.jpg,Reduced mucosal view,landmark_ring_structure,retained_foreign_object,0.3221442840463339,0.49558130998075023,3
9a350a24aebd75e9.jpg,Ileocecal valve,inflamed_red_surface,unclear_view_needs_review,0.4123168166666721,0.5396932665223735,3
dd92ae1701406947.jpg,Reduced mucosal view,landmark_ring_structure,widespread_inflammation,0.4447126761045129,0.5733162533305305,3
3e9d28b63d1267e4.jpg,Reduced mucosal view,blurred_visibility,active_bleeding_visible,0.36595287868328746,0.4847216829300985,3
c9e0acf4636c3762.jpg,Polyp,blurred_visibility,retained_foreign_object,0.5653430120556704,0.613660238785082,3
5251339502e74f59.jpg,Erosion,normal_texture,deep_ulceration_pattern,0.6251294245120498,0.561901225076228,3
e6081f5fae3cbe8c.jpg,Angiectasia,normal_texture,retained_foreign_object,0.33360482472569497,0.4619966973194576,3
f6b1405865b67f42.jpg,Angiectasia,dark_blood_residue,large_protruding_lesion,0.3282677058286172,0.5118306612075353,2
ac96f9600ee9ef13.jpg,Pylorus,inflamed_red_surface,active_bleeding_visible,0.6570949570501801,0.647073283000683,3
21f510faf883aca3.jpg,Pylorus,blurred_visibility,unclear_view_needs_review,0.32454362467185055,0.4182226784386045,3
f759d8b04a0de8c0.jpg,Reduced mucosal view,dark_blood_residue,widespread_inflammation,0.40530816767418465,0.5666466121872403,3
705c232f5dffb12f.jpg,Reduced mucosal view,blurred_visibility,unclear_view_needs_review,0.305262279313384,0.5547668319524092,3
702a690dc9dd4ad7.jpg,Ileocecal valve,red_fluid_region,widespread_inflammation,0.5276567354808316,0.5214484408794965,2
90eb9e802417acf2.jpg,Ileocecal valve,red_fluid_region,suspicious_vascular_cluster,0.5949427792050483,0.6709141446750685,3
69e0f8265537567d.jpg,Reduced mucosal view,white_crater_lesion,low_risk_appearance,0.32992642775301007,0.5712045512661837,2
0e79ab15483a6c02.jpg,Lymphangiectasia,landmark_ring_structure,deep_ulceration_pattern,0.3296925813693071,0.5316576767155022,3
68191ac636013d77.jpg,Blood - fresh,raised_round_mass,low_risk_appearance,0.6298158714050048,0.6627056062654472,3
657cb5ab16225927.jpg,Ulcer,landmark_ring_structure,low_risk_appearance,0.4812845565412245,0.5649630874460212,3
a331d508fa8258f9.jpg,Pylorus,normal_texture,active_bleeding_visible,0.36631244492856063,0.54527719186984,2
5c9a1688cdba0a4c.jpg,Ileocecal valve,vascular_red_spots,deep_ulceration_pattern,0.57588516338367,0.6022410283797981,3
6a939a958e0baeb6.jpg,Ileocecal valve,vascular_red_spots,deep_ulceration_pattern,0.35459632043035283,0.5143539254535043,3
10d215fe0dfc8ef8.jpg,Ileocecal valve,normal_texture,unclear_view_needs_review,0.46344762581737237,0.5087366497517775,3
bd06dbe4128b3d8b.jpg,Erosion,raised_round_mass,widespread_inflammation,0.6949780901430508,0.6779758624048098,3
60637d09d3cc5142.jpg,Ileocecal valve,dark_blood_residue,widespread_inflammation,0.42839260511909216,0.5224142689099904,3
af71a808f96e5348.jpg,Reduced mucosal view,foreign_object_shape,deep_ulceration_pattern,0.42081366149625776,0.5139881959622693,2
981e8ce453c0a1c0.jpg,Ileocecal valve,dark_blood_residue,widespread_inflammation,0.35100083652440905,0.5716923784639888,2
2061cebaab6ae89a.jpg,Ulcer,inflamed_red_surface,retained_foreign_object,0.5997278718856022,0.6138011957128651,3
2fd5475f07471678.jpg,Ulcer,raised_round_mass,large_protruding_lesion,0.4261563927596892,0.563606438379866,3
ef7ffc7f26cae44a.jpg,Reduced mucosal view,landmark_ring_structure,deep_ulceration_pattern,0.307713400604941,0.5923749970753365,3
035e551c0e799037.jpg,Ileocecal valve,inflamed_red_surface,deep_ulceration_pattern,0.37645508115162285,0.5243592949927793,3
ab0386eb7e0e289b.jpg,Lymphangiectasia,white_crater_lesion,widespread_inflammation,0.3416149614342058,0.5135945557562527,2
fa52a48bd4768231.jpg,Ileocecal valve,white_crater_lesion,unclear_view_needs_review,0.4299522105811211,0.4759158623325796,2
62bb15ad63e81206.jpg,Normal clean mucosa,vascular_red_spots,active_bleeding_visible,0.384383524688382,0.4925928995772798,2
c4b445be1b532465.jpg,Ileocecal valve,normal_texture,unclear_view_needs_review,0.3629425753634025,0.5921964050579797,3
a385eb3898fb595f.jpg,Angiectasia,blurred_visibility,low_risk_appearance,0.6267091432614865,0.6238437821399694,3
e66e2aae21c1f7b1.jpg,Blood - fresh,dark_blood_residue,retained_foreign_object,0.6608726108873723,0.5713262288678028,3
00e308e91df9f3c7.jpg,Angiectasia,foreign_object_shape,unclear_view_needs_review,0.40050432477580744,0.47345024606227826,2
3c115f5149bae049.jpg,Ileocecal valve,raised_round_mass,unclear_view_needs_review,0.38678918828386555,0.5182096710886032,3
2ceedfc21a9aa9a3.jpg,Angiectasia,foreign_object_shape,unclear_view_needs_review,0.4012434405182961,0.4705287975168064,3
d2175bc191fa699b.jpg,Erosion,landmark_ring_structure,large_protruding_lesion,0.6270062778571499,0.6906699137115597,3
a08c903729d9cc31.jpg,Ileocecal valve,normal_texture,widespread_inflammation,0.3428638458995077,0.5352062744949,3
13194b3da40c2726.jpg,Ileocecal valve,vascular_red_spots,low_risk_appearance,0.3954229963503755,0.4819185044572942,3
76ac1c99fa892f72.jpg,Reduced mucosal view,landmark_ring_structure,deep_ulceration_pattern,0.45994264189227635,0.5671875579223876,3
23455b0a4974993e.jpg,Lymphangiectasia,normal_texture,low_risk_appearance,0.517726878411333,0.6116549501314953,3
94597cba05da1b40.jpg,Reduced mucosal view,vascular_red_spots,unclear_view_needs_review,0.33368409073753347,0.5525689709912216,3
9fc515357bf38f02.jpg,Foreign body,inflamed_red_surface,widespread_inflammation,0.4515940161824906,0.5058042649546997,3
73abaed9c40cfe68.jpg,Ileocecal valve,raised_round_mass,low_risk_appearance,0.45445640315943747,0.5867150932972582,3
4757b5bd1f423356.jpg,Pylorus,foreign_object_shape,widespread_inflammation,0.673133471991604,0.6672780469000125,3
fdd61388101435af.jpg,Ileocecal valve,dark_blood_residue,deep_ulceration_pattern,0.3656697145029914,0.49326800220263195,2
21c9374f3f15323f.jpg,Pylorus,blurred_visibility,retained_foreign_object,0.2980572081644149,0.40259420007132046,2
c3f4c60cddb51a99.jpg,Pylorus,blurred_visibility,low_risk_appearance,0.514680381928398,0.5552635152183061,3
64d3bcb98145b132.jpg,Ileocecal valve,foreign_object_shape,widespread_inflammation,0.3598885253990345,0.5349413301084717,3
f052a5a3e3ad8211.jpg,Pylorus,red_fluid_region,retained_foreign_object,0.31234384601323434,0.39828827924538085,2
93261d3a0262be4c.jpg,Blood - fresh,inflamed_red_surface,deep_ulceration_pattern,0.47796883806963153,0.6366333330177396,3
7c85a0cf95442129.jpg,Ulcer,foreign_object_shape,suspicious_vascular_cluster,0.5657958092418625,0.6473171943547239,3
e47bd9c6717ba7f2.jpg,Ulcer,inflamed_red_surface,retained_foreign_object,0.2906745165237382,0.5108905339284204,3
90d5556413ebe1d5.jpg,Reduced mucosal view,foreign_object_shape,widespread_inflammation,0.32659059612906627,0.5644899469504921,3
06941a7ac380f1ba.jpg,Ileocecal valve,inflamed_red_surface,low_risk_appearance,0.38231583120977464,0.47478189409942023,2
7e0a60b76c34b3e8.jpg,Ulcer,inflamed_red_surface,active_bleeding_visible,0.5814854319674875,0.5736196069160511,3
b8673b60b3dfb843.jpg,Foreign body,red_fluid_region,suspicious_vascular_cluster,0.3367843746367339,0.5889643584320571,2
6a7e23ef27a2010d.jpg,Lymphangiectasia,dark_blood_residue,deep_ulceration_pattern,0.38050342053582387,0.511054185354159,3
95c135f17597459b.jpg,Pylorus,landmark_ring_structure,unclear_view_needs_review,0.6270661230944358,0.5978233862709137,3
cd8c1a8dfe870a17.jpg,Reduced mucosal view,white_crater_lesion,unclear_view_needs_review,0.374651731672211,0.4737022461060082,3
afdb5d5f85d37d10.jpg,Pylorus,inflamed_red_surface,deep_ulceration_pattern,0.6646243672131508,0.6895099025148721,3
3d8b2f884f6dc235.jpg,Foreign body,red_fluid_region,large_protruding_lesion,0.2549418684435625,0.4404961000960885,3
75985397cc1b51e4.jpg,Ileocecal valve,raised_round_mass,widespread_inflammation,0.5070199463291982,0.6056231464142959,3
3f494652c084cf00.jpg,Ileocecal valve,inflamed_red_surface,widespread_inflammation,0.574450927217764,0.5940704511030244,3
72a688ce300c2624.jpg,Ileocecal valve,red_fluid_region,retained_foreign_object,0.4496403788288287,0.605429850003511,3
2528efebacfe07c5.jpg,Pylorus,landmark_ring_structure,large_protruding_lesion,0.34696821625495383,0.5158998800953304,2
37e4ad72f68db46e.jpg,Ileocecal valve,normal_texture,unclear_view_needs_review,0.43298154844187,0.5954759733732481,3
7ba55c9395856d6f.jpg,Reduced mucosal view,red_fluid_region,active_bleeding_visible,0.4162240548745816,0.4835511956780465,3
646e1ca395e61f67.jpg,Erythema,red_fluid_region,low_risk_appearance,0.32180723160667213,0.4816834522777976,2
92c195af188dd479.jpg,Ileocecal valve,landmark_ring_structure,retained_foreign_object,0.31685721187861693,0.4774780184628807,3
8b7d78d015ee44c4.jpg,Pylorus,blurred_visibility,deep_ulceration_pattern,0.6061581902980234,0.6045553802047722,3
dbb0487325d9b371.jpg,Lymphangiectasia,landmark_ring_structure,deep_ulceration_pattern,0.34234984114578015,0.5497830472153624,2
b83538181f164ecc.jpg,Foreign body,landmark_ring_structure,retained_foreign_object,0.3297338539147247,0.5290809847897898,3
646a0b0669999157.jpg,Ileocecal valve,foreign_object_shape,widespread_inflammation,0.3894212387879676,0.5328372328889437,3
2ff28d9a4dade827.jpg,Ileocecal valve,raised_round_mass,retained_foreign_object,0.3647497068657033,0.48253333865539355,3
7f1abe98a18238d3.jpg,Erosion,blurred_visibility,unclear_view_needs_review,0.5405946220655118,0.5909492078531801,3
f4ed78ef1c5afcea.jpg,Pylorus,inflamed_red_surface,unclear_view_needs_review,0.4064710048362219,0.47715761892671094,3
0c0dfd7f87902b7e.jpg,Foreign body,normal_texture,suspicious_vascular_cluster,0.4247901288144489,0.5370786038766985,3
d1ae50f81e2525bb.jpg,Ileocecal valve,normal_texture,suspicious_vascular_cluster,0.3726475339672711,0.5036554589549428,3
95fbb6152aeaf8c1.jpg,Ulcer,landmark_ring_structure,deep_ulceration_pattern,0.4974114877265254,0.5417833631716269,3
4fa7cd058b20a773.jpg,Ileocecal valve,inflamed_red_surface,deep_ulceration_pattern,0.48470773936342304,0.5529307959849572,3
22f11107ce887302.jpg,Ulcer,landmark_ring_structure,unclear_view_needs_review,0.5470600401424588,0.585441120825418,3
263e30d79b9f2aaa.jpg,Reduced mucosal view,dark_blood_residue,unclear_view_needs_review,0.3636799379960384,0.6760278718818032,3
0e676b9c21d18b42.jpg,Ulcer,red_fluid_region,active_bleeding_visible,0.2616847008634753,0.3827460018582299,3
2ab245d799406f73.jpg,Ileocecal valve,white_crater_lesion,low_risk_appearance,0.3525318793754386,0.5040216804469428,3
5fcbe44043728dd8.jpg,Reduced mucosal view,landmark_ring_structure,unclear_view_needs_review,0.3040449765544027,0.44542012880873544,2
601e9bc0d2ab816f.jpg,Ileocecal valve,blurred_visibility,active_bleeding_visible,0.392631995099746,0.5489940282490829,2
e1233834246d4064.jpg,Ileocecal valve,blurred_visibility,unclear_view_needs_review,0.34585362208282816,0.48092947508352835,3
f703d3dda5c82a60.jpg,Reduced mucosal view,red_fluid_region,active_bleeding_visible,0.3989916910757364,0.5369370367174031,3
9d14e857637019ad.jpg,Ileocecal valve,foreign_object_shape,low_risk_appearance,0.3097113837756079,0.5162047483554704,3
d4e3363a1a0a273c.jpg,Angiectasia,normal_texture,active_bleeding_visible,0.6426676991156192,0.6384191154664323,3
e77a5a90b2f9e885.jpg,Erythema,inflamed_red_surface,active_bleeding_visible,0.3946909641543141,0.4297628082479257,2
e6ecdc5c814d4683.jpg,Foreign body,blurred_visibility,widespread_inflammation,0.5175538764450085,0.5708605652050243,3
f46e6db1a9962ace.jpg,Ileocecal valve,raised_round_mass,large_protruding_lesion,0.3978527068107065,0.5294817635175397,3
b56e8cd1da0e0ba6.jpg,Ileocecal valve,blurred_visibility,active_bleeding_visible,0.37480452933534736,0.5584136611050178,3
8ddaa30b33b74262.jpg,Lymphangiectasia,foreign_object_shape,large_protruding_lesion,0.40656610777020347,0.6069813935655157,3
6704140cd51b6dbb.jpg,Ileocecal valve,raised_round_mass,low_risk_appearance,0.35891091102352274,0.5470245579412396,2
d6dba872624b1696.jpg,Erosion,blurred_visibility,deep_ulceration_pattern,0.287678119617339,0.4232269986250843,3
780573aaebf3766d.jpg,Ileocecal valve,raised_round_mass,suspicious_vascular_cluster,0.41003407719636087,0.49592984201915036,3
76f1e64bc7a2b09e.jpg,Ulcer,normal_texture,retained_foreign_object,0.4422316941757063,0.5905590099376062,3
e2d23e23f3ae5039.jpg,Ileocecal valve,normal_texture,retained_foreign_object,0.3791825164027257,0.47405726568110734,2
39751d34078396e8.jpg,Pylorus,vascular_red_spots,low_risk_appearance,0.6149065470408811,0.518141695426904,3
8d6a741a30944aca.jpg,Pylorus,dark_blood_residue,unclear_view_needs_review,0.6313116421643702,0.6791292534567489,3
38ff39cc43a614cc.jpg,Reduced mucosal view,blurred_visibility,suspicious_vascular_cluster,0.4343717534272673,0.5721609244168798,2
0adcb42c7f7bf590.jpg,Ileocecal valve,normal_texture,unclear_view_needs_review,0.4143892416766115,0.6056421504289239,3
e0e2fc637a5eaa20.jpg,Ileocecal valve,blurred_visibility,deep_ulceration_pattern,0.367932718608058,0.47121312508462065,3
0ce19f07968a1d56.jpg,Reduced mucosal view,blurred_visibility,deep_ulceration_pattern,0.39312481333290317,0.5168160730248278,3
a050ac9581776bcb.jpg,Reduced mucosal view,raised_round_mass,deep_ulceration_pattern,0.3750925251629184,0.5199997337764533,2
9834c6a1ab477732.jpg,Reduced mucosal view,dark_blood_residue,low_risk_appearance,0.36272776651118344,0.5461196617970215,3
7faef0faa799764a.jpg,Ileocecal valve,raised_round_mass,deep_ulceration_pattern,0.3690068342883835,0.6036184362902746,3
9edf34cae0ea7636.jpg,Ileocecal valve,vascular_red_spots,deep_ulceration_pattern,0.5103512838999538,0.6168999449397288,3
da400d299f769155.jpg,Ileocecal valve,vascular_red_spots,low_risk_appearance,0.4092273465024757,0.4475456456038078,3
c4dcf604cf2d0f45.jpg,Ileocecal valve,vascular_red_spots,retained_foreign_object,0.37628198429554494,0.49849884701788616,3
a3ac73e21ababe70.jpg,Pylorus,inflamed_red_surface,active_bleeding_visible,0.543092483767182,0.5868410494142426,3
ae3f6c7e3d75e4ca.jpg,Pylorus,red_fluid_region,unclear_view_needs_review,0.6087688282402184,0.7229653499054917,3
d95a8ff1db8054f2.jpg,Ileocecal valve,blurred_visibility,suspicious_vascular_cluster,0.47603542541156313,0.5812755684143468,3
cb5e37cf0c338478.jpg,Reduced mucosal view,blurred_visibility,retained_foreign_object,0.33465150278324773,0.5297690674326345,3
7bd7693a9dc23141.jpg,Reduced mucosal view,red_fluid_region,widespread_inflammation,0.36955634964698114,0.521307899655642,2
d439e8af9e86014a.jpg,Ileocecal valve,landmark_ring_structure,deep_ulceration_pattern,0.2862799521560233,0.5418777308406737,3
229bec12a70f65f2.jpg,Foreign body,red_fluid_region,retained_foreign_object,0.4629687928393867,0.6067752470870955,3
004c834a3f0f25cc.jpg,Ileocecal valve,blurred_visibility,large_protruding_lesion,0.3379384641554307,0.49258509631587993,3
e5852ff7874a07ac.jpg,Pylorus,landmark_ring_structure,large_protruding_lesion,0.510083523085065,0.5474301277414133,3
37ade1c66ae0aa10.jpg,Ileocecal valve,normal_texture,retained_foreign_object,0.278857101982526,0.5066785351509429,3
c107dcc44ba54579.jpg,Ulcer,white_crater_lesion,suspicious_vascular_cluster,0.589727053325071,0.534935037190271,3
2b1cf135776eaf2d.jpg,Reduced mucosal view,vascular_red_spots,suspicious_vascular_cluster,0.3625869155048539,0.49623243581389154,2
f8a9f861977d51fe.jpg,Ileocecal valve,blurred_visibility,unclear_view_needs_review,0.4729765651876326,0.5856387778152132,3
4abb786a618bbae1.jpg,Pylorus,vascular_red_spots,retained_foreign_object,0.5825704263980648,0.7082404607785873,3
681a1b26e0662ced.jpg,Angiectasia,dark_blood_residue,suspicious_vascular_cluster,0.3790392305392422,0.4793781625897637,3
d664f7c4de598b5e.jpg,Ileocecal valve,raised_round_mass,low_risk_appearance,0.3392190035562088,0.43523350931793664,2
5b2994b2ce75dd4b.jpg,Reduced mucosal view,white_crater_lesion,deep_ulceration_pattern,0.28307958990115945,0.3855504634199473,3
5c6ac08f49ed611c.jpg,Pylorus,raised_round_mass,active_bleeding_visible,0.5265840970326193,0.5732932541352515,3
216caa7826a5ceee.jpg,Reduced mucosal view,blurred_visibility,active_bleeding_visible,0.3327631819994686,0.5414999832832008,3
0a20905dcce017c5.jpg,Ileocecal valve,inflamed_red_surface,suspicious_vascular_cluster,0.3324346763689426,0.5671368342474211,2
53094c22f63899d3.jpg,Blood - fresh,vascular_red_spots,active_bleeding_visible,0.5851864854753744,0.689295116514431,3
bc52b66358aa2957.jpg,Ileocecal valve,red_fluid_region,suspicious_vascular_cluster,0.3415483792335726,0.5504696250377171,2
8fb0cdafea4bda16.jpg,Ulcer,vascular_red_spots,unclear_view_needs_review,0.5653046976929519,0.6836762934794881,3
28c0fc43615c3f6b.jpg,Ileocecal valve,landmark_ring_structure,suspicious_vascular_cluster,0.5062995637561596,0.5778494329785848,3
223ed5cb4a1b3861.jpg,Foreign body,foreign_object_shape,widespread_inflammation,0.28982359008177305,0.5640797199871295,2
acb207cda5ec6993.jpg,Reduced mucosal view,foreign_object_shape,retained_foreign_object,0.32644541346393063,0.4269431239200171,3
cdb25ab40b76bc79.jpg,Lymphangiectasia,dark_blood_residue,unclear_view_needs_review,0.4150952231110878,0.5486719240497803,3
a29335596f0f79b1.jpg,Foreign body,white_crater_lesion,low_risk_appearance,0.29910004898602105,0.4887074932593133,2
3cd70b2cbe7256bd.jpg,Reduced mucosal view,raised_round_mass,large_protruding_lesion,0.4057020406038305,0.4848122088973771,3
c55c04fec39f2fee.jpg,Pylorus,normal_texture,widespread_inflammation,0.5260468851249682,0.5686636017229366,3
45a3c3d890be1e38.jpg,Normal clean mucosa,red_fluid_region,unclear_view_needs_review,0.32633954748315,0.5433790395547158,3
4c88d9a1e5b6e44d.jpg,Ulcer,dark_blood_residue,large_protruding_lesion,0.5356351495131493,0.6036804228371762,3
