id,label,reason_tag,severity_reason,urgent_prob,severity_prob,review_priority
2a7594db3287407b.jpg,Erosion,inflamed_red_surface,active_bleeding_visible,0.387816,0.569095,4
6154fc77bf987398.jpg,Reduced mucosal view,dark_blood_residue,deep_ulceration_pattern,0.424282,0.518883,3
d7c707c4c0e9f828.jpg,Ileocecal valve,white_crater_lesion,deep_ulceration_pattern,0.339973,0.549638,3
d2f9c8b9b28400f7.jpg,Lymphangiectasia,foreign_object_shape,large_protruding_lesion,0.379296,0.513343,2
3dab5204c708fdf0.jpg,Reduced mucosal view,dark_blood_residue,widespread_inflammation,0.361664,0.495017,1
30650b7d640b30c3.jpg,Lymphangiectasia,white_crater_lesion,unclear_view_needs_review,0.360867,0.515939,2
dd4a2dd91eb3d8ca.jpg,Reduced mucosal view,dark_blood_residue,widespread_inflammation,0.348683,0.480065,1
1eb51cf1897eacf7.jpg,Angiectasia,normal_texture,large_protruding_lesion,0.60216,0.618388,5
df0268e0afea84b8.jpg,Erythema,white_crater_lesion,active_bleeding_visible,0.397698,0.513807,2
68a74ab3a09287bc.jpg,Ileocecal valve,red_fluid_region,deep_ulceration_pattern,0.418532,0.532034,3
3bb6af28c58c795e.jpg,Reduced mucosal view,landmark_ring_structure,low_risk_appearance,0.363373,0.501346,2
fc16d56fda432bc5.jpg,Ileocecal valve,raised_round_mass,suspicious_vascular_cluster,0.321054,0.522065,2
fc29ef6c0ff10dca.jpg,Pylorus,inflamed_red_surface,retained_foreign_object,0.504229,0.561739,4
e0b7eac029ff8ecd.jpg,Ileocecal valve,normal_texture,unclear_view_needs_review,0.359981,0.495936,1
8823bee520a77271.jpg,Erosion,inflamed_red_surface,unclear_view_needs_review,0.560456,0.633579,5
4974ddd7676f0471.jpg,Angiectasia,dark_blood_residue,large_protruding_lesion,0.362252,0.49928,1
258e1008494e902f.jpg,Ileocecal valve,normal_texture,widespread_inflammation,0.445233,0.585835,4
4854a6e0bd060a10.jpg,Reduced mucosal view,white_crater_lesion,unclear_view_needs_review,0.400561,0.554756,4
4a862ece8f5deb57.jpg,Ileocecal valve,landmark_ring_structure,active_bleeding_visible,0.348172,0.479108,1
160a21ad55bc163c.jpg,Foreign body,raised_round_mass,suspicious_vascular_cluster,0.420841,0.548186,4
8ba48bb908db7541.jpg,Ulcer,inflamed_red_surface,unclear_view_needs_review,0.448679,0.565175,4
574cc21cf9d801fe.jpg,Foreign body,blurred_visibility,active_bleeding_visible,0.47421,0.554161,4
5197bbf8b39d8aef.jpg,Reduced mucosal view,vascular_red_spots,retained_foreign_object,0.353016,0.543239,3
701475cf55f27bea.jpg,Erythema,white_crater_lesion,retained_foreign_object,0.397941,0.520409,3
f230e169cee434be.jpg,Pylorus,dark_blood_residue,retained_foreign_object,0.609098,0.641567,5
e231726e0be1e0b2.jpg,Ulcer,red_fluid_region,suspicious_vascular_cluster,0.34574,0.489476,1
a465f17577e0b24c.jpg,Reduced mucosal view,landmark_ring_structure,suspicious_vascular_cluster,0.366113,0.497,1
1182489958227d66.jpg,Pylorus,normal_texture,deep_ulceration_pattern,0.575214,0.607899,5
2a575b8a0bed9e54.jpg,Erosion,landmark_ring_structure,retained_foreign_object,0.422118,0.506501,2
93bf64158aa88b44.jpg,Erosion,raised_round_mass,widespread_inflammation,0.367076,0.533329,3
82cd160cbce62613.jpg,Ileocecal valve,dark_blood_residue,widespread_inflammation,0.37525,0.514213,2
c97f117421adee0e.jpg,Pylorus,blurred_visibility,suspicious_vascular_cluster,0.584047,0.58137,5
1423984d28c7cbc6.jpg,Foreign body,raised_round_mass,unclear_view_needs_review,0.481272,0.578068,4
d349523f836ecd08.jpg,Ulcer,white_crater_lesion,active_bleeding_visible,0.351706,0.49178,1
b69c005477349f97.jpg,Foreign body,red_fluid_region,unclear_view_needs_review,0.360034,0.542573,3
ff5a4ef9c385d250.jpg,Pylorus,blurred_visibility,suspicious_vascular_cluster,0.578806,0.611468,5
e79ffac946fb1688.jpg,Lymphangiectasia,raised_round_mass,deep_ulceration_pattern,0.353582,0.515566,2
4fee5177d97db2db.jpg,Reduced mucosal view,foreign_object_shape,unclear_view_needs_review,0.354093,0.535066,3
ef3d26ce5dd0bb7f.jpg,Pylorus,white_crater_lesion,suspicious_vascular_cluster,0.492771,0.555401,4
fe678ecc0dcf3d99.jpg,Pylorus,white_crater_lesion,low_risk_appearance,0.42898,0.523592,3
88bdea5eae08a61e.jpg,Ulcer,inflamed_red_surface,low_risk_appearance,0.359614,0.483799,1
bf3bd1ec24714483.jpg,Ulcer,red_fluid_region,widespread_inflammation,0.571856,0.611622,5
faf9ae4031b192e2.jpg,Lymphangiectasia,vascular_red_spots,retained_foreign_object,0.53957,0.585689,5
dbfd74ea48c79e07.jpg,Reduced mucosal view,red_fluid_region,widespread_inflammation,0.350412,0.510582,2
aac6d5e682c09e76.jpg,Ileocecal valve,normal_texture,suspicious_vascular_cluster,0.404116,0.529814,3
187cb8a3b9627556.jpg,Reduced mucosal view,white_crater_lesion,suspicious_vascular_cluster,0.370695,0.497946,1
6021f02a5c1d33f7.jpg,Reduced mucosal view,blurred_visibility,unclear_view_needs_review,0.363619,0.537357,3
e756f090e61b291d.jpg,Erosion,foreign_object_shape,low_risk_appearance,0.381633,0.554764,4
c4de185fb71bca64.jpg,Ileocecal valve,blurred_visibility,suspicious_vascular_cluster,0.372132,0.510702,2
9b8e68fec505b8ba.jpg,Ileocecal valve,foreign_object_shape,unclear_view_needs_review,0.350493,0.506118,2
e175f7312c7abb5d.jpg,Ileocecal valve,normal_texture,large_protruding_lesion,0.39459,0.531997,3
80e84813976c3929.jpg,Blood - fresh,inflamed_red_surface,low_risk_appearance,0.625762,0.676905,5
ca3d1d8f7794f3ec.jpg,Ileocecal valve,inflamed_red_surface,suspicious_vascular_cluster,0.384269,0.528751,3
2d790b2cdf14b21e.jpg,Reduced mucosal view,blurred_visibility,retained_foreign_object,0.365071,0.469532,1
2d2ac481bdb8f834.jpg,Foreign body,white_crater_lesion,large_protruding_lesion,0.468793,0.563679,4
5df3bf175c2c40a3.jpg,Blood - fresh,red_fluid_region,deep_ulceration_pattern,0.558313,0.620404,5
bca479c26646ba40.jpg,Ileocecal valve,raised_round_mass,active_bleeding_visible,0.398056,0.533045,3
923404fa7a7b81f3.jpg,Pylorus,inflamed_red_surface,active_bleeding_visible,0.577971,0.615465,5
286e5767a4b59e4a.jpg,Ileocecal valve,raised_round_mass,unclear_view_needs_review,0.416913,0.529283,3
0504e3c9cf38c5d1.jpg,Ileocecal valve,blurred_visibility,unclear_view_needs_review,0.365605,0.51795,2
f737c0537fa3d982.jpg,Pylorus,white_crater_lesion,widespread_inflammation,0.573152,0.585176,5
8625b14b58d1659d.jpg,Reduced mucosal view,foreign_object_shape,active_bleeding_visible,0.358237,0.546211,3
7e4585377d068f72.jpg,Lymphangiectasia,blurred_visibility,deep_ulceration_pattern,0.343947,0.509793,2
01d77f1ebdefc962.jpg,Angiectasia,raised_round_mass,deep_ulceration_pattern,0.352302,0.493604,1
2688d47f20854c49.jpg,Pylorus,normal_texture,retained_foreign_object,0.553952,0.574738,4
1426c68e577b0d9f.jpg,Ileocecal valve,red_fluid_region,suspicious_vascular_cluster,0.379565,0.502518,2
e84091579e535870.jpg,Foreign body,normal_texture,large_protruding_lesion,0.462983,0.560654,4
38a1d3ae3e4446d9.jpg,Reduced mucosal view,inflamed_red_surface,low_risk_appearance,0.340152,0.53453,3
66521fb8bc613b4c.jpg,Lymphangiectasia,blurred_visibility,active_bleeding_visible,0.358515,0.499624,1
9f47b8dd4b6059a6.jpg,Ileocecal valve,blurred_visibility,widespread_inflammation,0.365471,0.482621,1
28409808db9d8c7f.jpg,Reduced mucosal view,raised_round_mass,suspicious_vascular_cluster,0.344176,0.520345,2
e05a317088a43428.jpg,Reduced mucosal view,inflamed_red_surface,suspicious_vascular_cluster,0.351506,0.501622,1
48c1dee1face1038.jpg,Reduced mucosal view,landmark_ring_structure,large_protruding_lesion,0.361097,0.53715,3
1be00f33f17fc2e0.jpg,Blood - fresh,inflamed_red_surface,suspicious_vascular_cluster,0.63309,0.65308,5
3d53c6f47c5a172b.jpg,Reduced mucosal view,vascular_red_spots,active_bleeding_visible,0.344565,0.56773,4
d253de18d784c966.jpg,Ileocecal valve,blurred_visibility,retained_foreign_object,0.52864,0.60536,5
ff29edde9b4d1b98.jpg,Reduced mucosal view,white_crater_lesion,active_bleeding_visible,0.346117,0.546262,3
e1b7cefea91464f2.jpg,Erosion,red_fluid_region,unclear_view_needs_review,0.410617,0.574571,4
85ffd6eee64c5977.jpg,Angiectasia,blurred_visibility,large_protruding_lesion,0.335416,0.478575,1
988fe4a4ae87d3ba.jpg,Reduced mucosal view,vascular_red_spots,suspicious_vascular_cluster,0.348745,0.505206,2
4cdf2e05a79f424c.jpg,Ileocecal valve,normal_texture,suspicious_vascular_cluster,0.37084,0.52802,3
b4ce8d0aac42c01c.jpg,Ampulla of vater,foreign_object_shape,widespread_inflammation,0.598316,0.617682,5
02a4a76a745bffe4.jpg,Pylorus,landmark_ring_structure,deep_ulceration_pattern,0.577697,0.591295,5
d8d7365b217d4efc.jpg,Ileocecal valve,normal_texture,active_bleeding_visible,0.405374,0.540177,4
6e34c36dd89e8b0e.jpg,Angiectasia,inflamed_red_surface,large_protruding_lesion,0.333668,0.484724,1
5950bf7783b5667b.jpg,Ulcer,dark_blood_residue,retained_foreign_object,0.578145,0.604923,5
0a2861f33b377159.jpg,Ileocecal valve,normal_texture,large_protruding_lesion,0.429151,0.544031,4
1111398be1ce9bcd.jpg,Ileocecal valve,white_crater_lesion,suspicious_vascular_cluster,0.440257,0.592992,4
2ca2c14e53778d98.jpg,Reduced mucosal view,landmark_ring_structure,unclear_view_needs_review,0.370235,0.541818,3
15c9f1a8101dcc36.jpg,Blood - fresh,normal_texture,widespread_inflammation,0.633174,0.65977,5
26637a25cf34c50c.jpg,Ulcer,vascular_red_spots,active_bleeding_visible,0.348593,0.491025,1
3bc3cb9e606ab18a.jpg,Ileocecal valve,vascular_red_spots,suspicious_vascular_cluster,0.353878,0.486795,1
756ad5c311123a66.jpg,Ulcer,white_crater_lesion,large_protruding_lesion,0.563005,0.601173,5
5b433dd87047cd32.jpg,Ileocecal valve,white_crater_lesion,retained_foreign_object,0.337793,0.549104,3
c6621641d1d734e6.jpg,Ileocecal valve,landmark_ring_structure,active_bleeding_visible,0.38225,0.521244,3
c4f7335066dd3957.jpg,Ileocecal valve,raised_round_mass,active_bleeding_visible,0.426973,0.545189,4
c466071b72b2ae89.jpg,Reduced mucosal view,dark_blood_residue,deep_ulceration_pattern,0.352215,0.540348,3
2d7a728572e17c0a.jpg,Pylorus,foreign_object_shape,unclear_view_needs_review,0.591272,0.638317,5
e0e0a1789d320d95.jpg,Foreign body,inflamed_red_surface,active_bleeding_visible,0.371934,0.554227,4
8feebe32d76f988a.jpg,Polyp,normal_texture,low_risk_appearance,0.494944,0.590944,4
943be467e10e6911.jpg,Reduced mucosal view,vascular_red_spots,low_risk_appearance,0.358073,0.509245,2
640e812988624091.jpg,Ileocecal valve,dark_blood_residue,retained_foreign_object,0.359891,0.502988,2
b731fe25fb9742a7.jpg,Lymphangiectasia,red_fluid_region,deep_ulceration_pattern,0.360562,0.527241,3
2e0ab6e5e52f9f81.jpg,Ulcer,raised_round_mass,active_bleeding_visible,0.588809,0.589784,5
ba52777439222433.jpg,Pylorus,raised_round_mass,suspicious_vascular_cluster,0.585358,0.618495,5
5128d82b209a7be4.jpg,Reduced mucosal view,inflamed_red_surface,large_protruding_lesion,0.339857,0.552298,3
1ea845dbd798e25e.jpg,Pylorus,blurred_visibility,deep_ulceration_pattern,0.556695,0.619802,5
6f26de010327149f.jpg,Pylorus,normal_texture,deep_ulceration_pattern,0.604742,0.63385,5
e74e097101468061.jpg,Pylorus,white_crater_lesion,unclear_view_needs_review,0.430304,0.536649,4
df543c454f56f7f2.jpg,Reduced mucosal view,inflamed_red_surface,low_risk_appearance,0.399985,0.529471,3
22499f92f44a6999.jpg,Pylorus,dark_blood_residue,large_protruding_lesion,0.465346,0.551072,4
4f356885dc3ff6bd.jpg,Reduced mucosal view,red_fluid_region,active_bleeding_visible,0.341346,0.534821,3
9a218433c312231e.jpg,Reduced mucosal view,inflamed_red_surface,unclear_view_needs_review,0.366208,0.503583,2
49e3918c78202d74.jpg,Reduced mucosal view,inflamed_red_surface,active_bleeding_visible,0.353613,0.475572,1
2d3200447759e019.jpg,Ileocecal valve,inflamed_red_surface,widespread_inflammation,0.366408,0.522769,2
0f4e74e72d18b713.jpg,Ileocecal valve,normal_texture,suspicious_vascular_cluster,0.465764,0.560411,4
7e31c5117df83062.jpg,Ileocecal valve,red_fluid_region,deep_ulceration_pattern,0.399428,0.522573,3
9efbcf268d23e8db.jpg,Reduced mucosal view,foreign_object_shape,low_risk_appearance,0.395977,0.516321,2
89e0292fa35825ee.jpg,Ileocecal valve,inflamed_red_surface,active_bleeding_visible,0.367984,0.502707,2
7093c9bc58ab67c0.jpg,Lymphangiectasia,landmark_ring_structure,low_risk_appearance,0.464901,0.538193,4
a996ad3b442c3728.jpg,Reduced mucosal view,foreign_object_shape,active_bleeding_visible,0.36544,0.541891,3
d30e12ddfdf6a1a7.jpg,Blood - fresh,inflamed_red_surface,suspicious_vascular_cluster,0.629863,0.676828,5
691050e5b594ad34.jpg,Ileocecal valve,white_crater_lesion,active_bleeding_visible,0.363006,0.51908,2
8d62b8ac60940916.jpg,Ulcer,raised_round_mass,retained_foreign_object,0.354213,0.497736,1
6d0fce53a9f151a8.jpg,Reduced mucosal view,raised_round_mass,widespread_inflammation,0.354809,0.532974,3
070807b64a7a6769.jpg,Reduced mucosal view,raised_round_mass,deep_ulceration_pattern,0.361184,0.512182,2
a0e9fe50673d4936.jpg,Polyp,white_crater_lesion,suspicious_vascular_cluster,0.507903,0.583422,4
0f13106d06b98781.jpg,Foreign body,white_crater_lesion,unclear_view_needs_review,0.478936,0.566144,4
01975ebdf10a223d.jpg,Ileocecal valve,vascular_red_spots,large_protruding_lesion,0.378874,0.507619,2
0ae673aa63de965d.jpg,Ileocecal valve,white_crater_lesion,widespread_inflammation,0.37864,0.521361,3
befa07d8252c0ad8.jpg,Erythema,red_fluid_region,deep_ulceration_pattern,0.418075,0.513774,3
ac966cb53367426f.jpg,Lymphangiectasia,dark_blood_residue,active_bleeding_visible,0.370636,0.516536,2
2d2bf8245032f072.jpg,Ileocecal valve,vascular_red_spots,unclear_view_needs_review,0.417271,0.531205,3
b130cc1c924a6f3f.jpg,Pylorus,foreign_object_shape,suspicious_vascular_cluster,0.475334,0.553147,4
8e2874efb128041d.jpg,Ileocecal valve,normal_texture,large_protruding_lesion,0.414413,0.514984,3
d9f8a82b4e4bad30.jpg,Ileocecal valve,vascular_red_spots,large_protruding_lesion,0.327431,0.514049,2
9e5359f5fffedc17.jpg,Ulcer,blurred_visibility,retained_foreign_object,0.609811,0.639024,5
c1bccae2d1c42c24.jpg,Foreign body,raised_round_mass,unclear_view_needs_review,0.531105,0.573616,4
c72363a9078c9d1e.jpg,Reduced mucosal view,inflamed_red_surface,suspicious_vascular_cluster,0.365025,0.508118,2
91ed7d52f21a6086.jpg,Ileocecal valve,white_crater_lesion,active_bleeding_visible,0.347577,0.506047,2
38f2de1dcde3ebb1.jpg,Ileocecal valve,vascular_red_spots,active_bleeding_visible,0.368249,0.515582,2
c82b0d1d9e6f2343.jpg,Reduced mucosal view,raised_round_mass,deep_ulceration_pattern,0.386312,0.535682,3
22becbf47137d94b.jpg,Reduced mucosal view,red_fluid_region,unclear_view_needs_review,0.349774,0.531263,3
62ad42ace2d7f61c.jpg,Reduced mucosal view,white_crater_lesion,deep_ulceration_pattern,0.349776,0.501387,1
289c956b4f87733b.jpg,Ileocecal valve,red_fluid_region,suspicious_vascular_cluster,0.348509,0.498147,1
94ac4e0afed05aa3.jpg,Blood - fresh,inflamed_red_surface,suspicious_vascular_cluster,0.634426,0.652462,5
4bc6112c0625d9d3.jpg,Angiectasia,normal_texture,large_protruding_lesion,0.429879,0.518577,3
43115e3709120c85.jpg,Lymphangiectasia,dark_blood_residue,active_bleeding_visible,0.455923,0.535727,4
e9668402a80b9d97.jpg,Reduced mucosal view,landmark_ring_structure,low_risk_appearance,0.343941,0.551988,3
a419a9f3f4177469.jpg,Reduced mucosal view,landmark_ring_structure,unclear_view_needs_review,0.366352,0.490607,1
32a04d0b9e3e7485.jpg,Ulcer,dark_blood_residue,suspicious_vascular_cluster,0.449572,0.556837,4
7d429aa301137a2a.jpg,Foreign body,normal_texture,deep_ulceration_pattern,0.442622,0.567916,4
72bddb2c29446023.jpg,Ileocecal valve,dark_blood_residue,active_bleeding_visible,0.367523,0.484394,1
1b8fc8e6d89a8c1a.jpg,Ileocecal valve,vascular_red_spots,active_bleeding_visible,0.372254,0.501702,2
3c94d0cf853e7d10.jpg,Erosion,dark_blood_residue,widespread_inflammation,0.353972,0.493665,1
d89ba171b4561f96.jpg,Lymphangiectasia,vascular_red_spots,large_protruding_lesion,0.382352,0.519175,2
3c8dd456a72754d0.jpg,Ileocecal valve,dark_blood_residue,deep_ulceration_pattern,0.550069,0.613806,5
880072934c7d03b7.jpg,Ileocecal valve,blurred_visibility,unclear_view_needs_review,0.357936,0.466447,1
adee76b2f3e2401e.jpg,Ulcer,landmark_ring_structure,unclear_view_needs_review,0.422652,0.548941,4
d2be60bf1e8a0e27.jpg,Pylorus,red_fluid_region,deep_ulceration_pattern,0.571843,0.604868,5
33c1d654275219cd.jpg,Ulcer,red_fluid_region,active_bleeding_visible,0.586936,0.603853,5
0262d6a4e94fb2d7.jpg,Pylorus,landmark_ring_structure,retained_foreign_object,0.427621,0.509675,3
29737551d109212c.jpg,Ileocecal valve,dark_blood_residue,active_bleeding_visible,0.337147,0.564498,4
51bec9e7214f159f.jpg,Erythema,red_fluid_region,active_bleeding_visible,0.520081,0.571962,4
0c01ef36563bfa12.jpg,Angiectasia,foreign_object_shape,unclear_view_needs_review,0.584533,0.610845,5
3e797688ea3e8988.jpg,Ileocecal valve,normal_texture,large_protruding_lesion,0.36656,0.51996,2
6ef8cec97145b516.jpg,Ulcer,red_fluid_region,large_protruding_lesion,0.351378,0.488974,1
f5c93e1a4e0479a6.jpg,Pylorus,blurred_visibility,widespread_inflammation,0.573462,0.594808,5
e20b34e366075b01.jpg,Ileocecal valve,normal_texture,deep_ulceration_pattern,0.365712,0.493055,1
9259acbec414da4d.jpg,Angiectasia,dark_blood_residue,retained_foreign_object,0.388827,0.507718,2
7f2a95fa4b807d21.jpg,Ileocecal valve,blurred_visibility,large_protruding_lesion,0.426612,0.556803,4
1b3f52547edb2724.jpg,Ileocecal valve,landmark_ring_structure,unclear_view_needs_review,0.384769,0.52153,3
452ee3524c9a0bdf.jpg,Angiectasia,dark_blood_residue,active_bleeding_visible,0.333429,0.483964,1
0d7d291821bacbbd.jpg,Normal clean mucosa,raised_round_mass,suspicious_vascular_cluster,0.415726,0.541495,4
9221aeb83a0523ff.jpg,Reduced mucosal view,white_crater_lesion,retained_foreign_object,0.375277,0.515894,2
5f0129d61ef49a3d.jpg,Ileocecal valve,foreign_object_shape,deep_ulceration_pattern,0.531732,0.601587,5
1398f7aa1fd425ef.jpg,Reduced mucosal view,dark_blood_residue,large_protruding_lesion,0.391878,0.49883,2
97ac74dfe8e11181.jpg,Pylorus,white_crater_lesion,large_protruding_lesion,0.565865,0.586631,5
67e32372e1d65447.jpg,Ileocecal valve,raised_round_mass,suspicious_vascular_cluster,0.364335,0.498384,1
944254c066151469.jpg,Pylorus,dark_blood_residue,active_bleeding_visible,0.592696,0.618231,5
f377cbd2c58771d1.jpg,Reduced mucosal view,landmark_ring_structure,suspicious_vascular_cluster,0.347282,0.542496,3
d164992cdb2d5d45.jpg,Pylorus,red_fluid_region,retained_foreign_object,0.466251,0.548073,4
1b5b98e03d8d7a7c.jpg,Ileocecal valve,white_crater_lesion,deep_ulceration_pattern,0.39648,0.517888,3
a2cbb488b188ebb4.jpg,Pylorus,landmark_ring_structure,retained_foreign_object,0.549285,0.609602,5
929ce6f35f20c9f3.jpg,Reduced mucosal view,raised_round_mass,large_protruding_lesion,0.365422,0.591945,4
8ed57845ee525883.jpg,Reduced mucosal view,raised_round_mass,retained_foreign_object,0.355685,0.536853,3
a9ae36d5988b0996.jpg,Reduced mucosal view,landmark_ring_structure,unclear_view_needs_review,0.36214,0.506536,2
715fc8fb7001be3f.jpg,Foreign body,normal_texture,large_protruding_lesion,0.48354,0.582032,4
26ada9c68b23e267.jpg,Ulcer,inflamed_red_surface,large_protruding_lesion,0.61354,0.624216,5
443e3b59fb545e23.jpg,Ileocecal valve,vascular_red_spots,unclear_view_needs_review,0.51222,0.601793,5
c8d513fa6845cd71.jpg,Ileocecal valve,raised_round_mass,suspicious_vascular_cluster,0.431945,0.535415,4
b59110eb679cc9ed.jpg,Ileocecal valve,landmark_ring_structure,suspicious_vascular_cluster,0.377669,0.508468,2
12f58d2d65208c4f.jpg,Reduced mucosal view,vascular_red_spots,retained_foreign_object,0.368818,0.498293,1
4dbe651834eb0e4b.jpg,Reduced mucosal view,raised_round_mass,unclear_view_needs_review,0.364873,0.510344,2
a5af2cf0a4436bca.jpg,Ileocecal valve,blurred_visibility,suspicious_vascular_cluster,0.353515,0.51173,2
1b9af958eaed297b.jpg,Erosion,raised_round_mass,large_protruding_lesion,0.612502,0.61959,5
cfc9581a4944f2ca.jpg,Ileocecal valve,white_crater_lesion,large_protruding_lesion,0.355803,0.52837,3
ef9781093261fb5c.jpg,Ileocecal valve,vascular_red_spots,active_bleeding_visible,0.523249,0.602702,5
8979af3ed93a1c87.jpg,Reduced mucosal view,blurred_visibility,low_risk_appearance,0.368383,0.509449,2
010925a4fcfa30aa.jpg,Ileocecal valve,blurred_visibility,low_risk_appearance,0.336925,0.548494,3
daff4b566a389e6b.jpg,Ileocecal valve,blurred_visibility,low_risk_appearance,0.482913,0.56915,4
37c80077ebc6d1b7.jpg,Ileocecal valve,red_fluid_region,retained_foreign_object,0.403469,0.533777,3
c7cbc6d3202ff339.jpg,Ileocecal valve,raised_round_mass,low_risk_appearance,0.388485,0.574213,4
7b81771f4de75257.jpg,Ileocecal valve,foreign_object_shape,unclear_view_needs_review,0.527095,0.605525,5
e7cdd87f3ef6d279.jpg,Ileocecal valve,normal_texture,retained_foreign_object,0.349026,0.517683,2
3c8dd6a491c96948.jpg,Ulcer,dark_blood_residue,unclear_view_needs_review,0.354286,0.494562,1
fbccca6cf6455039.jpg,Ulcer,white_crater_lesion,deep_ulceration_pattern,0.561665,0.591936,5
e9ac703ef357ef25.jpg,Reduced mucosal view,red_fluid_region,retained_foreign_object,0.35437,0.486722,1
29dc4370abab5304.jpg,Ulcer,landmark_ring_structure,unclear_view_needs_review,0.584591,0.592435,5
3007864e4f19c1b9.jpg,Foreign body,normal_texture,suspicious_vascular_cluster,0.347941,0.525254,2
0f8610036e8f69f6.jpg,Pylorus,inflamed_red_surface,low_risk_appearance,0.588727,0.635837,5
c940fa37e1cba612.jpg,Reduced mucosal view,landmark_ring_structure,retained_foreign_object,0.366114,0.50252,2
19a206dc97123381.jpg,Reduced mucosal view,red_fluid_region,suspicious_vascular_cluster,0.338822,0.52393,2
953255edc66b63e6.jpg,Reduced mucosal view,foreign_object_shape,low_risk_appearance,0.345734,0.533514,3
fd21bd4cf9fd492e.jpg,Erosion,white_crater_lesion,large_protruding_lesion,0.390906,0.548762,4
e640d5ddd0f382de.jpg,Blood - fresh,vascular_red_spots,suspicious_vascular_cluster,0.622494,0.659927,5
1970daeca50baa71.jpg,Reduced mucosal view,raised_round_mass,unclear_view_needs_review,0.356965,0.503637,2
6b12204377a5692a.jpg,Reduced mucosal view,red_fluid_region,active_bleeding_visible,0.361585,0.531046,3
291ded9a33ea3284.jpg,Reduced mucosal view,landmark_ring_structure,low_risk_appearance,0.371382,0.499446,2
6875fbd72873a1a3.jpg,Pylorus,white_crater_lesion,low_risk_appearance,0.53214,0.575803,4
4eeee9126b8c6ce1.jpg,Angiectasia,vascular_red_spots,retained_foreign_object,0.347821,0.491339,1
b00dd2bb2cef2486.jpg,Ulcer,normal_texture,suspicious_vascular_cluster,0.596802,0.589644,5
c9447abb23d5345a.jpg,Ileocecal valve,dark_blood_residue,unclear_view_needs_review,0.353187,0.504012,2
080c4516e57e81ec.jpg,Foreign body,inflamed_red_surface,retained_foreign_object,0.391386,0.544934,4
8dbe3d41850b89c1.jpg,Foreign body,vascular_red_spots,large_protruding_lesion,0.482874,0.551394,4
3ce2e1aa11a0dc17.jpg,Ileocecal valve,normal_texture,retained_foreign_object,0.36861,0.481874,1
d7a3245543cd9101.jpg,Ileocecal valve,inflamed_red_surface,active_bleeding_visible,0.385083,0.520033,3
f28c2f7e5d6174a1.jpg,Foreign body,vascular_red_spots,deep_ulceration_pattern,0.460919,0.584202,4
3df8437fab7e6fde.jpg,Foreign body,inflamed_red_surface,deep_ulceration_pattern,0.443503,0.544899,4
bf56ef24fec55e91.jpg,Ileocecal valve,dark_blood_residue,suspicious_vascular_cluster,0.442326,0.527608,3
74dd9dfa0285836c.jpg,Reduced mucosal view,foreign_object_shape,active_bleeding_visible,0.363824,0.490968,1
2790b37f9ad10854.jpg,Ileocecal valve,foreign_object_shape,suspicious_vascular_cluster,0.484426,0.597162,5
43af802b7258cbf0.jpg,Angiectasia,blurred_visibility,suspicious_vascular_cluster,0.376984,0.517252,2
e921adda3f9a17dc.jpg,Reduced mucosal view,red_fluid_region,unclear_view_needs_review,0.358062,0.53367,3
d9bd3526e47e3cd8.jpg,Reduced mucosal view,foreign_object_shape,widespread_inflammation,0.341017,0.584672,4
e673d92ee4569de9.jpg,Ileocecal valve,landmark_ring_structure,unclear_view_needs_review,0.335603,0.527786,2
e64797769218fcbf.jpg,Ileocecal valve,normal_texture,retained_foreign_object,0.52279,0.60779,5
d0d595b17c4c8070.jpg,Reduced mucosal view,blurred_visibility,retained_foreign_object,0.366925,0.498655,1
51879b5fc77d9714.jpg,Ileocecal valve,raised_round_mass,active_bleeding_visible,0.361272,0.471763,1
6657520e677f8a69.jpg,Angiectasia,dark_blood_residue,widespread_inflammation,0.413265,0.519926,3
716766b3251493db.jpg,Blood - fresh,normal_texture,deep_ulceration_pattern,0.581728,0.653116,5
71994f61c2dc0652.jpg,Angiectasia,raised_round_mass,low_risk_appearance,0.36621,0.506821,2
2356b454f71ca9f9.jpg,Pylorus,inflamed_red_surface,large_protruding_lesion,0.536879,0.617254,5
a7abcbaf78c1581c.jpg,Erythema,landmark_ring_structure,suspicious_vascular_cluster,0.534775,0.574645,4
43f68216e3bc507f.jpg,Ileocecal valve,white_crater_lesion,low_risk_appearance,0.315706,0.517482,2
ebf4bc3e15430bef.jpg,Reduced mucosal view,white_crater_lesion,active_bleeding_visible,0.352103,0.518068,2
8769aaa1d7721be8.jpg,Ileocecal valve,foreign_object_shape,widespread_inflammation,0.44797,0.548006,4
0ce4bca03cd3066a.jpg,Ileocecal valve,inflamed_red_surface,deep_ulceration_pattern,0.397649,0.524126,3
e7c27efd0f358e50.jpg,Reduced mucosal view,red_fluid_region,widespread_inflammation,0.383994,0.517966,2
8fb123c2d9963a78.jpg,Reduced mucosal view,white_crater_lesion,large_protruding_lesion,0.341982,0.547161,3
3b0d7fef13c46155.jpg,Reduced mucosal view,vascular_red_spots,low_risk_appearance,0.362046,0.4971,1
d24dd22e91de7a19.jpg,Ileocecal valve,landmark_ring_structure,retained_foreign_object,0.360444,0.516257,2
6c6b93524998c0bf.jpg,Ileocecal valve,red_fluid_region,deep_ulceration_pattern,0.390213,0.548627,4
2204f92e54a9b7f0.jpg,Angiectasia,landmark_ring_structure,unclear_view_needs_review,0.335641,0.480974,1
b9a76a894adf9d40.jpg,Ileocecal valve,landmark_ring_structure,active_bleeding_visible,0.420834,0.530847,3
3000d98e3b6b1d42.jpg,Ileocecal valve,inflamed_red_surface,large_protruding_lesion,0.396544,0.526303,3
1cbe98218cbd1865.jpg,Ileocecal valve,landmark_ring_structure,low_risk_appearance,0.375062,0.503889,2
da3cc03c107bbf43.jpg,Ileocecal valve,red_fluid_region,unclear_view_needs_review,0.390113,0.557424,4
c7d35e9bed789a7e.jpg,Ileocecal valve,inflamed_red_surface,low_risk_appearance,0.411495,0.556327,4
7bb3d38bdd06e474.jpg,Normal clean mucosa,foreign_object_shape,widespread_inflammation,0.438608,0.518468,3
1cd694b9fad2299c.jpg,Pylorus,normal_texture,unclear_view_needs_review,0.416715,0.573245,4
a4d31253d2787fdd.jpg,Ileocecal valve,raised_round_mass,unclear_view_needs_review,0.348606,0.536639,3
e0b354334520b477.jpg,Ileocecal valve,blurred_visibility,widespread_inflammation,0.515765,0.600521,5
50a24b3b499cbbdc.jpg,Pylorus,normal_texture,widespread_inflammation,0.59796,0.624194,5
e419250e75329576.jpg,Pylorus,blurred_visibility,unclear_view_needs_review,0.577192,0.597681,5
a1ddd52e9226ca51.jpg,Reduced mucosal view,normal_texture,widespread_inflammation,0.345402,0.511124,2
c6062a753ce4b552.jpg,Reduced mucosal view,foreign_object_shape,large_protruding_lesion,0.33913,0.556234,4
182c2556c57576ff.jpg,Reduced mucosal view,raised_round_mass,widespread_inflammation,0.341955,0.561793,4
97e43391ade5371f.jpg,Ileocecal valve,raised_round_mass,deep_ulceration_pattern,0.54099,0.589999,5
ecb459391b20a8ca.jpg,Erosion,normal_texture,active_bleeding_visible,0.600618,0.641464,5
719038c4f718b4c5.jpg,Reduced mucosal view,landmark_ring_structure,retained_foreign_object,0.322391,0.515845,2
3b9677829e6220bd.jpg,Foreign body,white_crater_lesion,suspicious_vascular_cluster,0.392007,0.536265,3
30658eedaa260897.jpg,Pylorus,dark_blood_residue,deep_ulceration_pattern,0.481655,0.567061,4
db71e831b757ba5d.jpg,Ulcer,normal_texture,active_bleeding_visible,0.595419,0.622442,5
385e759ccb401c92.jpg,Ileocecal valve,red_fluid_region,suspicious_vascular_cluster,0.351186,0.527421,2
1c1da19f24786879.jpg,Ileocecal valve,vascular_red_spots,large_protruding_lesion,0.365172,0.517142,2
71925b345735148b.jpg,Pylorus,red_fluid_region,unclear_view_needs_review,0.578656,0.609844,5
c18dfefa4eadce96.jpg,Lymphangiectasia,inflamed_red_surface,deep_ulceration_pattern,0.350529,0.512474,2
4fd40895e76e2125.jpg,Angiectasia,normal_texture,large_protruding_lesion,0.401471,0.558527,4
18c2ac9a8168c8b5.jpg,Erosion,vascular_red_spots,suspicious_vascular_cluster,0.391707,0.568355,4
0fbfd2c26828edbf.jpg,Reduced mucosal view,raised_round_mass,retained_foreign_object,0.336537,0.542797,3
6b459a314cae52f4.jpg,Ileocecal valve,inflamed_red_surface,active_bleeding_visible,0.363297,0.487989,1
db64cfd026362f05.jpg,Angiectasia,white_crater_lesion,retained_foreign_object,0.33452,0.488197,1
84924e7a4167bedb.jpg,Blood - hematin,inflamed_red_surface,large_protruding_lesion,0.599907,0.613742,5
b24867021f245fcf.jpg,Ileocecal valve,landmark_ring_structure,suspicious_vascular_cluster,0.392169,0.511645,2
d387713b7a61bfbb.jpg,Ileocecal valve,red_fluid_region,suspicious_vascular_cluster,0.410942,0.52922,3
0e3f9dc1ecda6df0.jpg,Ileocecal valve,raised_round_mass,active_bleeding_visible,0.538204,0.6112,5
37a032b725161dd5.jpg,Reduced mucosal view,red_fluid_region,large_protruding_lesion,0.351577,0.481373,1
8c34168cbc830b8c.jpg,Ulcer,blurred_visibility,widespread_inflammation,0.346384,0.477615,1
4fb7a5f1eb0ff5a7.jpg,Ileocecal valve,raised_round_mass,suspicious_vascular_cluster,0.47673,0.588897,4
a6aa63a6e3a4de3f.jpg,Reduced mucosal view,dark_blood_residue,unclear_view_needs_review,0.336784,0.517318,2
fb4f922e37208ef4.jpg,Foreign body,blurred_visibility,widespread_inflammation,0.358047,0.539266,3
453d3b9b3a015b06.jpg,Pylorus,blurred_visibility,deep_ulceration_pattern,0.421445,0.513111,3
331240b977e209db.jpg,Ampulla of vater,inflamed_red_surface,active_bleeding_visible,0.594726,0.61734,5
ca635a900de1b898.jpg,Ileocecal valve,dark_blood_residue,active_bleeding_visible,0.370527,0.493481,1
336d8a534b45b268.jpg,Erosion,landmark_ring_structure,widespread_inflammation,0.356988,0.493186,1
6ab8016f70326c94.jpg,Angiectasia,vascular_red_spots,low_risk_appearance,0.357611,0.495518,1
20098296c4856d1e.jpg,Pylorus,vascular_red_spots,unclear_view_needs_review,0.594555,0.620695,5
b9b3419d95dbd26e.jpg,Reduced mucosal view,red_fluid_region,deep_ulceration_pattern,0.367266,0.486166,1
d517cfc83f53fd33.jpg,Reduced mucosal view,inflamed_red_surface,unclear_view_needs_review,0.362487,0.49549,1
3050a786d338c76e.jpg,Ileocecal valve,red_fluid_region,deep_ulceration_pattern,0.441037,0.5501,4
cf6134ed44da0773.jpg,Ulcer,raised_round_mass,active_bleeding_visible,0.557095,0.596167,5
a1f03c35ffca411f.jpg,Blood - fresh,white_crater_lesion,deep_ulceration_pattern,0.616425,0.655134,5
4736dbb259058d3a.jpg,Pylorus,foreign_object_shape,low_risk_appearance,0.59791,0.620298,5
807057985226eab3.jpg,Pylorus,foreign_object_shape,unclear_view_needs_review,0.400226,0.506494,2
de5d54c0e96b93ec.jpg,Ileocecal valve,inflamed_red_surface,active_bleeding_visible,0.353355,0.535762,3
a983340a8939b89b.jpg,Angiectasia,vascular_red_spots,large_protruding_lesion,0.351568,0.492284,1
fa90799548deea60.jpg,Reduced mucosal view,blurred_visibility,active_bleeding_visible,0.364673,0.494021,1
6f60022cb608fd82.jpg,Reduced mucosal view,red_fluid_region,low_risk_appearance,0.353535,0.550769,3
3aefb1d1f88ad64b.jpg,Ileocecal valve,vascular_red_spots,unclear_view_needs_review,0.4003,0.514292,2
90938385567bf873.jpg,Reduced mucosal view,inflamed_red_surface,suspicious_vascular_cluster,0.344603,0.567637,4
ffd588b994c99739.jpg,Lymphangiectasia,normal_texture,suspicious_vascular_cluster,0.470394,0.536478,4
bc7788f8a64dfcdc.jpg,Ileocecal valve,landmark_ring_structure,active_bleeding_visible,0.394976,0.532686,3
978eaefd1df90760.jpg,Reduced mucosal view,white_crater_lesion,retained_foreign_object,0.355757,0.541342,3
1e5ff763a892d0ce.jpg,Pylorus,blurred_visibility,widespread_inflammation,0.616034,0.635768,5
ffe37b0a79b56315.jpg,Angiectasia,foreign_object_shape,unclear_view_needs_review,0.336612,0.486917,1
6440e53520de701b.jpg,Ileocecal valve,inflamed_red_surface,suspicious_vascular_cluster,0.39363,0.500447,2
c3dfffc54f9ebac3.jpg,Ileocecal valve,foreign_object_shape,widespread_inflammation,0.345315,0.550454,3
5276f10a9433d2b8.jpg,Reduced mucosal view,foreign_object_shape,low_risk_appearance,0.356799,0.499756,1
0ad859f631ad4a36.jpg,Ulcer,raised_round_mass,low_risk_appearance,0.353218,0.490731,1
f51286d0278a3a88.jpg,Ileocecal valve,normal_texture,widespread_inflammation,0.429129,0.525505,3
e6a7cb2000c33518.jpg,Angiectasia,dark_blood_residue,deep_ulceration_pattern,0.34923,0.493452,1
321d45f84296f656.jpg,Ileocecal valve,blurred_visibility,suspicious_vascular_cluster,0.366,0.537742,3
2e235200f3fc2135.jpg,Ulcer,dark_blood_residue,retained_foreign_object,0.595685,0.60251,5
6f430a2059f4ec9e.jpg,Angiectasia,foreign_object_shape,retained_foreign_object,0.357028,0.49375,1
02dcc1d901a43128.jpg,Pylorus,raised_round_mass,large_protruding_lesion,0.514832,0.566879,4
9055bd00fe8066a0.jpg,Ileocecal valve,raised_round_mass,deep_ulceration_pattern,0.518247,0.600974,5
3167f7960e82293b.jpg,Ulcer,vascular_red_spots,unclear_view_needs_review,0.59761,0.593335,5
da1e6c73c59306e2.jpg,Erosion,inflamed_red_surface,active_bleeding_visible,0.413206,0.573697,4
78b05ef466bf078d.jpg,Reduced mucosal view,red_fluid_region,low_risk_appearance,0.418882,0.526153,3
2bf6089632c708fe.jpg,Pylorus,raised_round_mass,active_bleeding_visible,0.617334,0.637315,5
3c23fc949d7bd182.jpg,Pylorus,white_crater_lesion,unclear_view_needs_review,0.423391,0.512846,3
37c246387cb645ad.jpg,Ileocecal valve,blurred_visibility,retained_foreign_object,0.392566,0.48796,1
a9c20031b190ccee.jpg,Angiectasia,inflamed_red_surface,unclear_view_needs_review,0.344055,0.496823,1
0b1d169ae74d6387.jpg,Foreign body,vascular_red_spots,retained_foreign_object,0.539487,0.58555,5
a76862ff944d1caf.jpg,Ileocecal valve,blurred_visibility,deep_ulceration_pattern,0.40209,0.528705,3
3b0758afdec480f4.jpg,Ileocecal valve,landmark_ring_structure,active_bleeding_visible,0.409939,0.526775,3
4a51512d1f84a830.jpg,Reduced mucosal view,raised_round_mass,unclear_view_needs_review,0.3658,0.497306,1
03c74dc8f2190652.jpg,Ileocecal valve,white_crater_lesion,retained_foreign_object,0.429744,0.531286,3
9f6506359fd0650a.jpg,Ulcer,white_crater_lesion,low_risk_appearance,0.609541,0.622894,5
278d089a20c48894.jpg,Reduced mucosal view,blurred_visibility,deep_ulceration_pattern,0.346068,0.540155,3
d3651d052ee54f56.jpg,Ileocecal valve,inflamed_red_surface,retained_foreign_object,0.424325,0.520808,3
aad0da055f37806b.jpg,Ileocecal valve,blurred_visibility,active_bleeding_visible,0.356764,0.514176,2
70c86ee628ae95cd.jpg,Erosion,raised_round_mass,large_protruding_lesion,0.338288,0.492612,1
a7828815839189a9.jpg,Angiectasia,vascular_red_spots,unclear_view_needs_review,0.352323,0.49523,1
2cdb907eb8a0a0da.jpg,Ileocecal valve,raised_round_mass,active_bleeding_visible,0.395053,0.529892,3
8eed5912e542a0d9.jpg,Ileocecal valve,landmark_ring_structure,unclear_view_needs_review,0.431713,0.528731,3
b38bbb32c92d2600.jpg,Ileocecal valve,normal_texture,widespread_inflammation,0.371475,0.476325,1
da493c6619c9c4ac.jpg,Reduced mucosal view,normal_texture,active_bleeding_visible,0.345065,0.501043,1
11c3d9d1f4fc980e.jpg,Ileocecal valve,inflamed_red_surface,retained_foreign_object,0.390961,0.532622,3
49e8a869f6ceb53a.jpg,Reduced mucosal view,raised_round_mass,low_risk_appearance,0.35303,0.514498,2
1ed5b51f7ab6464a.jpg,Foreign body,raised_round_mass,suspicious_vascular_cluster,0.38394,0.549106,4
bfb96bec71884249.jpg,Ileocecal valve,white_crater_lesion,widespread_inflammation,0.40313,0.528734,3
f32a7d7e25ed1953.jpg,Ileocecal valve,vascular_red_spots,unclear_view_needs_review,0.360475,0.506781,2
21547259495973df.jpg,Pylorus,white_crater_lesion,deep_ulceration_pattern,0.479711,0.548875,4
c226b1c87fe25612.jpg,Ileocecal valve,normal_texture,low_risk_appearance,0.464067,0.568902,4
959bc9488b7ba2a6.jpg,Pylorus,dark_blood_residue,deep_ulceration_pattern,0.443372,0.525981,3
31e9e20f5dcf7aad.jpg,Reduced mucosal view,white_crater_lesion,widespread_inflammation,0.356233,0.498997,1
3796d096e28b2961.jpg,Reduced mucosal view,landmark_ring_structure,suspicious_vascular_cluster,0.355351,0.59611,4
eb8c9e40bd4603c4.jpg,Foreign body,white_crater_lesion,large_protruding_lesion,0.348921,0.520067,2
5cd50699ff1acee8.jpg,Normal clean mucosa,raised_round_mass,large_protruding_lesion,0.440866,0.537122,4
1a04f37708f3a1c5.jpg,Blood - fresh,normal_texture,deep_ulceration_pattern,0.642155,0.6678,5
f9c24de47e82da69.jpg,Ileocecal valve,raised_round_mass,large_protruding_lesion,0.356537,0.496459,1
81f53f3ec31a0504.jpg,Normal clean mucosa,foreign_object_shape,suspicious_vascular_cluster,0.470542,0.527048,4
f08c8fe248df3be2.jpg,Ileocecal valve,red_fluid_region,deep_ulceration_pattern,0.366216,0.530239,3
61276456bfec1bb3.jpg,Ileocecal valve,foreign_object_shape,large_protruding_lesion,0.320427,0.512035,2
62f1899492d597f1.jpg,Pylorus,landmark_ring_structure,active_bleeding_visible,0.499233,0.58749,4
be628cb4f2713b6c.jpg,Reduced mucosal view,normal_texture,retained_foreign_object,0.352506,0.528621,3
29a39bd750428e1c.jpg,Pylorus,white_crater_lesion,large_protruding_lesion,0.570282,0.597902,5
b228ff0b55ab46b5.jpg,Lymphangiectasia,raised_round_mass,deep_ulceration_pattern,0.359247,0.526531,3
35ddfdc8051565f1.jpg,Ileocecal valve,blurred_visibility,deep_ulceration_pattern,0.54798,0.6243,5
c8af975a02cd4db8.jpg,Ileocecal valve,white_crater_lesion,unclear_view_needs_review,0.383074,0.509159,2
d113f30fc00d35e5.jpg,Ileocecal valve,normal_texture,active_bleeding_visible,0.345397,0.501443,1
10733ed4a463409a.jpg,Ileocecal valve,blurred_visibility,widespread_inflammation,0.34435,0.579099,4
baba0ad9891359cf.jpg,Ileocecal valve,blurred_visibility,suspicious_vascular_cluster,0.371184,0.527067,3
01fc77cb542c1e12.jpg,Ileocecal valve,inflamed_red_surface,unclear_view_needs_review,0.433342,0.533789,4
c35e13b8c019c5fb.jpg,Reduced mucosal view,inflamed_red_surface,suspicious_vascular_cluster,0.336112,0.542412,3
c5a40cbd3de7644e.jpg,Pylorus,landmark_ring_structure,retained_foreign_object,0.560635,0.617197,5
8b4af497f2421fa3.jpg,Ileocecal valve,dark_blood_residue,unclear_view_needs_review,0.413409,0.525786,3
691e5a54798b54c2.jpg,Foreign body,landmark_ring_structure,widespread_inflammation,0.404047,0.554461,4
ca28534b30d582a7.jpg,Reduced mucosal view,landmark_ring_structure,low_risk_appearance,0.366161,0.496692,1
d74f24366b524edd.jpg,Ileocecal valve,landmark_ring_structure,widespread_inflammation,0.355145,0.518787,2
93b53a3ae6ebd2cf.jpg,Lymphangiectasia,blurred_visibility,suspicious_vascular_cluster,0.536065,0.587689,5
534769ce139200d5.jpg,Foreign body,inflamed_red_surface,active_bleeding_visible,0.406665,0.548233,4
b7704090cbbe17ea.jpg,Ileocecal valve,dark_blood_residue,unclear_view_needs_review,0.359483,0.47157,1
a07b1c452a1cf3c9.jpg,Pylorus,normal_texture,retained_foreign_object,0.532471,0.577161,4
48923526ca8237c4.jpg,Erosion,vascular_red_spots,widespread_inflammation,0.586107,0.607492,5
876d3aeca7cdd61b.jpg,Ulcer,blurred_visibility,suspicious_vascular_cluster,0.59962,0.612657,5
0e446404a5463881.jpg,Reduced mucosal view,dark_blood_residue,active_bleeding_visible,0.336526,0.517901,2
80494e9c9a9f9462.jpg,Foreign body,red_fluid_region,unclear_view_needs_review,0.414452,0.555489,4
c432cb8fe69adade.jpg,Angiectasia,raised_round_mass,low_risk_appearance,0.351122,0.497222,1
74311f8539c2e159.jpg,Ileocecal valve,blurred_visibility,retained_foreign_object,0.336631,0.530905,2
c243ca7bbad1987f.jpg,Erosion,inflamed_red_surface,retained_foreign_object,0.471877,0.528863,4
734154b20a32db06.jpg,Ileocecal valve,blurred_visibility,deep_ulceration_pattern,0.344721,0.521269,2
8033b7a5b34bdf10.jpg,Reduced mucosal view,blurred_visibility,widespread_inflammation,0.347155,0.53264,3
84e8b0294b218dab.jpg,Reduced mucosal view,raised_round_mass,deep_ulceration_pattern,0.341039,0.550764,3
9b790f91f1f8591e.jpg,Reduced mucosal view,red_fluid_region,suspicious_vascular_cluster,0.340607,0.553232,3
d4244fd65ab6c3fc.jpg,Blood - fresh,inflamed_red_surface,deep_ulceration_pattern,0.623376,0.656893,5
3aa04eefb124c003.jpg,Ileocecal valve,normal_texture,large_protruding_lesion,0.352215,0.497842,1
094c06235a33c586.jpg,Reduced mucosal view,raised_round_mass,unclear_view_needs_review,0.348677,0.498878,1
541900312c83d3e7.jpg,Blood - fresh,foreign_object_shape,widespread_inflammation,0.548123,0.612638,5
72eec38f2e00ae66.jpg,Reduced mucosal view,blurred_visibility,large_protruding_lesion,0.342923,0.509439,2
8c8d0dc146c404cc.jpg,Ileocecal valve,normal_texture,large_protruding_lesion,0.355725,0.493394,1
a1a2d002ad7d1516.jpg,Lymphangiectasia,raised_round_mass,active_bleeding_visible,0.33281,0.512519,2
6d992a4c3e5d9111.jpg,Ileocecal valve,blurred_visibility,large_protruding_lesion,0.526302,0.611471,5
53335a6e42004824.jpg,Ulcer,vascular_red_spots,suspicious_vascular_cluster,0.375241,0.516362,2
b472ad847ff25d42.jpg,Reduced mucosal view,normal_texture,large_protruding_lesion,0.415762,0.510152,2
f46de52652f83c05.jpg,Ileocecal valve,red_fluid_region,active_bleeding_visible,0.528883,0.594328,5
3808122391cd6bdd.jpg,Reduced mucosal view,inflamed_red_surface,low_risk_appearance,0.337246,0.530017,2
e9294c80d613a19d.jpg,Ulcer,white_crater_lesion,deep_ulceration_pattern,0.597752,0.628561,5
14e7cd134aa7c624.jpg,Reduced mucosal view,landmark_ring_structure,active_bleeding_visible,0.36138,0.503387,2
d7ffc39968c0ad43.jpg,Pylorus,raised_round_mass,active_bleeding_visible,0.502751,0.557269,4
4dcb3da5a614a833.jpg,Angiectasia,white_crater_lesion,low_risk_appearance,0.394844,0.508914,2
b6ffdfd79678dee7.jpg,Reduced mucosal view,normal_texture,retained_foreign_object,0.351214,0.581723,4
5daebbcdeaf4d762.jpg,Reduced mucosal view,dark_blood_residue,unclear_view_needs_review,0.354975,0.49441,1
e4ed906bb1ddd175.jpg,Blood - fresh,white_crater_lesion,large_protruding_lesion,0.624561,0.652172,5
cf9bf1c60ae94455.jpg,Erosion,blurred_visibility,suspicious_vascular_cluster,0.375375,0.523816,3
6bf5c1096c32c49a.jpg,Reduced mucosal view,raised_round_mass,suspicious_vascular_cluster,0.340091,0.55398,3
93618709577fdb73.jpg,Lymphangiectasia,dark_blood_residue,deep_ulceration_pattern,0.35865,0.507911,2
5c0f871f1df43328.jpg,Lymphangiectasia,foreign_object_shape,large_protruding_lesion,0.536305,0.58773,5
b4643a3988f29c27.jpg,Erythema,blurred_visibility,low_risk_appearance,0.525333,0.575171,4
76dcfe210fd63d2d.jpg,Ileocecal valve,blurred_visibility,widespread_inflammation,0.365078,0.470498,1
ac85e052a191186a.jpg,Angiectasia,normal_texture,large_protruding_lesion,0.386474,0.50393,2
9ccc7d54ebb8ff64.jpg,Pylorus,landmark_ring_structure,large_protruding_lesion,0.611191,0.622094,5
539b086242481032.jpg,Erosion,dark_blood_residue,suspicious_vascular_cluster,0.469212,0.570642,4
6d394fe7ccfd6a33.jpg,Reduced mucosal view,blurred_visibility,suspicious_vascular_cluster,0.361495,0.589622,4
b143ac6daca18d66.jpg,Ileocecal valve,blurred_visibility,large_protruding_lesion,0.363858,0.518482,2
063eeb75e9de1992.jpg,Reduced mucosal view,normal_texture,suspicious_vascular_cluster,0.342172,0.550655,3
80b94e602e37d7cd.jpg,Angiectasia,landmark_ring_structure,deep_ulceration_pattern,0.326448,0.478992,1
b90abaeb4ec0ddc3.jpg,Ileocecal valve,white_crater_lesion,suspicious_vascular_cluster,0.382876,0.509981,2
3a6a355cdca43b2f.jpg,Lymphangiectasia,white_crater_lesion,retained_foreign_object,0.514401,0.594617,5
9515c45a8226ec27.jpg,Ileocecal valve,landmark_ring_structure,active_bleeding_visible,0.365788,0.478672,1
6d8fcf1a4db74a57.jpg,Pylorus,vascular_red_spots,deep_ulceration_pattern,0.530439,0.588665,5
fdf10e8236a04dec.jpg,Foreign body,red_fluid_region,active_bleeding_visible,0.529222,0.584491,4
fe0bf3b0b3a4934e.jpg,Angiectasia,red_fluid_region,unclear_view_needs_review,0.364953,0.497523,1
ff11791543880aa2.jpg,Reduced mucosal view,vascular_red_spots,retained_foreign_object,0.354001,0.520622,2
029ded34cc551ad6.jpg,Reduced mucosal view,landmark_ring_structure,deep_ulceration_pattern,0.351937,0.529395,3
9ae8c14d34292bc5.jpg,Pylorus,inflamed_red_surface,widespread_inflammation,0.59117,0.612201,5
16894dcc6fd57d8e.jpg,Ileocecal valve,landmark_ring_structure,suspicious_vascular_cluster,0.35513,0.503324,2
89b3fa2caa48766b.jpg,Ileocecal valve,foreign_object_shape,deep_ulceration_pattern,0.446491,0.540397,4
6547105d502feb25.jpg,Angiectasia,white_crater_lesion,active_bleeding_visible,0.326013,0.484226,1
cff575a19145ba11.jpg,Pylorus,inflamed_red_surface,low_risk_appearance,0.592472,0.613558,5
c8b1ef725d34abfa.jpg,Ampulla of vater,white_crater_lesion,deep_ulceration_pattern,0.617883,0.631665,5
608c9fba878b61a2.jpg,Reduced mucosal view,landmark_ring_structure,unclear_view_needs_review,0.365191,0.480577,1
6c5944ccb39d0116.jpg,Angiectasia,white_crater_lesion,active_bleeding_visible,0.339204,0.490214,1
218a6a0d7428f0d4.jpg,Blood - fresh,landmark_ring_structure,deep_ulceration_pattern,0.594539,0.643728,5
e9a4140758a769c3.jpg,Erythema,vascular_red_spots,unclear_view_needs_review,0.440512,0.522503,3
9c741214cdbc162a.jpg,Angiectasia,inflamed_red_surface,widespread_inflammation,0.343697,0.491595,1
e70411eb8987422e.jpg,Blood - fresh,white_crater_lesion,retained_foreign_object,0.619664,0.656388,5
da123b820bd06e84.jpg,Angiectasia,vascular_red_spots,suspicious_vascular_cluster,0.51909,0.599771,5
18a3a5d86f83ee4a.jpg,Foreign body,red_fluid_region,deep_ulceration_pattern,0.359848,0.553593,4
71e4142161759eb6.jpg,Reduced mucosal view,normal_texture,active_bleeding_visible,0.356014,0.53129,3
90c5c568b6c14251.jpg,Ileocecal valve,inflamed_red_surface,suspicious_vascular_cluster,0.383778,0.499278,2
a256101d1fcf2822.jpg,Foreign body,foreign_object_shape,active_bleeding_visible,0.366842,0.560268,4
d41096b7a82c296f.jpg,Ileocecal valve,inflamed_red_surface,widespread_inflammation,0.368701,0.519589,2
02ed5f2e08cb9b43.jpg,Pylorus,foreign_object_shape,deep_ulceration_pattern,0.599122,0.620431,5
117098ca3e3cbd3a.jpg,Pylorus,blurred_visibility,widespread_inflammation,0.54876,0.570664,4
d09ee7c4dc6a673e.jpg,Pylorus,raised_round_mass,low_risk_appearance,0.511589,0.58662,4
fc3bd1ce4334f2f0.jpg,Ulcer,blurred_visibility,deep_ulceration_pattern,0.35379,0.491039,1
03a48a5d7fc233d4.jpg,Lymphangiectasia,normal_texture,widespread_inflammation,0.331701,0.501573,1
4b4f0785c9668288.jpg,Ulcer,landmark_ring_structure,suspicious_vascular_cluster,0.360689,0.489388,1
2645257b6581e8ee.jpg,Reduced mucosal view,blurred_visibility,suspicious_vascular_cluster,0.353918,0.540055,3
069b8398ea21bd8c.jpg,Reduced mucosal view,blurred_visibility,low_risk_appearance,0.400624,0.544676,4
a7935820e92153e4.jpg,Normal clean mucosa,raised_round_mass,widespread_inflammation,0.443238,0.551346,4
ec8d5a6e26582749.jpg,Erythema,foreign_object_shape,unclear_view_needs_review,0.534712,0.583168,4
82dfe56a1d541a4b.jpg,Pylorus,raised_round_mass,active_bleeding_visible,0.563652,0.593833,5
a146906709f3bf01.jpg,Blood - fresh,red_fluid_region,widespread_inflammation,0.622086,0.656544,5
ae0ee0230658af3a.jpg,Angiectasia,dark_blood_residue,deep_ulceration_pattern,0.360085,0.494122,1
306852f8d4a20d30.jpg,Ileocecal valve,vascular_red_spots,large_protruding_lesion,0.369905,0.493335,1
1a560c312837a555.jpg,Pylorus,blurred_visibility,retained_foreign_object,0.427606,0.509674,3
3920d4ea779f6653.jpg,Angiectasia,dark_blood_residue,widespread_inflammation,0.604044,0.623667,5
319445983f50f559.jpg,Erosion,red_fluid_region,large_protruding_lesion,0.567999,0.641209,5
99ea5fbf15d3e607.jpg,Ulcer,inflamed_red_surface,unclear_view_needs_review,0.367864,0.506854,2
a2f2c3e4f50dbc3b.jpg,Ileocecal valve,white_crater_lesion,deep_ulceration_pattern,0.370666,0.551665,4
cbc231e8f1e5bb68.jpg,Ileocecal valve,white_crater_lesion,active_bleeding_visible,0.353172,0.506553,2
202b1951da1839b1.jpg,Reduced mucosal view,raised_round_mass,large_protruding_lesion,0.360293,0.539044,3
135973ac4997c1f9.jpg,Reduced mucosal view,red_fluid_region,widespread_inflammation,0.347493,0.576055,4
9e50cd4a2861e626.jpg,Ileocecal valve,white_crater_lesion,unclear_view_needs_review,0.350797,0.484209,1
557a6b15359f3e65.jpg,Erythema,normal_texture,active_bleeding_visible,0.530841,0.584597,5
06f89e10e8517dec.jpg,Normal clean mucosa,landmark_ring_structure,large_protruding_lesion,0.460479,0.530871,4
a64bdb0ffa9bb62a.jpg,Blood - fresh,blurred_visibility,suspicious_vascular_cluster,0.627137,0.663418,5
1006eebfdcf564aa.jpg,Reduced mucosal view,inflamed_red_surface,retained_foreign_object,0.424757,0.509193,2
5e4b05ad6b9e7e2b.jpg,Ulcer,white_crater_lesion,low_risk_appearance,0.592276,0.618211,5
2e885920a9345012.jpg,Ileocecal valve,foreign_object_shape,large_protruding_lesion,0.448715,0.548324,4
f5374089f3fd4233.jpg,Pylorus,vascular_red_spots,deep_ulceration_pattern,0.564616,0.61319,5
3685ac3b609a8ac7.jpg,Reduced mucosal view,white_crater_lesion,widespread_inflammation,0.367546,0.496964,1
be91e965614eadf3.jpg,Reduced mucosal view,red_fluid_region,unclear_view_needs_review,0.366419,0.535149,3
06e85d988abed70e.jpg,Angiectasia,normal_texture,unclear_view_needs_review,0.353084,0.493563,1
bb1a3970703ec86c.jpg,Ileocecal valve,raised_round_mass,unclear_view_needs_review,0.35713,0.478923,1
6d084125fccc95c3.jpg,Lymphangiectasia,normal_texture,large_protruding_lesion,0.522999,0.57464,4
d926d8203be64054.jpg,Foreign body,dark_blood_residue,active_bleeding_visible,0.356189,0.567615,4
8c89417d71814ecf.jpg,Ulcer,raised_round_mass,unclear_view_needs_review,0.359721,0.484287,1
70e2ed045596ee98.jpg,Polyp,raised_round_mass,active_bleeding_visible,0.512464,0.585102,4
7ae54727a4e2e4f9.jpg,Ileocecal valve,vascular_red_spots,low_risk_appearance,0.403168,0.530169,3
535f8774c9e878cf.jpg,Foreign body,red_fluid_region,widespread_inflammation,0.35008,0.525865,2
59224ad3a680b49d.jpg,Pylorus,inflamed_red_surface,unclear_view_needs_review,0.590166,0.602413,5
f03088748051da3c.jpg,Angiectasia,landmark_ring_structure,unclear_view_needs_review,0.585888,0.612366,5
c134576df7035c8b.jpg,Erythema,foreign_object_shape,large_protruding_lesion,0.414209,0.511172,2
3eac134aed363744.jpg,Ileocecal valve,blurred_visibility,retained_foreign_object,0.352255,0.518303,2
7d2fbd0da815f44a.jpg,Ileocecal valve,inflamed_red_surface,suspicious_vascular_cluster,0.392291,0.522358,3
32eceefcbf4cf645.jpg,Reduced mucosal view,blurred_visibility,widespread_inflammation,0.343339,0.498283,1
8a528e848c2e077b.jpg,Pylorus,vascular_red_spots,unclear_view_needs_review,0.491161,0.557117,4
03cb8d08ec01a59a.jpg,Ileocecal valve,vascular_red_spots,large_protruding_lesion,0.424368,0.533003,3
c34bd9d0d85172d7.jpg,Ulcer,red_fluid_region,deep_ulceration_pattern,0.366679,0.482954,1
6979af0a3c39733f.jpg,Blood - fresh,red_fluid_region,low_risk_appearance,0.634043,0.66185,5
c8a55ecedd89baef.jpg,Foreign body,white_crater_lesion,large_protruding_lesion,0.379931,0.545527,4
eb7c66bd03ce533c.jpg,Ulcer,raised_round_mass,widespread_inflammation,0.410868,0.549428,4
2d5cfc7495f6921a.jpg,Ulcer,red_fluid_region,widespread_inflammation,0.35693,0.485339,1
66cf6cdeb4dc6a6d.jpg,Foreign body,inflamed_red_surface,low_risk_appearance,0.346835,0.525557,2
45a9dc6403162315.jpg,Ileocecal valve,landmark_ring_structure,deep_ulceration_pattern,0.504557,0.59873,5
85de16d661114482.jpg,Ileocecal valve,blurred_visibility,deep_ulceration_pattern,0.43003,0.535897,4
454449503b11f081.jpg,Ulcer,landmark_ring_structure,active_bleeding_visible,0.348394,0.486012,1
95a4a06072551000.jpg,Lymphangiectasia,normal_texture,retained_foreign_object,0.338371,0.511022,2
71dcc44a0c420b39.jpg,Angiectasia,white_crater_lesion,retained_foreign_object,0.34117,0.4851,1
a3923054e5d6cf5e.jpg,Reduced mucosal view,inflamed_red_surface,suspicious_vascular_cluster,0.32946,0.516518,2
f612dffd7a16442b.jpg,Ulcer,inflamed_red_surface,active_bleeding_visible,0.40806,0.531165,3
5179a5c0db873b7e.jpg,Pylorus,landmark_ring_structure,low_risk_appearance,0.599507,0.632688,5
31e4d8c28f7fa6cb.jpg,Reduced mucosal view,blurred_visibility,deep_ulceration_pattern,0.335379,0.560112,4
2d5338f2b21a87f0.jpg,Ulcer,white_crater_lesion,active_bleeding_visible,0.369424,0.488967,1
3dc7f594f3531968.jpg,Ileocecal valve,dark_blood_residue,suspicious_vascular_cluster,0.396462,0.517926,3
c2a7ac598fcc8ef6.jpg,Angiectasia,blurred_visibility,active_bleeding_visible,0.357007,0.506471,2
e5701dffa60b5f4e.jpg,Ileocecal valve,blurred_visibility,suspicious_vascular_cluster,0.499702,0.605058,5
2431dfd8e0294ad0.jpg,Ulcer,blurred_visibility,low_risk_appearance,0.433011,0.531271,3
771450f8f33d2e7c.jpg,Ileocecal valve,blurred_visibility,low_risk_appearance,0.340849,0.568391,4
0f944eb90ff3f8e6.jpg,Angiectasia,red_fluid_region,low_risk_appearance,0.362733,0.503498,2
e1165a409a958746.jpg,Ulcer,raised_round_mass,deep_ulceration_pattern,0.360984,0.49502,1
029354e30dfa3361.jpg,Ileocecal valve,landmark_ring_structure,large_protruding_lesion,0.484043,0.584644,4
ada55499ed195d83.jpg,Foreign body,white_crater_lesion,low_risk_appearance,0.36435,0.542703,3
287fe35e7fbba1e5.jpg,Ileocecal valve,blurred_visibility,active_bleeding_visible,0.397032,0.518901,3
10922796c5b6a036.jpg,Reduced mucosal view,normal_texture,large_protruding_lesion,0.349959,0.521235,2
7fcf35d4fcb3f471.jpg,Ulcer,raised_round_mass,unclear_view_needs_review,0.351608,0.488816,1
97a56ea8d6900867.jpg,Ileocecal valve,vascular_red_spots,widespread_inflammation,0.432368,0.542249,4
0b7a9a3124ab5af1.jpg,Angiectasia,dark_blood_residue,low_risk_appearance,0.381219,0.501285,2
6f2fece9032c6328.jpg,Pylorus,white_crater_lesion,retained_foreign_object,0.597863,0.621653,5
feeb6a1195eadba5.jpg,Ileocecal valve,inflamed_red_surface,suspicious_vascular_cluster,0.533744,0.599994,5
29c9481e838705e9.jpg,Ileocecal valve,normal_texture,active_bleeding_visible,0.372252,0.529631,3
52d560940b7c1a43.jpg,Reduced mucosal view,inflamed_red_surface,large_protruding_lesion,0.363765,0.502829,2
a5ae7e8f1d4fb7b6.jpg,Reduced mucosal view,normal_texture,deep_ulceration_pattern,0.35057,0.534579,3
067ff4e72ee4c705.jpg,Lymphangiectasia,raised_round_mass,active_bleeding_visible,0.37397,0.517251,2
5560cdbe7b301061.jpg,Pylorus,raised_round_mass,deep_ulceration_pattern,0.589441,0.621615,5
a84e8c4bea01a47d.jpg,Reduced mucosal view,red_fluid_region,suspicious_vascular_cluster,0.351146,0.525237,2
7cbe439f8b973882.jpg,Lymphangiectasia,white_crater_lesion,active_bleeding_visible,0.402954,0.515961,3
f244e74c7308c032.jpg,Blood - fresh,vascular_red_spots,deep_ulceration_pattern,0.577721,0.6464,5
46362a1bd132f123.jpg,Ileocecal valve,inflamed_red_surface,unclear_view_needs_review,0.338943,0.558039,4
34e53d38eaeb4556.jpg,Reduced mucosal view,normal_texture,retained_foreign_object,0.340679,0.556558,4
106dce3cf3775c37.jpg,Pylorus,vascular_red_spots,active_bleeding_visible,0.568124,0.633073,5
2a9bf77075c79e8f.jpg,Ileocecal valve,red_fluid_region,retained_foreign_object,0.358133,0.518965,2
7464ed528f25acb3.jpg,Foreign body,landmark_ring_structure,suspicious_vascular_cluster,0.38348,0.549564,4
5e50c5518ee734fc.jpg,Pylorus,white_crater_lesion,deep_ulceration_pattern,0.411453,0.539899,4
465908944239123d.jpg,Reduced mucosal view,vascular_red_spots,unclear_view_needs_review,0.339954,0.538433,3
5a306603449c2c15.jpg,Ileocecal valve,dark_blood_residue,deep_ulceration_pattern,0.391162,0.545407,4
3ee9bdcdae3ee548.jpg,Reduced mucosal view,foreign_object_shape,large_protruding_lesion,0.366945,0.498934,1
c1928f0b6211078d.jpg,Blood - fresh,inflamed_red_surface,retained_foreign_object,0.540599,0.615299,5
fe998ec13c9dc94f.jpg,Ileocecal valve,red_fluid_region,unclear_view_needs_review,0.353877,0.473667,1
fd8a1087d73ce743.jpg,Ulcer,vascular_red_spots,low_risk_appearance,0.344179,0.492928,1
86172157bdd453fc.jpg,Ileocecal valve,inflamed_red_surface,large_protruding_lesion,0.363961,0.524719,3
6b0cf5555b7928ce.jpg,Lymphangiectasia,red_fluid_region,deep_ulceration_pattern,0.392094,0.523839,3
bcab435884319921.jpg,Reduced mucosal view,blurred_visibility,deep_ulceration_pattern,0.381847,0.501957,2
d18a93ed125f49cd.jpg,Reduced mucosal view,red_fluid_region,large_protruding_lesion,0.33607,0.559503,4
68f54d3b3bbcca5d.jpg,Reduced mucosal view,landmark_ring_structure,suspicious_vascular_cluster,0.351155,0.505036,2
79c01a6ccb55a8bc.jpg,Angiectasia,raised_round_mass,widespread_inflammation,0.335511,0.478686,1
9eb2c082b451ba2d.jpg,Ileocecal valve,foreign_object_shape,active_bleeding_visible,0.398707,0.533311,3
467b4be450c14d52.jpg,Foreign body,raised_round_mass,widespread_inflammation,0.364293,0.542066,3
6a18cb2bd299d266.jpg,Ampulla of vater,dark_blood_residue,deep_ulceration_pattern,0.587104,0.623256,5
ee5e2fec5add5d0a.jpg,Pylorus,dark_blood_residue,widespread_inflammation,0.60099,0.621186,5
7bb13c9725446c2b.jpg,Angiectasia,red_fluid_region,widespread_inflammation,0.331942,0.480428,1
760ef323865672fe.jpg,Pylorus,blurred_visibility,unclear_view_needs_review,0.513159,0.566912,4
12753d0176d3c6e4.jpg,Pylorus,white_crater_lesion,large_protruding_lesion,0.603658,0.636184,5
75608892f821b534.jpg,Ampulla of vater,blurred_visibility,unclear_view_needs_review,0.608299,0.615063,5
cb1d1b1cb4e89ed5.jpg,Ileocecal valve,blurred_visibility,large_protruding_lesion,0.430437,0.519474,3
60fe0f181b728789.jpg,Reduced mucosal view,inflamed_red_surface,widespread_inflammation,0.362948,0.538651,3
2c2c786ad748bcae.jpg,Blood - fresh,inflamed_red_surface,large_protruding_lesion,0.623535,0.658111,5
f8d4c75d270d482d.jpg,Blood - fresh,normal_texture,large_protruding_lesion,0.6294,0.677386,5
96b927928c8f948f.jpg,Reduced mucosal view,vascular_red_spots,suspicious_vascular_cluster,0.361056,0.4882,1
e24a129d83c43db0.jpg,Pylorus,inflamed_red_surface,suspicious_vascular_cluster,0.515768,0.625366,5
eeae4ad979796921.jpg,Reduced mucosal view,normal_texture,deep_ulceration_pattern,0.349331,0.555774,4
2d1de8d6f8c15964.jpg,Pylorus,inflamed_red_surface,low_risk_appearance,0.50447,0.56019,4
bfdf7182dd3ff6e6.jpg,Reduced mucosal view,foreign_object_shape,low_risk_appearance,0.366743,0.521276,2
0632c4dbf959bd8e.jpg,Angiectasia,inflamed_red_surface,large_protruding_lesion,0.338513,0.4893,1
61877e30b6c08b1c.jpg,Lymphangiectasia,inflamed_red_surface,suspicious_vascular_cluster,0.365895,0.507357,2
5ec8fa98b1f8644d.jpg,Reduced mucosal view,normal_texture,retained_foreign_object,0.338325,0.560357,4
e979bf774bbd77b3.jpg,Ileocecal valve,raised_round_mass,widespread_inflammation,0.372074,0.494691,1
184891ae989528d5.jpg,Reduced mucosal view,raised_round_mass,active_bleeding_visible,0.357269,0.53566,3
23fdfe590360eca1.jpg,Ileocecal valve,white_crater_lesion,widespread_inflammation,0.32367,0.522901,2
0de0d3d17cbdc0a3.jpg,Ileocecal valve,dark_blood_residue,suspicious_vascular_cluster,0.355767,0.497938,1
3234d8a3b384edaf.jpg,Pylorus,dark_blood_residue,suspicious_vascular_cluster,0.553781,0.595342,5
d13b9921a6689272.jpg,Pylorus,normal_texture,widespread_inflammation,0.588985,0.619365,5
e6a22ae9ac3cde06.jpg,Reduced mucosal view,foreign_object_shape,unclear_view_needs_review,0.330823,0.511893,2
557fe318e11c54e7.jpg,Ulcer,blurred_visibility,widespread_inflammation,0.571704,0.57755,5
9719c7b309c2cea9.jpg,Ileocecal valve,red_fluid_region,widespread_inflammation,0.457534,0.56178,4
2c493d38ba4a72d1.jpg,Pylorus,raised_round_mass,low_risk_appearance,0.589759,0.611074,5
b85f4260b4a4c720.jpg,Angiectasia,raised_round_mass,active_bleeding_visible,0.342016,0.488345,1
a85f79e3e2268ef3.jpg,Ileocecal valve,blurred_visibility,unclear_view_needs_review,0.423264,0.534747,4
ee85e17ea49ad041.jpg,Reduced mucosal view,inflamed_red_surface,unclear_view_needs_review,0.341999,0.520436,2
7b7cfbf3c40daaf8.jpg,Pylorus,landmark_ring_structure,unclear_view_needs_review,0.606795,0.620864,5
89cc14b5e748136b.jpg,Lymphangiectasia,blurred_visibility,large_protruding_lesion,0.350637,0.522466,2
1b0c2636e61e90f4.jpg,Reduced mucosal view,raised_round_mass,unclear_view_needs_review,0.424976,0.524495,3
8afc791ce845ebf2.jpg,Ulcer,inflamed_red_surface,low_risk_appearance,0.511215,0.601719,5
fb3f982a545d97e3.jpg,Reduced mucosal view,normal_texture,low_risk_appearance,0.378426,0.498953,2
ef2dfae02cfadc59.jpg,Ileocecal valve,raised_round_mass,unclear_view_needs_review,0.399737,0.529093,3
74092b5b6201411c.jpg,Ulcer,blurred_visibility,retained_foreign_object,0.575019,0.615222,5
5e3cb30015ed7315.jpg,Reduced mucosal view,normal_texture,large_protruding_lesion,0.347826,0.478036,1
34e714980b5a22b3.jpg,Pylorus,dark_blood_residue,unclear_view_needs_review,0.571459,0.606734,5
177d4832b19676f6.jpg,Reduced mucosal view,blurred_visibility,deep_ulceration_pattern,0.357949,0.521253,2
8b16826a4322249a.jpg,Ileocecal valve,normal_texture,active_bleeding_visible,0.338838,0.549399,3
b450871b685b6b13.jpg,Pylorus,inflamed_red_surface,low_risk_appearance,0.533311,0.571287,4
05e7955ebbe0d2f8.jpg,Pylorus,white_crater_lesion,deep_ulceration_pattern,0.546561,0.595594,5
a37268fdb03f18c6.jpg,Erythema,dark_blood_residue,unclear_view_needs_review,0.394227,0.497386,2
729c169b1de12d5e.jpg,Erosion,dark_blood_residue,unclear_view_needs_review,0.3868,0.541653,3
6d2721067771e3aa.jpg,Reduced mucosal view,blurred_visibility,suspicious_vascular_cluster,0.362127,0.500148,1
9324f5d0bee0e862.jpg,Lymphangiectasia,landmark_ring_structure,deep_ulceration_pattern,0.423613,0.531559,3
e687fe9b5c223f95.jpg,Pylorus,raised_round_mass,large_protruding_lesion,0.573113,0.606424,5
fcc0e188d1c8a097.jpg,Erythema,vascular_red_spots,retained_foreign_object,0.378615,0.52072,2
b2b94e2023e82bb4.jpg,Reduced mucosal view,vascular_red_spots,suspicious_vascular_cluster,0.374085,0.541896,3
448faac4ab7aca86.jpg,Ileocecal valve,inflamed_red_surface,widespread_inflammation,0.358993,0.47667,1
ec6b42ed5b123df5.jpg,Pylorus,red_fluid_region,deep_ulceration_pattern,0.49394,0.554947,4
2e293509940cdd5c.jpg,Ileocecal valve,white_crater_lesion,deep_ulceration_pattern,0.546051,0.597323,5
bb5be78945b71789.jpg,Ileocecal valve,blurred_visibility,low_risk_appearance,0.401048,0.525827,3
83925df03af184c9.jpg,Reduced mucosal view,white_crater_lesion,active_bleeding_visible,0.338192,0.518998,2
3025bd95c909f68d.jpg,Ileocecal valve,vascular_red_spots,large_protruding_lesion,0.364955,0.483993,1
f99392856c24f1d9.jpg,Ileocecal valve,red_fluid_region,deep_ulceration_pattern,0.446279,0.556834,4
7960fdc80b3d282a.jpg,Ileocecal valve,white_crater_lesion,low_risk_appearance,0.380926,0.522478,3
5c4bc0bf6c67c1e9.jpg,Reduced mucosal view,red_fluid_region,suspicious_vascular_cluster,0.355926,0.485107,1
9874ac81338c32d9.jpg,Ileocecal valve,landmark_ring_structure,active_bleeding_visible,0.478311,0.611829,5
759e763b4eb4ae13.jpg,Reduced mucosal view,blurred_visibility,large_protruding_lesion,0.427483,0.517405,3
e45a43b224fd2ed4.jpg,Ileocecal valve,raised_round_mass,retained_foreign_object,0.446662,0.55224,4
3f67f1e29c3c2650.jpg,Erosion,white_crater_lesion,widespread_inflammation,0.495222,0.617843,5
249ed7201dd07a19.jpg,Ileocecal valve,inflamed_red_surface,suspicious_vascular_cluster,0.516386,0.621939,5
23b1562dd193f538.jpg,Pylorus,dark_blood_residue,active_bleeding_visible,0.60056,0.620412,5
3ad2c8537a99931f.jpg,Ileocecal valve,blurred_visibility,active_bleeding_visible,0.526096,0.604907,5
e08d91998f6f2591.jpg,Reduced mucosal view,normal_texture,unclear_view_needs_review,0.367161,0.516511,2
8d25c57070c971ac.jpg,Reduced mucosal view,normal_texture,low_risk_appearance,0.365159,0.506493,2
57b734eaacef46f9.jpg,Lymphangiectasia,white_crater_lesion,suspicious_vascular_cluster,0.384904,0.530778,3
d20760d5789d734d.jpg,Foreign body,inflamed_red_surface,retained_foreign_object,0.441917,0.531517,4
73e0f3f3142e6fa6.jpg,Ileocecal valve,blurred_visibility,deep_ulceration_pattern,0.35423,0.486867,1
cf0a9820bf87087a.jpg,Lymphangiectasia,normal_texture,low_risk_appearance,0.476585,0.547423,4
3593707a7ac7f59c.jpg,Reduced mucosal view,raised_round_mass,large_protruding_lesion,0.35877,0.535892,3
a12a9ae7744dd017.jpg,Reduced mucosal view,normal_texture,unclear_view_needs_review,0.363266,0.531288,3
fa7fcb48c44352cc.jpg,Ileocecal valve,raised_round_mass,suspicious_vascular_cluster,0.371874,0.507083,2
8f7bddfcb68524b4.jpg,Angiectasia,landmark_ring_structure,widespread_inflammation,0.416583,0.515373,3
49ed8132b64b82b4.jpg,Ileocecal valve,blurred_visibility,retained_foreign_object,0.380664,0.514504,2
d968162588eaf75a.jpg,Ileocecal valve,raised_round_mass,retained_foreign_object,0.428443,0.537665,4
ad2719aed6273779.jpg,Ileocecal valve,dark_blood_residue,widespread_inflammation,0.345281,0.477233,1
6c516b914136cbff.jpg,Ileocecal valve,inflamed_red_surface,widespread_inflammation,0.362483,0.529069,3
5ff3b641edf73e4a.jpg,Ulcer,dark_blood_residue,low_risk_appearance,0.593919,0.60122,5
aaaaea457d6bfb7b.jpg,Reduced mucosal view,inflamed_red_surface,unclear_view_needs_review,0.359031,0.507358,2
ba2aac23cd3a2ced.jpg,Pylorus,dark_blood_residue,low_risk_appearance,0.512778,0.60418,5
197d353422d2639d.jpg,Lymphangiectasia,red_fluid_region,unclear_view_needs_review,0.323796,0.511599,2
c7439126136610f9.jpg,Reduced mucosal view,dark_blood_residue,retained_foreign_object,0.341591,0.565999,4
bc7c91ab20cacd2f.jpg,Pylorus,normal_texture,unclear_view_needs_review,0.59014,0.607462,5
13f882f7ba9ea156.jpg,Pylorus,foreign_object_shape,active_bleeding_visible,0.510908,0.574222,4
f98c2a9556d411d2.jpg,Reduced mucosal view,normal_texture,suspicious_vascular_cluster,0.349687,0.507364,2
8db12c50e8a0017d.jpg,Pylorus,vascular_red_spots,low_risk_appearance,0.588576,0.60775,5
267ac78c95e0c774.jpg,Angiectasia,normal_texture,deep_ulceration_pattern,0.381406,0.554101,4
f370dd86d5b43d12.jpg,Foreign body,red_fluid_region,widespread_inflammation,0.357867,0.539759,3
804462f05c786c95.jpg,Ulcer,white_crater_lesion,large_protruding_lesion,0.566563,0.592089,5
ca92b3021f8a9967.jpg,Pylorus,red_fluid_region,low_risk_appearance,0.590914,0.619266,5
51ff798dbff0a5fb.jpg,Ileocecal valve,normal_texture,large_protruding_lesion,0.37987,0.521225,3
868ab498d4c52af8.jpg,Ampulla of vater,normal_texture,retained_foreign_object,0.610508,0.634025,5
c398905136fb7829.jpg,Ileocecal valve,white_crater_lesion,retained_foreign_object,0.346016,0.490118,1
decc3c1e3d89cfb0.jpg,Erythema,landmark_ring_structure,deep_ulceration_pattern,0.409596,0.522372,3
01c3200fae390182.jpg,Reduced mucosal view,vascular_red_spots,active_bleeding_visible,0.343341,0.53361,3
bfa715e15b4c91ac.jpg,Ileocecal valve,dark_blood_residue,low_risk_appearance,0.440641,0.5432,4
36ebe55f69a9c29d.jpg,Ileocecal valve,blurred_visibility,unclear_view_needs_review,0.335623,0.521723,2
667073f98286d95a.jpg,Ileocecal valve,foreign_object_shape,active_bleeding_visible,0.454574,0.546939,4
725ee0acf2d7a421.jpg,Ileocecal valve,red_fluid_region,widespread_inflammation,0.407452,0.536392,3
511f55e5cd290a2d.jpg,Angiectasia,normal_texture,large_protruding_lesion,0.404372,0.51028,2
8e3f18503aee8c7a.jpg,Reduced mucosal view,red_fluid_region,unclear_view_needs_review,0.355277,0.590357,4
91078b0e8a705178.jpg,Normal clean mucosa,normal_texture,deep_ulceration_pattern,0.366208,0.48463,1
d85017b003a96ab3.jpg,Pylorus,inflamed_red_surface,low_risk_appearance,0.534021,0.60917,5
1414c94f40fa7b9d.jpg,Reduced mucosal view,raised_round_mass,active_bleeding_visible,0.336732,0.532213,3
a66437161aa2abe8.jpg,Ulcer,blurred_visibility,widespread_inflammation,0.363994,0.507793,2
d6626977876d32a2.jpg,Ileocecal valve,dark_blood_residue,large_protruding_lesion,0.415112,0.510946,2
ca25612b25d5ea6e.jpg,Ileocecal valve,dark_blood_residue,retained_foreign_object,0.408617,0.538721,4
a02047a7b158e12b.jpg,Ileocecal valve,inflamed_red_surface,active_bleeding_visible,0.413275,0.497317,2
c56b12c4941e8f34.jpg,Angiectasia,blurred_visibility,retained_foreign_object,0.347137,0.490639,1
40bf705bc0d27b84.jpg,Pylorus,raised_round_mass,suspicious_vascular_cluster,0.618336,0.624355,5
3fc31b91800e9d01.jpg,Lymphangiectasia,vascular_red_spots,unclear_view_needs_review,0.351593,0.529568,3
7ce2346b18129988.jpg,Lymphangiectasia,foreign_object_shape,widespread_inflammation,0.358686,0.52527,2
24820de54f58197a.jpg,Reduced mucosal view,white_crater_lesion,low_risk_appearance,0.34894,0.529451,3
a481f74a534838e3.jpg,Reduced mucosal view,raised_round_mass,widespread_inflammation,0.356451,0.538081,3
f48978d2b1da70e8.jpg,Reduced mucosal view,raised_round_mass,unclear_view_needs_review,0.351338,0.517732,2
0fff6809ae886951.jpg,Reduced mucosal view,normal_texture,suspicious_vascular_cluster,0.363608,0.522765,2
d7d9f65f523fb8b0.jpg,Ileocecal valve,red_fluid_region,retained_foreign_object,0.367806,0.507888,2
1f53ff4216643089.jpg,Foreign body,foreign_object_shape,low_risk_appearance,0.50385,0.582365,4
1375518a10d1a536.jpg,Ileocecal valve,blurred_visibility,large_protruding_lesion,0.545549,0.604659,5
2a6536cd5d1d0633.jpg,Ileocecal valve,dark_blood_residue,active_bleeding_visible,0.352279,0.478453,1
b704666fafa8d5f9.jpg,Ileocecal valve,red_fluid_region,retained_foreign_object,0.429774,0.550429,4
eea063b735e0437e.jpg,Reduced mucosal view,inflamed_red_surface,retained_foreign_object,0.366365,0.480753,1
56eaead7bf5125e7.jpg,Foreign body,raised_round_mass,suspicious_vascular_cluster,0.369046,0.539336,3
e80d0700a001afa7.jpg,Reduced mucosal view,red_fluid_region,large_protruding_lesion,0.358502,0.502528,2
a256e7204ce8a0cc.jpg,Blood - fresh,white_crater_lesion,unclear_view_needs_review,0.630367,0.676072,5
78756f57b76369e6.jpg,Foreign body,landmark_ring_structure,widespread_inflammation,0.339238,0.527314,2
36f38b50678c53b4.jpg,Pylorus,red_fluid_region,active_bleeding_visible,0.607683,0.641726,5
91464470ec87ed88.jpg,Ileocecal valve,white_crater_lesion,active_bleeding_visible,0.431477,0.58809,4
7a7eaebbb2fc9be8.jpg,Foreign body,vascular_red_spots,suspicious_vascular_cluster,0.55942,0.600639,5
d09261a91c29f77b.jpg,Foreign body,blurred_visibility,active_bleeding_visible,0.399932,0.559476,4
49b96bee107c05c1.jpg,Ileocecal valve,raised_round_mass,widespread_inflammation,0.386396,0.523093,3
1420119049686d69.jpg,Reduced mucosal view,raised_round_mass,large_protruding_lesion,0.350375,0.505473,2
bba3460632b3d361.jpg,Lymphangiectasia,red_fluid_region,large_protruding_lesion,0.371621,0.524682,3
5c95a796148c495d.jpg,Reduced mucosal view,foreign_object_shape,suspicious_vascular_cluster,0.364413,0.48214,1
e3408ce2666b97f7.jpg,Ulcer,white_crater_lesion,low_risk_appearance,0.593912,0.592279,5
8cbac09a45c01b03.jpg,Reduced mucosal view,dark_blood_residue,active_bleeding_visible,0.340995,0.542384,3
2d42159babb3708a.jpg,Ileocecal valve,dark_blood_residue,suspicious_vascular_cluster,0.375056,0.521716,2
ed6377becf4969e8.jpg,Reduced mucosal view,normal_texture,unclear_view_needs_review,0.359307,0.581243,4
b4aea21bb2443530.jpg,Pylorus,white_crater_lesion,active_bleeding_visible,0.594515,0.62005,5
30ff5defa94541ba.jpg,Erosion,raised_round_mass,active_bleeding_visible,0.355862,0.500366,1
904830f9b956aedd.jpg,Ulcer,dark_blood_residue,active_bleeding_visible,0.354382,0.495673,1
c842330f2727cf5d.jpg,Reduced mucosal view,white_crater_lesion,retained_foreign_object,0.361252,0.485463,1
bdd5f16bd141de06.jpg,Ulcer,inflamed_red_surface,low_risk_appearance,0.572495,0.603808,5
472a437c41ff53de.jpg,Pylorus,red_fluid_region,large_protruding_lesion,0.584093,0.61574,5
6c6c83782e01483c.jpg,Angiectasia,normal_texture,deep_ulceration_pattern,0.368364,0.492132,1
2657c6fd0ba7bc34.jpg,Reduced mucosal view,raised_round_mass,unclear_view_needs_review,0.387066,0.51572,2
8f9e382cc38f174f.jpg,Reduced mucosal view,red_fluid_region,retained_foreign_object,0.402662,0.507681,2
3f86356f03451d66.jpg,Lymphangiectasia,normal_texture,deep_ulceration_pattern,0.526923,0.583656,4
e5062d955fc0335e.jpg,Erosion,inflamed_red_surface,widespread_inflammation,0.57963,0.614655,5
e17db9af9c43c40a.jpg,Angiectasia,red_fluid_region,widespread_inflammation,0.614169,0.594821,5
e04845b17ced12d3.jpg,Ileocecal valve,foreign_object_shape,deep_ulceration_pattern,0.38483,0.527805,3
f2a58b1c228964d9.jpg,Ulcer,blurred_visibility,suspicious_vascular_cluster,0.438731,0.558651,4
ad413a64659b949f.jpg,Ileocecal valve,blurred_visibility,deep_ulceration_pattern,0.360937,0.486536,1
c32653b74d37284e.jpg,Angiectasia,white_crater_lesion,low_risk_appearance,0.363353,0.497548,1
23ccde8178155332.jpg,Reduced mucosal view,normal_texture,large_protruding_lesion,0.350798,0.495425,1
ddc07d1909f737e8.jpg,Angiectasia,raised_round_mass,widespread_inflammation,0.581808,0.611839,5
810528a4bac10386.jpg,Foreign body,vascular_red_spots,deep_ulceration_pattern,0.352562,0.526117,2
7f6ad838eed52e64.jpg,Lymphangiectasia,blurred_visibility,deep_ulceration_pattern,0.370972,0.510213,2
2fb361b1b1a22453.jpg,Erosion,white_crater_lesion,retained_foreign_object,0.463961,0.587016,4
7c111fbb836401a2.jpg,Angiectasia,raised_round_mass,active_bleeding_visible,0.332548,0.482484,1
30a6f9835bca9026.jpg,Ileocecal valve,white_crater_lesion,unclear_view_needs_review,0.343307,0.47175,1
1e2c995b7e55e581.jpg,Angiectasia,raised_round_mass,widespread_inflammation,0.339886,0.487404,1
53d199790dbb8f4d.jpg,Lymphangiectasia,blurred_visibility,deep_ulceration_pattern,0.375041,0.522106,3
8082703abd76f48c.jpg,Reduced mucosal view,blurred_visibility,deep_ulceration_pattern,0.364154,0.523443,2
5afb90fa0156bd9a.jpg,Ileocecal valve,dark_blood_residue,widespread_inflammation,0.453307,0.551491,4
7524a348c1363d60.jpg,Pylorus,red_fluid_region,deep_ulceration_pattern,0.586114,0.601444,5
5fd09b5f06161359.jpg,Ileocecal valve,dark_blood_residue,deep_ulceration_pattern,0.369101,0.476844,1
25c1f61f3f084a60.jpg,Ileocecal valve,dark_blood_residue,unclear_view_needs_review,0.504893,0.594906,5
7852dd8079b56389.jpg,Reduced mucosal view,white_crater_lesion,suspicious_vascular_cluster,0.371278,0.533931,3
6073e1e17d854fce.jpg,Reduced mucosal view,inflamed_red_surface,widespread_inflammation,0.3716,0.478359,1
c575050397a2f0bb.jpg,Normal clean mucosa,inflamed_red_surface,unclear_view_needs_review,0.455644,0.522044,3
49eea980006dd589.jpg,Reduced mucosal view,blurred_visibility,low_risk_appearance,0.354181,0.48857,1
79d835d3c0cabf02.jpg,Pylorus,inflamed_red_surface,active_bleeding_visible,0.613854,0.63076,5
0e528e22d56770b9.jpg,Ileocecal valve,raised_round_mass,deep_ulceration_pattern,0.336958,0.573257,4
76fb20ce95d3f564.jpg,Reduced mucosal view,foreign_object_shape,deep_ulceration_pattern,0.35256,0.596104,4
29fc994d42a6179f.jpg,Reduced mucosal view,normal_texture,active_bleeding_visible,0.354703,0.492974,1
55cd1b0e68b3e83c.jpg,Reduced mucosal view,normal_texture,low_risk_appearance,0.36105,0.52679,3
3a454ec2f5d77bc1.jpg,Angiectasia,inflamed_red_surface,large_protruding_lesion,0.364544,0.502476,2
cf4a04aa9350e941.jpg,Ileocecal valve,blurred_visibility,widespread_inflammation,0.555757,0.624128,5
33e081f42d265f7f.jpg,Reduced mucosal view,foreign_object_shape,active_bleeding_visible,0.341063,0.564549,4
908dbc996421363b.jpg,Ulcer,landmark_ring_structure,deep_ulceration_pattern,0.40787,0.518676,3
1608a4b33c7535f4.jpg,Reduced mucosal view,raised_round_mass,suspicious_vascular_cluster,0.347473,0.506826,2
56d8832881e0f141.jpg,Ileocecal valve,landmark_ring_structure,retained_foreign_object,0.398768,0.522332,3
a85810d25b15e19f.jpg,Angiectasia,red_fluid_region,unclear_view_needs_review,0.33783,0.480685,1
eec8163f0cce4c75.jpg,Angiectasia,foreign_object_shape,large_protruding_lesion,0.410292,0.514985,3
3e9b82a4faadf6d8.jpg,Pylorus,vascular_red_spots,suspicious_vascular_cluster,0.515933,0.575847,4
f29ecf89218444ae.jpg,Reduced mucosal view,blurred_visibility,widespread_inflammation,0.34589,0.503124,1
a5d2551266a9a44d.jpg,Reduced mucosal view,inflamed_red_surface,active_bleeding_visible,0.357027,0.478645,1
b587f9ee88c134ab.jpg,Reduced mucosal view,red_fluid_region,widespread_inflammation,0.356667,0.507002,2
f1c5652772975500.jpg,Pylorus,blurred_visibility,retained_foreign_object,0.577455,0.6295,5
840e39464f93b8ce.jpg,Reduced mucosal view,landmark_ring_structure,deep_ulceration_pattern,0.344894,0.545972,3
feb946c84a78cea6.jpg,Reduced mucosal view,white_crater_lesion,deep_ulceration_pattern,0.358076,0.503882,2
a662bbf85b5c7553.jpg,Ileocecal valve,landmark_ring_structure,suspicious_vascular_cluster,0.337668,0.576746,4
bda8bc377b3460b5.jpg,Lymphangiectasia,landmark_ring_structure,widespread_inflammation,0.433933,0.565531,4
8ac1c9f87078d486.jpg,Reduced mucosal view,raised_round_mass,deep_ulceration_pattern,0.344679,0.55419,4
e2c68017d0d12bce.jpg,Ileocecal valve,landmark_ring_structure,deep_ulceration_pattern,0.384622,0.514041,2
0532ccd55766296d.jpg,Ileocecal valve,blurred_visibility,unclear_view_needs_review,0.353146,0.47363,1
bd9ce20cd7d3e146.jpg,Reduced mucosal view,blurred_visibility,low_risk_appearance,0.344255,0.495955,1
479b5afdb8ca987f.jpg,Ulcer,inflamed_red_surface,unclear_view_needs_review,0.59611,0.593094,5
2d9e944609e3b290.jpg,Blood - fresh,white_crater_lesion,active_bleeding_visible,0.632248,0.649188,5
2e6e55711ccb5477.jpg,Reduced mucosal view,vascular_red_spots,large_protruding_lesion,0.335193,0.528984,2
070b7056387a9f55.jpg,Pylorus,landmark_ring_structure,low_risk_appearance,0.598836,0.615555,5
49e7e0ef372f4c7f.jpg,Ileocecal valve,vascular_red_spots,unclear_view_needs_review,0.435752,0.515383,3
e6b8942c81392c21.jpg,Pylorus,white_crater_lesion,unclear_view_needs_review,0.572642,0.592369,5
42c37f9b2118f456.jpg,Ileocecal valve,landmark_ring_structure,deep_ulceration_pattern,0.323264,0.525939,2
12f9126e73c53b0e.jpg,Lymphangiectasia,normal_texture,suspicious_vascular_cluster,0.351042,0.531333,3
604383ec5f318c7c.jpg,Ileocecal valve,raised_round_mass,unclear_view_needs_review,0.494097,0.597712,5
7291e1ad50f2df95.jpg,Reduced mucosal view,red_fluid_region,large_protruding_lesion,0.357301,0.486523,1
2574c329156b9909.jpg,Ileocecal valve,white_crater_lesion,low_risk_appearance,0.559478,0.61805,5
ca4e278088ab1936.jpg,Reduced mucosal view,blurred_visibility,deep_ulceration_pattern,0.383754,0.535075,3
6d1e0f4ea7a858e5.jpg,Ileocecal valve,raised_round_mass,retained_foreign_object,0.369777,0.487149,1
b3695585f842fa97.jpg,Ileocecal valve,landmark_ring_structure,active_bleeding_visible,0.397133,0.525551,3
f1ce6bd98bbea35a.jpg,Ileocecal valve,foreign_object_shape,unclear_view_needs_review,0.352653,0.509587,2
bf28ff059de2754f.jpg,Ileocecal valve,normal_texture,unclear_view_needs_review,0.517013,0.596831,5
725c90dd01e258d9.jpg,Ileocecal valve,normal_texture,retained_foreign_object,0.421392,0.541579,4
726142695d14f978.jpg,Polyp,foreign_object_shape,active_bleeding_visible,0.495903,0.572216,4
d2a375254e101c20.jpg,Ileocecal valve,red_fluid_region,active_bleeding_visible,0.501489,0.591355,4
4fa09085eebd8be7.jpg,Foreign body,white_crater_lesion,large_protruding_lesion,0.445802,0.560317,4
3be5b14eccac733d.jpg,Ileocecal valve,white_crater_lesion,retained_foreign_object,0.400037,0.520318,3
1a54e8a4f9b73074.jpg,Pylorus,normal_texture,suspicious_vascular_cluster,0.467414,0.544238,4
e9af68248982b7fc.jpg,Ileocecal valve,blurred_visibility,unclear_view_needs_review,0.355892,0.504162,2
ef05fb77d4018d12.jpg,Polyp,white_crater_lesion,large_protruding_lesion,0.50839,0.580495,4
44ab1234199c3fd6.jpg,Lymphangiectasia,dark_blood_residue,suspicious_vascular_cluster,0.338802,0.499215,1
c6652d7c42743faa.jpg,Ulcer,landmark_ring_structure,deep_ulceration_pattern,0.608258,0.631859,5
7c3ef66d1c6d8a26.jpg,Ileocecal valve,landmark_ring_structure,unclear_view_needs_review,0.36487,0.480014,1
a49595b29804ead6.jpg,Ileocecal valve,vascular_red_spots,unclear_view_needs_review,0.413775,0.498695,2
d492e1b8c3fec0be.jpg,Reduced mucosal view,inflamed_red_surface,widespread_inflammation,0.351217,0.529893,3
21536c18c36a2edf.jpg,Ulcer,inflamed_red_surface,widespread_inflammation,0.358247,0.49014,1
6b6f9431a75e1bfe.jpg,Ileocecal valve,dark_blood_residue,deep_ulceration_pattern,0.387275,0.517839,2
1de84846fc524222.jpg,Normal clean mucosa,blurred_visibility,active_bleeding_visible,0.389266,0.516001,2
82a717bf0a29a99a.jpg,Ileocecal valve,inflamed_red_surface,widespread_inflammation,0.546646,0.614175,5
f9f6e2767fd97b6f.jpg,Lymphangiectasia,normal_texture,widespread_inflammation,0.355424,0.528628,3
51dad3ab98d4a0a6.jpg,Ileocecal valve,blurred_visibility,large_protruding_lesion,0.535953,0.624354,5
b38c0149a19ded08.jpg,Angiectasia,normal_texture,widespread_inflammation,0.334134,0.481643,1
43eabd88187ccb8d.jpg,Ileocecal valve,red_fluid_region,widespread_inflammation,0.344223,0.520132,2
8595ea49d41f6122.jpg,Reduced mucosal view,inflamed_red_surface,unclear_view_needs_review,0.391121,0.527413,3
91bad3cedb75e8b7.jpg,Pylorus,blurred_visibility,retained_foreign_object,0.478246,0.555849,4
e1bb22552b26d54e.jpg,Ileocecal valve,landmark_ring_structure,suspicious_vascular_cluster,0.385736,0.520662,3
6a42d35fe438ea52.jpg,Foreign body,vascular_red_spots,active_bleeding_visible,0.464506,0.562222,4
6daf056d57e086b4.jpg,Reduced mucosal view,white_crater_lesion,large_protruding_lesion,0.354052,0.524803,2
3576bca3627b0095.jpg,Blood - fresh,dark_blood_residue,widespread_inflammation,0.585924,0.640488,5
66b02d2c134a7ac1.jpg,Normal clean mucosa,normal_texture,widespread_inflammation,0.365695,0.47673,1
291dd3adde967885.jpg,Ileocecal valve,raised_round_mass,unclear_view_needs_review,0.440487,0.548804,4
83160241ca52cb6d.jpg,Pylorus,normal_texture,large_protruding_lesion,0.592483,0.608545,5
089031f33658b2b1.jpg,Reduced mucosal view,foreign_object_shape,deep_ulceration_pattern,0.422528,0.524092,3
b3815fd3560afa92.jpg,Pylorus,foreign_object_shape,widespread_inflammation,0.59811,0.625445,5
a3476217365a3246.jpg,Ileocecal valve,white_crater_lesion,active_bleeding_visible,0.348732,0.543668,3
1abcea460ebe99c5.jpg,Reduced mucosal view,raised_round_mass,retained_foreign_object,0.367108,0.522249,2
c287714ccd79392d.jpg,Erythema,normal_texture,widespread_inflammation,0.541055,0.577634,4
d52ef0af15c74e22.jpg,Ileocecal valve,normal_texture,suspicious_vascular_cluster,0.374753,0.548209,4
e35843cc086e0a27.jpg,Angiectasia,vascular_red_spots,widespread_inflammation,0.359687,0.547825,3
170e302b9f3084bd.jpg,Ileocecal valve,white_crater_lesion,large_protruding_lesion,0.37051,0.525541,3
331dd4922ee8f455.jpg,Pylorus,normal_texture,retained_foreign_object,0.57154,0.616572,5
0286888791439529.jpg,Foreign body,raised_round_mass,suspicious_vascular_cluster,0.454485,0.541014,4
6a8bd588de0b149b.jpg,Lymphangiectasia,raised_round_mass,low_risk_appearance,0.355439,0.526821,3
e212df62c42855ec.jpg,Ileocecal valve,dark_blood_residue,retained_foreign_object,0.553654,0.617747,5
4a61cd4f6a6f8787.jpg,Reduced mucosal view,normal_texture,retained_foreign_object,0.412775,0.523805,3
31bfe9e1557681d5.jpg,Ileocecal valve,white_crater_lesion,retained_foreign_object,0.359831,0.485769,1
97ac8c194bbc0189.jpg,Ileocecal valve,dark_blood_residue,widespread_inflammation,0.348497,0.509433,2
a90b1d23f7c6f753.jpg,Ulcer,vascular_red_spots,large_protruding_lesion,0.346375,0.492109,1
1fc193d5f908a4ff.jpg,Pylorus,dark_blood_residue,widespread_inflammation,0.591022,0.611526,5
c01b5394afe568f4.jpg,Erythema,dark_blood_residue,large_protruding_lesion,0.419786,0.516543,3
133a8655224c8a86.jpg,Ileocecal valve,normal_texture,deep_ulceration_pattern,0.546734,0.62766,5
f52a0d2b7fb9efa0.jpg,Reduced mucosal view,white_crater_lesion,retained_foreign_object,0.342642,0.537952,3
f7c0ead676f32c0c.jpg,Ileocecal valve,vascular_red_spots,low_risk_appearance,0.337401,0.518453,2
e359d0938702228c.jpg,Ileocecal valve,landmark_ring_structure,active_bleeding_visible,0.442436,0.547162,4
922e7e532ed73e4f.jpg,Ileocecal valve,normal_texture,active_bleeding_visible,0.366951,0.478329,1
c97358f572c54d18.jpg,Pylorus,landmark_ring_structure,unclear_view_needs_review,0.589336,0.609198,5
a5721d4243a3f2d6.jpg,Reduced mucosal view,raised_round_mass,suspicious_vascular_cluster,0.366513,0.498161,1
92847393a35f9079.jpg,Pylorus,blurred_visibility,suspicious_vascular_cluster,0.594275,0.611587,5
7d5455d9a8f8ddc4.jpg,Reduced mucosal view,red_fluid_region,retained_foreign_object,0.345744,0.557488,4
72b841df49ffb835.jpg,Reduced mucosal view,raised_round_mass,widespread_inflammation,0.35695,0.515172,2
f018aeef6f89baff.jpg,Ileocecal valve,foreign_object_shape,widespread_inflammation,0.426095,0.533106,3
92cfadb46a15a95c.jpg,Ileocecal valve,inflamed_red_surface,low_risk_appearance,0.35237,0.472187,1
fe72bb71dd3ac723.jpg,Ileocecal valve,red_fluid_region,deep_ulceration_pattern,0.350943,0.530483,3
f7b790b9a2c8719e.jpg,Ulcer,dark_blood_residue,large_protruding_lesion,0.50652,0.596102,5
324a7b00f1bdee9d.jpg,Pylorus,vascular_red_spots,deep_ulceration_pattern,0.435401,0.546513,4
2c045399ed7fa280.jpg,Pylorus,blurred_visibility,widespread_inflammation,0.599233,0.623587,5
6407faf0fe7459ee.jpg,Angiectasia,white_crater_lesion,deep_ulceration_pattern,0.359526,0.494488,1
4352ccdeed67cbdd.jpg,Foreign body,inflamed_red_surface,active_bleeding_visible,0.371417,0.526848,3
a76b2a0f931863b1.jpg,Reduced mucosal view,vascular_red_spots,retained_foreign_object,0.35031,0.563903,4
dba47f469d28b2de.jpg,Pylorus,normal_texture,retained_foreign_object,0.542411,0.579419,4
1577e811d061146a.jpg,Ileocecal valve,vascular_red_spots,active_bleeding_visible,0.380742,0.505782,2
1c9e9bda4edea640.jpg,Reduced mucosal view,red_fluid_region,suspicious_vascular_cluster,0.349487,0.517998,2
a0e4fed50ee7c03b.jpg,Foreign body,raised_round_mass,active_bleeding_visible,0.357954,0.540923,3
7b773f314d69c9c4.jpg,Ileocecal valve,red_fluid_region,low_risk_appearance,0.457486,0.560902,4
99d921f1a88519e8.jpg,Angiectasia,blurred_visibility,large_protruding_lesion,0.548245,0.607003,5
657230e336e251e3.jpg,Pylorus,vascular_red_spots,unclear_view_needs_review,0.612334,0.640428,5
0eb9cd70ac5027f3.jpg,Reduced mucosal view,blurred_visibility,suspicious_vascular_cluster,0.347539,0.549316,3
15c1e7a8d483592a.jpg,Ileocecal valve,foreign_object_shape,low_risk_appearance,0.353478,0.511947,2
54329ab9f4701e1f.jpg,Reduced mucosal view,blurred_visibility,large_protruding_lesion,0.36002,0.483663,1
71be2172865999df.jpg,Erythema,dark_blood_residue,widespread_inflammation,0.526085,0.569978,4
bde48984a3268c63.jpg,Pylorus,landmark_ring_structure,suspicious_vascular_cluster,0.478673,0.554941,4
1bdafdfdba924c1d.jpg,Foreign body,normal_texture,retained_foreign_object,0.364907,0.551785,4
bd5ae4fffbe53c4f.jpg,Reduced mucosal view,red_fluid_region,suspicious_vascular_cluster,0.361161,0.490688,1
8645d8d051f58f14.jpg,Ileocecal valve,normal_texture,low_risk_appearance,0.357622,0.499501,1
d6ccdb41fb30eaf2.jpg,Reduced mucosal view,blurred_visibility,low_risk_appearance,0.352191,0.494555,1
f28d65f53376150e.jpg,Foreign body,white_crater_lesion,active_bleeding_visible,0.361371,0.53559,3
236838a6db6488bc.jpg,Pylorus,vascular_red_spots,large_protruding_lesion,0.617201,0.629377,5
2fdabf2126494424.jpg,Ileocecal valve,raised_round_mass,active_bleeding_visible,0.408996,0.541348,4
de02a9335dbd3898.jpg,Pylorus,raised_round_mass,large_protruding_lesion,0.586088,0.608573,5
377d880efedc7672.jpg,Reduced mucosal view,white_crater_lesion,active_bleeding_visible,0.363332,0.509783,2
c0b99dd50ae73b4c.jpg,Ulcer,blurred_visibility,retained_foreign_object,0.362402,0.494148,1
f27ccbfa3e663906.jpg,Reduced mucosal view,dark_blood_residue,low_risk_appearance,0.367692,0.474753,1
1054785d7a8560dd.jpg,Reduced mucosal view,landmark_ring_structure,retained_foreign_object,0.350652,0.490173,1
4f1c6be43809c968.jpg,Ileocecal valve,raised_round_mass,deep_ulceration_pattern,0.449392,0.519771,3
6bcf4d2c6dcc56b0.jpg,Ileocecal valve,inflamed_red_surface,unclear_view_needs_review,0.353411,0.49754,1
ee8499f8b640385a.jpg,Normal clean mucosa,vascular_red_spots,unclear_view_needs_review,0.433158,0.539825,4
e80225edb2ee4905.jpg,Ileocecal valve,foreign_object_shape,large_protruding_lesion,0.390081,0.522357,3
530dfad280154250.jpg,Ileocecal valve,raised_round_mass,retained_foreign_object,0.380548,0.535523,3
3b70fea99f1c30cf.jpg,Reduced mucosal view,red_fluid_region,active_bleeding_visible,0.345135,0.541059,3
03272c944bd4a45b.jpg,Ileocecal valve,landmark_ring_structure,deep_ulceration_pattern,0.500888,0.603081,5
bf37c04938258541.jpg,Ileocecal valve,vascular_red_spots,active_bleeding_visible,0.371576,0.502986,2
580e65edd17c2dc3.jpg,Reduced mucosal view,landmark_ring_structure,widespread_inflammation,0.36161,0.492756,1
2ff08750fb8a5c9a.jpg,Ileocecal valve,landmark_ring_structure,widespread_inflammation,0.441268,0.544352,4
b7f9eb6e9679d650.jpg,Lymphangiectasia,white_crater_lesion,unclear_view_needs_review,0.541059,0.590981,5
c05af47d5d933bcb.jpg,Ileocecal valve,landmark_ring_structure,low_risk_appearance,0.407384,0.537755,3
fe88652a5922112f.jpg,Ulcer,dark_blood_residue,active_bleeding_visible,0.379267,0.559123,4
4c07feda97b39c42.jpg,Blood - fresh,foreign_object_shape,suspicious_vascular_cluster,0.621203,0.657606,5
992f177c45477adf.jpg,Ileocecal valve,landmark_ring_structure,deep_ulceration_pattern,0.347974,0.508073,2
757169ce40526a3a.jpg,Foreign body,dark_blood_residue,unclear_view_needs_review,0.451912,0.55574,4
ba2247d47e89056c.jpg,Ileocecal valve,dark_blood_residue,unclear_view_needs_review,0.418057,0.531621,3
948b1785e84ecfb0.jpg,Ileocecal valve,red_fluid_region,retained_foreign_object,0.494019,0.606687,5
b616c1e1ef3c9287.jpg,Blood - fresh,raised_round_mass,deep_ulceration_pattern,0.625345,0.661969,5
e33010643f94e86f.jpg,Ileocecal valve,white_crater_lesion,suspicious_vascular_cluster,0.342593,0.516728,2
01eae058536e85b0.jpg,Ileocecal valve,dark_blood_residue,deep_ulceration_pattern,0.383173,0.52433,3
135810c979fa640a.jpg,Ileocecal valve,vascular_red_spots,suspicious_vascular_cluster,0.414061,0.518675,3
60adee18243eef1b.jpg,Reduced mucosal view,blurred_visibility,retained_foreign_object,0.397515,0.51672,3
b63e399ba374eb90.jpg,Reduced mucosal view,white_crater_lesion,deep_ulceration_pattern,0.340068,0.548509,3
898ca44d27305383.jpg,Reduced mucosal view,inflamed_red_surface,large_protruding_lesion,0.35983,0.518939,2
9f734236ee4c8fe4.jpg,Lymphangiectasia,vascular_red_spots,large_protruding_lesion,0.353394,0.508084,2
1b5cb9c3705df983.jpg,Normal clean mucosa,dark_blood_residue,suspicious_vascular_cluster,0.387021,0.506387,2
b6be897f34dfe667.jpg,Ileocecal valve,foreign_object_shape,unclear_view_needs_review,0.341345,0.501751,1
5addaf58c42da2a1.jpg,Ileocecal valve,landmark_ring_structure,deep_ulceration_pattern,0.370978,0.50979,2
345ca00159fcfe55.jpg,Foreign body,inflamed_red_surface,widespread_inflammation,0.354673,0.538758,3
a8a60b3d478e6bd1.jpg,Ileocecal valve,red_fluid_region,low_risk_appearance,0.423986,0.536003,4
570bacf4420e4d2a.jpg,Ileocecal valve,foreign_object_shape,unclear_view_needs_review,0.444057,0.547362,4
137bd40268ac2940.jpg,Reduced mucosal view,red_fluid_region,deep_ulceration_pattern,0.363276,0.512238,2
4f3dcfde557cafff.jpg,Ileocecal valve,inflamed_red_surface,deep_ulceration_pattern,0.450349,0.540155,4
153eff08352f8c15.jpg,Reduced mucosal view,blurred_visibility,low_risk_appearance,0.345102,0.548918,3
39b255ba2e080270.jpg,Angiectasia,vascular_red_spots,suspicious_vascular_cluster,0.363617,0.501248,2
d0e1cae864bcec37.jpg,Ileocecal valve,blurred_visibility,suspicious_vascular_cluster,0.391728,0.525349,3
2ed9edb972eb946d.jpg,Pylorus,blurred_visibility,low_risk_appearance,0.588546,0.594657,5
30c16eda40d14a4a.jpg,Lymphangiectasia,vascular_red_spots,active_bleeding_visible,0.525624,0.587477,5
d261ece250bb8303.jpg,Ileocecal valve,inflamed_red_surface,widespread_inflammation,0.402557,0.524175,3
875e1f4b96630cc3.jpg,Angiectasia,landmark_ring_structure,active_bleeding_visible,0.392329,0.551891,4
512842ffacecac0c.jpg,Pylorus,landmark_ring_structure,active_bleeding_visible,0.451286,0.516647,3
50bcce335dff4fc7.jpg,Pylorus,foreign_object_shape,deep_ulceration_pattern,0.62821,0.631975,5
f652ba3513d5c908.jpg,Ileocecal valve,inflamed_red_surface,deep_ulceration_pattern,0.431208,0.543628,4
d43bc442d116e786.jpg,Ileocecal valve,white_crater_lesion,low_risk_appearance,0.425017,0.556283,4
7877c29de3ccbcce.jpg,Reduced mucosal view,landmark_ring_structure,widespread_inflammation,0.338456,0.558396,4
a184a0165296409a.jpg,Reduced mucosal view,raised_round_mass,large_protruding_lesion,0.34044,0.584795,4
28793e9a842f154d.jpg,Ileocecal valve,inflamed_red_surface,active_bleeding_visible,0.454829,0.539403,4
56b69831925fe4b6.jpg,Reduced mucosal view,red_fluid_region,low_risk_appearance,0.363273,0.493496,1
4a7a74b84355ee4d.jpg,Ileocecal valve,foreign_object_shape,suspicious_vascular_cluster,0.37805,0.514931,2
3cdcaab9f514c1c2.jpg,Ileocecal valve,blurred_visibility,low_risk_appearance,0.375632,0.52021,2
c43533df57d76334.jpg,Pylorus,white_crater_lesion,widespread_inflammation,0.550376,0.585504,5
4c6a1af7c14ee4ed.jpg,Ileocecal valve,red_fluid_region,large_protruding_lesion,0.499429,0.58946,4
8e2cc57e8d914dd2.jpg,Reduced mucosal view,white_crater_lesion,active_bleeding_visible,0.373302,0.604351,4
1afe42b34373cca4.jpg,Ileocecal valve,dark_blood_residue,retained_foreign_object,0.449562,0.557166,4
a9bd0eef31d1c7f8.jpg,Foreign body,red_fluid_region,deep_ulceration_pattern,0.349666,0.522755,2
807d42812add54dc.jpg,Ileocecal valve,foreign_object_shape,widespread_inflammation,0.431261,0.565755,4
0439ec87be584235.jpg,Pylorus,inflamed_red_surface,retained_foreign_object,0.601365,0.612915,5
1581d02b56b283ae.jpg,Pylorus,foreign_object_shape,deep_ulceration_pattern,0.607653,0.611662,5
fa341df2473dd59d.jpg,Angiectasia,landmark_ring_structure,suspicious_vascular_cluster,0.592087,0.612711,5
3c5c070993a29e2b.jpg,Blood - fresh,landmark_ring_structure,active_bleeding_visible,0.615811,0.660948,5
3e02762617b79688.jpg,Ileocecal valve,vascular_red_spots,widespread_inflammation,0.467458,0.537483,4
8cc5502e2df0639e.jpg,Ulcer,dark_blood_residue,low_risk_appearance,0.412613,0.535651,3
81a25fb45b166988.jpg,Ileocecal valve,white_crater_lesion,suspicious_vascular_cluster,0.493689,0.590292,4
c5b3b7f514c280f4.jpg,Reduced mucosal view,white_crater_lesion,large_protruding_lesion,0.359337,0.507865,2
5366d9d730794f2a.jpg,Reduced mucosal view,red_fluid_region,active_bleeding_visible,0.347145,0.497467,1
896e5e59170b478d.jpg,Reduced mucosal view,landmark_ring_structure,deep_ulceration_pattern,0.365022,0.499769,2
f4bec656f259084d.jpg,Angiectasia,white_crater_lesion,widespread_inflammation,0.359487,0.500957,2
07687a4f4dea51be.jpg,Ulcer,raised_round_mass,retained_foreign_object,0.605597,0.625072,5
87dc7de861f23190.jpg,Reduced mucosal view,dark_blood_residue,retained_foreign_object,0.346357,0.582215,4
07cee383c5d55549.jpg,Lymphangiectasia,raised_round_mass,unclear_view_needs_review,0.359814,0.511054,2
f44c81cc60690fe6.jpg,Angiectasia,inflamed_red_surface,unclear_view_needs_review,0.345163,0.491679,1
5c8e7c468908e0a9.jpg,Reduced mucosal view,normal_texture,retained_foreign_object,0.355434,0.501288,1
54a937bf662b4fe3.jpg,Pylorus,landmark_ring_structure,deep_ulceration_pattern,0.510788,0.567903,4
0fe516e0c9d198a8.jpg,Ulcer,blurred_visibility,active_bleeding_visible,0.354759,0.482663,1
3770f4427653cbf6.jpg,Angiectasia,landmark_ring_structure,retained_foreign_object,0.601383,0.591692,5
745eb355e13e3da4.jpg,Pylorus,foreign_object_shape,active_bleeding_visible,0.600538,0.627077,5
208a2d2fac44f119.jpg,Ileocecal valve,inflamed_red_surface,deep_ulceration_pattern,0.505374,0.6007,5
d8d727a846505d86.jpg,Ileocecal valve,dark_blood_residue,unclear_view_needs_review,0.389795,0.510757,2
ecfea5c346f44697.jpg,Ulcer,raised_round_mass,suspicious_vascular_cluster,0.548441,0.584516,5
1ca4f304319fb0c4.jpg,Lymphangiectasia,landmark_ring_structure,unclear_view_needs_review,0.363501,0.522596,2
c0cbdb186d6c4b0f.jpg,Ileocecal valve,foreign_object_shape,unclear_view_needs_review,0.382523,0.521982,3
d447a95fbf31314a.jpg,Angiectasia,white_crater_lesion,retained_foreign_object,0.352606,0.490327,1
70db16c4c2b0df9f.jpg,Ulcer,inflamed_red_surface,suspicious_vascular_cluster,0.572901,0.591129,5
9cc96a64d6851941.jpg,Ileocecal valve,foreign_object_shape,unclear_view_needs_review,0.407524,0.528757,3
1f9f1bc23b0a9a75.jpg,Foreign body,inflamed_red_surface,large_protruding_lesion,0.353462,0.51255,2
9ccd66c3dbb331f5.jpg,Ileocecal valve,landmark_ring_structure,widespread_inflammation,0.419324,0.525092,3
a400a3468feccb92.jpg,Ileocecal valve,raised_round_mass,large_protruding_lesion,0.378353,0.515783,2
339409bfcd0fdda3.jpg,Foreign body,blurred_visibility,suspicious_vascular_cluster,0.435995,0.561172,4
3dd3ec3e53397e6a.jpg,Blood - fresh,vascular_red_spots,large_protruding_lesion,0.62045,0.668623,5
35ed8aea4722aba3.jpg,Pylorus,vascular_red_spots,deep_ulceration_pattern,0.590039,0.607563,5
15189156684ceddb.jpg,Lymphangiectasia,white_crater_lesion,retained_foreign_object,0.429134,0.540339,4
8af56054842659ca.jpg,Pylorus,inflamed_red_surface,deep_ulceration_pattern,0.458066,0.555361,4
f123a346fd13d570.jpg,Ileocecal valve,landmark_ring_structure,deep_ulceration_pattern,0.373941,0.480977,1
68432b9c2eb25a8d.jpg,Ileocecal valve,inflamed_red_surface,widespread_inflammation,0.341033,0.555294,4
e7a5edb1cacbb5ed.jpg,Reduced mucosal view,vascular_red_spots,unclear_view_needs_review,0.367074,0.585945,4
7ca0739a366bf6bb.jpg,Normal clean mucosa,foreign_object_shape,retained_foreign_object,0.482094,0.544821,4
6fe1a200a3ff3719.jpg,Ileocecal valve,dark_blood_residue,large_protruding_lesion,0.381465,0.518544,2
ecb9500bf10f53f0.jpg,Ileocecal valve,red_fluid_region,large_protruding_lesion,0.412067,0.524357,3
92bb4aa3f4f5a456.jpg,Reduced mucosal view,foreign_object_shape,large_protruding_lesion,0.363593,0.514433,2
8f0c2f1cad583979.jpg,Angiectasia,white_crater_lesion,suspicious_vascular_cluster,0.346097,0.488735,1
13627d0e4b851260.jpg,Ileocecal valve,raised_round_mass,active_bleeding_visible,0.350634,0.501879,1
08dbe2f4efa4591e.jpg,Angiectasia,vascular_red_spots,deep_ulceration_pattern,0.332413,0.484982,1
ad0711960ea98bfb.jpg,Pylorus,normal_texture,active_bleeding_visible,0.59926,0.597853,5
e3a49e40c6529049.jpg,Reduced mucosal view,blurred_visibility,deep_ulceration_pattern,0.350417,0.505499,2
d20c42ff4d853be4.jpg,Reduced mucosal view,dark_blood_residue,deep_ulceration_pattern,0.418357,0.501124,2
4301a8ba3d3681b4.jpg,Pylorus,raised_round_mass,active_bleeding_visible,0.546087,0.576207,4
a8bb48c33dcfa3a6.jpg,Ileocecal valve,raised_round_mass,unclear_view_needs_review,0.332741,0.526468,2
659cf43217fbf15d.jpg,Foreign body,inflamed_red_surface,active_bleeding_visible,0.491238,0.559688,4
4e139d6338364f24.jpg,Reduced mucosal view,landmark_ring_structure,widespread_inflammation,0.357674,0.531967,3
8ed2ae19113b1428.jpg,Reduced mucosal view,vascular_red_spots,widespread_inflammation,0.365324,0.491744,1
1c105750bee076f2.jpg,Ileocecal valve,vascular_red_spots,widespread_inflammation,0.396659,0.532691,3
ceea8561bef482dc.jpg,Ileocecal valve,landmark_ring_structure,large_protruding_lesion,0.400479,0.525624,3
c05f152d357c0dc5.jpg,Pylorus,landmark_ring_structure,widespread_inflammation,0.56231,0.590493,5
c83c362ebd07ed18.jpg,Reduced mucosal view,white_crater_lesion,large_protruding_lesion,0.350626,0.535861,3
ebcebff3e8389e78.jpg,Ulcer,white_crater_lesion,suspicious_vascular_cluster,0.354664,0.490679,1
6a5198e9fac9e553.jpg,Ileocecal valve,white_crater_lesion,widespread_inflammation,0.544323,0.594806,5
c702892d49aa2371.jpg,Angiectasia,blurred_visibility,widespread_inflammation,0.350909,0.501951,1
285762077f5954d3.jpg,Reduced mucosal view,blurred_visibility,retained_foreign_object,0.401093,0.554683,4
98a8a97abb41abdc.jpg,Ulcer,vascular_red_spots,active_bleeding_visible,0.362785,0.494716,1
b309a29c6aea98e3.jpg,Lymphangiectasia,white_crater_lesion,low_risk_appearance,0.367593,0.517698,2
a4d2c11adc6b240e.jpg,Ulcer,landmark_ring_structure,widespread_inflammation,0.374796,0.559761,4
d4c9ddb1a71e8cac.jpg,Reduced mucosal view,normal_texture,deep_ulceration_pattern,0.36044,0.535617,3
7e0647d5f9355764.jpg,Reduced mucosal view,foreign_object_shape,unclear_view_needs_review,0.358877,0.494132,1
fce31cea30197dd8.jpg,Ulcer,normal_texture,unclear_view_needs_review,0.352066,0.492822,1
729cf60bd4f16143.jpg,Ileocecal valve,normal_texture,widespread_inflammation,0.464459,0.580624,4
a3103100b3102135.jpg,Normal clean mucosa,red_fluid_region,suspicious_vascular_cluster,0.363286,0.475708,1
7971df03eeeae188.jpg,Lymphangiectasia,white_crater_lesion,deep_ulceration_pattern,0.377824,0.515894,2
e83e5cd675c14feb.jpg,Ileocecal valve,red_fluid_region,unclear_view_needs_review,0.379219,0.50196,2
e2299fe451d33624.jpg,Ileocecal valve,white_crater_lesion,widespread_inflammation,0.396612,0.514693,2
c152d8d2e540617a.jpg,Erosion,foreign_object_shape,suspicious_vascular_cluster,0.413446,0.5186,3
a7004e49cfd32935.jpg,Ileocecal valve,blurred_visibility,low_risk_appearance,0.396102,0.535909,3
faa3c9e337eb126f.jpg,Reduced mucosal view,foreign_object_shape,suspicious_vascular_cluster,0.364346,0.494594,1
b73b41f55d2a70d4.jpg,Ileocecal valve,white_crater_lesion,suspicious_vascular_cluster,0.376083,0.507152,2
5296b83a8b374a2a.jpg,Reduced mucosal view,landmark_ring_structure,deep_ulceration_pattern,0.377831,0.484098,1
748feed069860ddd.jpg,Ileocecal valve,dark_blood_residue,retained_foreign_object,0.407015,0.524823,3
0f58e89b0af6cceb.jpg,Pylorus,red_fluid_region,retained_foreign_object,0.527919,0.587979,5
7726e950cdaf71cd.jpg,Ileocecal valve,normal_texture,unclear_view_needs_review,0.357347,0.509166,2
5faf5ca2d9858ba2.jpg,Ileocecal valve,dark_blood_residue,large_protruding_lesion,0.349684,0.493756,1
d962525bc4dba9ed.jpg,Erosion,foreign_object_shape,large_protruding_lesion,0.404286,0.555357,4
0e73f2854f814203.jpg,Pylorus,red_fluid_region,deep_ulceration_pattern,0.427229,0.533857,4
acf7581457f8d13e.jpg,Ileocecal valve,foreign_object_shape,large_protruding_lesion,0.318544,0.5155,2
74dcf748eb0d050a.jpg,Ileocecal valve,blurred_visibility,retained_foreign_object,0.429422,0.533532,4
ebd916122d0eb848.jpg,Ulcer,white_crater_lesion,suspicious_vascular_cluster,0.359486,0.494188,1
27176c0133c11cc6.jpg,Reduced mucosal view,foreign_object_shape,large_protruding_lesion,0.338101,0.543509,3
78e171d8dfe6404a.jpg,Ileocecal valve,landmark_ring_structure,retained_foreign_object,0.418065,0.549146,4
9e7c9c0313e02d93.jpg,Pylorus,inflamed_red_surface,widespread_inflammation,0.522952,0.57537,4
08e3278919388419.jpg,Lymphangiectasia,vascular_red_spots,large_protruding_lesion,0.392769,0.524282,3
f72ed1096b16dcaf.jpg,Blood - fresh,white_crater_lesion,suspicious_vascular_cluster,0.632455,0.673376,5
df1e4d23b176ec09.jpg,Reduced mucosal view,white_crater_lesion,large_protruding_lesion,0.344873,0.553924,3
17ebdcffb47f6584.jpg,Reduced mucosal view,landmark_ring_structure,retained_foreign_object,0.359112,0.513192,2
12004da4b0c9fcb2.jpg,Reduced mucosal view,dark_blood_residue,suspicious_vascular_cluster,0.344698,0.55712,4
23b40574e6cf41bc.jpg,Ileocecal valve,landmark_ring_structure,retained_foreign_object,0.367151,0.54188,3
4cedda66df4b0ebc.jpg,Pylorus,blurred_visibility,suspicious_vascular_cluster,0.58285,0.63179,5
4647e783e5adaa0b.jpg,Pylorus,raised_round_mass,low_risk_appearance,0.58926,0.60641,5
5c0df89538f7da8e.jpg,Ileocecal valve,foreign_object_shape,suspicious_vascular_cluster,0.351249,0.57185,4
745ecd246619ab07.jpg,Ulcer,normal_texture,large_protruding_lesion,0.557182,0.590501,5
0210bc661ee443ad.jpg,Ileocecal valve,vascular_red_spots,suspicious_vascular_cluster,0.340188,0.564945,4
d0aca4e4cfa7475c.jpg,Ileocecal valve,blurred_visibility,widespread_inflammation,0.373026,0.537851,3
06d3ca568ca1afa4.jpg,Foreign body,inflamed_red_surface,unclear_view_needs_review,0.381167,0.55686,4
f9fd1831edbb874f.jpg,Foreign body,red_fluid_region,unclear_view_needs_review,0.388898,0.547815,4
eadef591c9cdb962.jpg,Ileocecal valve,normal_texture,suspicious_vascular_cluster,0.433761,0.55002,4
442c095db3425b9b.jpg,Ileocecal valve,foreign_object_shape,deep_ulceration_pattern,0.361309,0.528488,3
c7c8bf283183609e.jpg,Foreign body,landmark_ring_structure,deep_ulceration_pattern,0.368642,0.510261,2
2b752d72dd5eb0f0.jpg,Reduced mucosal view,raised_round_mass,unclear_view_needs_review,0.374787,0.498637,2
3926535186346117.jpg,Ileocecal valve,blurred_visibility,low_risk_appearance,0.353711,0.504445,2
08be704eb3c497ff.jpg,Lymphangiectasia,inflamed_red_surface,retained_foreign_object,0.360574,0.541564,3
670f14434dc2bdfd.jpg,Reduced mucosal view,foreign_object_shape,active_bleeding_visible,0.35893,0.50309,2
05ecc177560c86e3.jpg,Pylorus,dark_blood_residue,widespread_inflammation,0.592339,0.600219,5
657cd8301a1d35aa.jpg,Erosion,red_fluid_region,widespread_inflammation,0.473474,0.592964,4
f4af1c646a35f9b4.jpg,Pylorus,dark_blood_residue,retained_foreign_object,0.609008,0.612823,5
37e9ab7b3c887318.jpg,Foreign body,raised_round_mass,unclear_view_needs_review,0.348663,0.536754,3
8a12dd9300ef5cb3.jpg,Foreign body,inflamed_red_surface,deep_ulceration_pattern,0.367905,0.540204,3
b0de7af7a1a80548.jpg,Angiectasia,dark_blood_residue,deep_ulceration_pattern,0.50306,0.55848,4
ae704009463ae6d8.jpg,Foreign body,dark_blood_residue,active_bleeding_visible,0.373673,0.53421,3
971fcad5efd37cef.jpg,Ileocecal valve,red_fluid_region,unclear_view_needs_review,0.347881,0.506006,2
34c778d6559fe07b.jpg,Reduced mucosal view,vascular_red_spots,suspicious_vascular_cluster,0.350384,0.543845,3
6ced1546c8acac50.jpg,Angiectasia,raised_round_mass,widespread_inflammation,0.590153,0.610851,5
5e29fe814c6eb386.jpg,Ileocecal valve,white_crater_lesion,suspicious_vascular_cluster,0.517037,0.610208,5
1d36241470385b92.jpg,Blood - fresh,raised_round_mass,low_risk_appearance,0.619484,0.681582,5
fd3c778f2d5fc61c.jpg,Ileocecal valve,landmark_ring_structure,deep_ulceration_pattern,0.443997,0.546657,4
f18f7e32e2e2f33b.jpg,Ileocecal valve,vascular_red_spots,active_bleeding_visible,0.364781,0.511841,2
eb09ae88ceadeb1e.jpg,Ileocecal valve,white_crater_lesion,large_protruding_lesion,0.400941,0.571508,4
e3efc58d621306d2.jpg,Blood - fresh,inflamed_red_surface,widespread_inflammation,0.620288,0.6556,5
a831250647c44a08.jpg,Ulcer,blurred_visibility,suspicious_vascular_cluster,0.356248,0.490917,1
83f792bdb58d2bd5.jpg,Ulcer,dark_blood_residue,widespread_inflammation,0.358639,0.486089,1
b9ae740d9d0994cf.jpg,Lymphangiectasia,red_fluid_region,large_protruding_lesion,0.40378,0.543303,4
a69400d187d490db.jpg,Pylorus,white_crater_lesion,unclear_view_needs_review,0.544149,0.573468,4
110bc3bc6b60d309.jpg,Ileocecal valve,landmark_ring_structure,widespread_inflammation,0.34762,0.497341,1
91f029e6d211b85a.jpg,Pylorus,inflamed_red_surface,retained_foreign_object,0.57785,0.582384,5
a41cd39695e21053.jpg,Ileocecal valve,foreign_object_shape,active_bleeding_visible,0.402246,0.520347,3
3e44680aca8e6a27.jpg,Polyp,blurred_visibility,active_bleeding_visible,0.469865,0.573671,4
bbfac4448fb6ece2.jpg,Reduced mucosal view,red_fluid_region,suspicious_vascular_cluster,0.361069,0.536808,3
70d64f1a3c5a79c7.jpg,Ileocecal valve,inflamed_red_surface,retained_foreign_object,0.364683,0.530821,3
20727ef9282b817f.jpg,Ileocecal valve,raised_round_mass,unclear_view_needs_review,0.374884,0.531671,3
c7bdc0afb84a064b.jpg,Ulcer,white_crater_lesion,retained_foreign_object,0.363338,0.493681,1
7ef76d1b6ded48de.jpg,Reduced mucosal view,vascular_red_spots,suspicious_vascular_cluster,0.392785,0.469014,1
9e83268e70b5c1c3.jpg,Ileocecal valve,vascular_red_spots,retained_foreign_object,0.440437,0.52484,3
74a3d46b20ff9a70.jpg,Angiectasia,normal_texture,low_risk_appearance,0.366336,0.506253,2
286d35104a7f2a77.jpg,Reduced mucosal view,blurred_visibility,retained_foreign_object,0.333327,0.538064,3
271b17e333b0a19b.jpg,Lymphangiectasia,foreign_object_shape,suspicious_vascular_cluster,0.378348,0.531444,3
32d65db3da958e65.jpg,Angiectasia,normal_texture,active_bleeding_visible,0.360296,0.489197,1
efb3f6c8d37db6e2.jpg,Ileocecal valve,inflamed_red_surface,widespread_inflammation,0.429746,0.517983,3
d274849edb16a3ec.jpg,Reduced mucosal view,red_fluid_region,deep_ulceration_pattern,0.353329,0.485993,1
6859dbcdb2d370c2.jpg,Ulcer,dark_blood_residue,widespread_inflammation,0.354055,0.486254,1
19cb66ab86867d27.jpg,Lymphangiectasia,vascular_red_spots,unclear_view_needs_review,0.380741,0.541579,3
1c1e7900ac225a23.jpg,Reduced mucosal view,white_crater_lesion,suspicious_vascular_cluster,0.349715,0.505797,2
bf07d9d4dc122b50.jpg,Reduced mucosal view,raised_round_mass,widespread_inflammation,0.373189,0.513353,2
e351188367e3c365.jpg,Reduced mucosal view,dark_blood_residue,suspicious_vascular_cluster,0.337638,0.529154,2
2094961dcd3fb7a8.jpg,Angiectasia,inflamed_red_surface,suspicious_vascular_cluster,0.341569,0.482799,1
20f912552ac8826c.jpg,Ileocecal valve,dark_blood_residue,deep_ulceration_pattern,0.441323,0.54398,4
5044c3158ff878f2.jpg,Reduced mucosal view,blurred_visibility,active_bleeding_visible,0.340366,0.554181,3
6723f30a80fc7185.jpg,Ileocecal valve,normal_texture,widespread_inflammation,0.380795,0.519514,2
f9eb27284e167ba1.jpg,Ileocecal valve,blurred_visibility,large_protruding_lesion,0.355173,0.51598,2
fc48e3d5d86cd157.jpg,Pylorus,blurred_visibility,active_bleeding_visible,0.597777,0.612016,5
16b1c680853486ec.jpg,Reduced mucosal view,foreign_object_shape,low_risk_appearance,0.353663,0.480289,1
12feeb037c045d0f.jpg,Ampulla of vater,landmark_ring_structure,deep_ulceration_pattern,0.5889,0.59628,5
542bf6e6629f9a84.jpg,Ileocecal valve,raised_round_mass,active_bleeding_visible,0.439379,0.542657,4
3ae1d9c2dc3aa4b1.jpg,Erosion,dark_blood_residue,unclear_view_needs_review,0.413506,0.559313,4
f9f5fcd2d51cfe01.jpg,Erosion,normal_texture,deep_ulceration_pattern,0.420088,0.517428,3
3af3571131885893.jpg,Ileocecal valve,normal_texture,retained_foreign_object,0.353554,0.489212,1
c89b99c6b620dcd4.jpg,Reduced mucosal view,white_crater_lesion,retained_foreign_object,0.342318,0.545797,3
779b3d0aeededb08.jpg,Ileocecal valve,inflamed_red_surface,suspicious_vascular_cluster,0.437651,0.552421,4
82273c152208c6bf.jpg,Ileocecal valve,normal_texture,large_protruding_lesion,0.389675,0.532699,3
5119bf334be8d1b2.jpg,Ulcer,blurred_visibility,retained_foreign_object,0.358938,0.488785,1
74abe80279230edb.jpg,Ulcer,white_crater_lesion,low_risk_appearance,0.600817,0.597554,5
e83128b4f5013f9c.jpg,Ileocecal valve,white_crater_lesion,suspicious_vascular_cluster,0.355917,0.516714,2
0dbd10a4efdaefa5.jpg,Ampulla of vater,inflamed_red_surface,retained_foreign_object,0.45593,0.550955,4
e65b181d64462040.jpg,Pylorus,normal_texture,low_risk_appearance,0.512404,0.551499,4
e746cd4e5e6ab498.jpg,Ileocecal valve,dark_blood_residue,deep_ulceration_pattern,0.366205,0.481764,1
11a7939adcfea4c3.jpg,Reduced mucosal view,inflamed_red_surface,large_protruding_lesion,0.335345,0.54436,3
f7c606d04bb6b8c7.jpg,Lymphangiectasia,inflamed_red_surface,active_bleeding_visible,0.4581,0.559994,4
c3ec13c816d3df12.jpg,Pylorus,vascular_red_spots,suspicious_vascular_cluster,0.618125,0.635204,5
64cf1d9553133410.jpg,Ulcer,blurred_visibility,suspicious_vascular_cluster,0.366878,0.489053,1
1f54e8c9eec448db.jpg,Pylorus,landmark_ring_structure,active_bleeding_visible,0.563576,0.591977,5
f60789891f04db4e.jpg,Ileocecal valve,landmark_ring_structure,unclear_view_needs_review,0.415403,0.533356,3
e3ec82a95ceb2c16.jpg,Ileocecal valve,dark_blood_residue,active_bleeding_visible,0.318092,0.524404,2
add62c3a0327d6a1.jpg,Ileocecal valve,raised_round_mass,low_risk_appearance,0.362232,0.476819,1
a3d7c62a07c722fe.jpg,Ileocecal valve,blurred_visibility,retained_foreign_object,0.434678,0.567108,4
63e8ebef90eecbdf.jpg,Ulcer,blurred_visibility,unclear_view_needs_review,0.366742,0.494546,1
011dacab603bdea1.jpg,Ileocecal valve,vascular_red_spots,retained_foreign_object,0.551172,0.611947,5
3d7b35f62c80b6a4.jpg,Ulcer,normal_texture,deep_ulceration_pattern,0.354393,0.49947,1
6fb10cfdeb230e47.jpg,Reduced mucosal view,vascular_red_spots,deep_ulceration_pattern,0.396815,0.519435,3
34cc80253964b816.jpg,Reduced mucosal view,white_crater_lesion,low_risk_appearance,0.36059,0.531877,3
34b246a045c9a5c5.jpg,Reduced mucosal view,dark_blood_residue,low_risk_appearance,0.353242,0.486887,1
2c26051d03376134.jpg,Erosion,raised_round_mass,suspicious_vascular_cluster,0.40736,0.576673,4
9ec408e082739b2e.jpg,Erythema,raised_round_mass,unclear_view_needs_review,0.375949,0.514483,2
2dbd1d7abb32b6f5.jpg,Reduced mucosal view,foreign_object_shape,large_protruding_lesion,0.364791,0.492674,1
d901b62744bad37d.jpg,Ulcer,white_crater_lesion,widespread_inflammation,0.343574,0.487876,1
bd537dec4f256136.jpg,Ileocecal valve,raised_round_mass,widespread_inflammation,0.408137,0.527062,3
69ced1ecbf71bb10.jpg,Erosion,vascular_red_spots,active_bleeding_visible,0.591794,0.644632,5
122479d140274c6a.jpg,Pylorus,red_fluid_region,widespread_inflammation,0.606385,0.610895,5
6bcb47d942fb7baf.jpg,Ulcer,raised_round_mass,suspicious_vascular_cluster,0.492525,0.588414,4
532650159f4eb222.jpg,Ileocecal valve,raised_round_mass,unclear_view_needs_review,0.555804,0.62387,5
f828b9766c29b6f7.jpg,Reduced mucosal view,white_crater_lesion,retained_foreign_object,0.360897,0.489265,1
39aa78cf3cb071f0.jpg,Ileocecal valve,white_crater_lesion,unclear_view_needs_review,0.336317,0.531939,3
09ab7233c36e5b1d.jpg,Angiectasia,blurred_visibility,retained_foreign_object,0.346847,0.500706,1
e9ba3392b9b5711b.jpg,Ulcer,foreign_object_shape,unclear_view_needs_review,0.346807,0.501908,1
2fdd299bcf0da851.jpg,Reduced mucosal view,raised_round_mass,widespread_inflammation,0.346063,0.497762,1
205e73e118c2219c.jpg,Reduced mucosal view,vascular_red_spots,deep_ulceration_pattern,0.35808,0.481102,1
8e00b9ecd3e967cc.jpg,Blood - fresh,inflamed_red_surface,widespread_inflammation,0.573674,0.652138,5
7c49d1b9dd18d22f.jpg,Foreign body,landmark_ring_structure,unclear_view_needs_review,0.416889,0.559447,4
963dc5e53ccf845b.jpg,Reduced mucosal view,vascular_red_spots,large_protruding_lesion,0.334765,0.538071,3
0232f5e4799d08cf.jpg,Ileocecal valve,landmark_ring_structure,active_bleeding_visible,0.347945,0.492287,1
6927e950afda69f8.jpg,Ileocecal valve,vascular_red_spots,widespread_inflammation,0.377718,0.478373,1
a8e497ee52b62ca2.jpg,Reduced mucosal view,foreign_object_shape,suspicious_vascular_cluster,0.371905,0.497259,1
664ccf3ba423a070.jpg,Reduced mucosal view,white_crater_lesion,retained_foreign_object,0.364105,0.586073,4
b95c9e302eef2b9c.jpg,Pylorus,inflamed_red_surface,low_risk_appearance,0.586635,0.618607,5
a4a3da2faa9b7b12.jpg,Reduced mucosal view,blurred_visibility,deep_ulceration_pattern,0.422779,0.50865,2
2933e038db86864e.jpg,Reduced mucosal view,blurred_visibility,low_risk_appearance,0.368907,0.507229,2
a61e4ffdb3d37ab3.jpg,Angiectasia,normal_texture,widespread_inflammation,0.333205,0.485888,1
6dd3008e41d49633.jpg,Ulcer,raised_round_mass,active_bleeding_visible,0.359657,0.489489,1
71a6a804dc23dcc3.jpg,Ileocecal valve,vascular_red_spots,low_risk_appearance,0.352875,0.509086,2
edf3ab7cfdcc9bfd.jpg,Ileocecal valve,normal_texture,unclear_view_needs_review,0.428224,0.526799,3
0e1ca8da5620fd48.jpg,Reduced mucosal view,dark_blood_residue,suspicious_vascular_cluster,0.341865,0.502986,1
328dea81e7364034.jpg,Foreign body,white_crater_lesion,active_bleeding_visible,0.488888,0.573974,4
50a6cc1131147897.jpg,Reduced mucosal view,dark_blood_residue,large_protruding_lesion,0.362941,0.511126,2
4325aea7ccdba9a3.jpg,Lymphangiectasia,landmark_ring_structure,large_protruding_lesion,0.404401,0.523078,3
4c0974a489d933ce.jpg,Ileocecal valve,raised_round_mass,large_protruding_lesion,0.515558,0.586166,4
08dc578e82efb7ca.jpg,Ileocecal valve,white_crater_lesion,suspicious_vascular_cluster,0.431905,0.543675,4
321f7c08f70888aa.jpg,Pylorus,vascular_red_spots,large_protruding_lesion,0.592367,0.587341,5
4bd316ef38e7bbd0.jpg,Reduced mucosal view,raised_round_mass,unclear_view_needs_review,0.365278,0.503588,2
9d5fc9e8be915e4c.jpg,Pylorus,raised_round_mass,low_risk_appearance,0.48723,0.555117,4
881111d10da57c30.jpg,Ileocecal valve,landmark_ring_structure,unclear_view_needs_review,0.393884,0.533034,3
db7b640ee0b009a5.jpg,Ulcer,inflamed_red_surface,suspicious_vascular_cluster,0.596183,0.616206,5
753bc2d826c85ee4.jpg,Ileocecal valve,white_crater_lesion,unclear_view_needs_review,0.368776,0.511655,2
2b60d6346b84fe58.jpg,Ileocecal valve,foreign_object_shape,retained_foreign_object,0.400387,0.524637,3
84d5efb7e2edcc0c.jpg,Reduced mucosal view,normal_texture,retained_foreign_object,0.378716,0.493582,1
d02c9f5c7b31d46e.jpg,Reduced mucosal view,landmark_ring_structure,large_protruding_lesion,0.345442,0.480081,1
010dc57432c8fb2f.jpg,Reduced mucosal view,normal_texture,retained_foreign_object,0.342163,0.542328,3
1a3789945b2568d4.jpg,Pylorus,normal_texture,large_protruding_lesion,0.591181,0.621859,5
32bc5b12fe313d6b.jpg,Ileocecal valve,vascular_red_spots,large_protruding_lesion,0.364944,0.502543,2
1b374ccca623ca42.jpg,Normal clean mucosa,inflamed_red_surface,suspicious_vascular_cluster,0.375338,0.482412,1
aa5620f7428dd268.jpg,Ulcer,blurred_visibility,suspicious_vascular_cluster,0.571417,0.607502,5
998dc23fe913af94.jpg,Reduced mucosal view,foreign_object_shape,widespread_inflammation,0.356834,0.495336,1
fb48c43c95ab0ac2.jpg,Blood - fresh,white_crater_lesion,retained_foreign_object,0.566251,0.621941,5
2cdfb4e69f76adb8.jpg,Pylorus,foreign_object_shape,large_protruding_lesion,0.614919,0.624038,5
585647c5bb74c551.jpg,Pylorus,white_crater_lesion,large_protruding_lesion,0.595831,0.620794,5
f864c1ef49a63b93.jpg,Ileocecal valve,landmark_ring_structure,unclear_view_needs_review,0.398911,0.534835,3
d0da071252fe3e58.jpg,Reduced mucosal view,inflamed_red_surface,unclear_view_needs_review,0.343566,0.550963,3
8086a7dabe3810dd.jpg,Ileocecal valve,landmark_ring_structure,active_bleeding_visible,0.352703,0.5013,1
f6128e488103d768.jpg,Lymphangiectasia,vascular_red_spots,suspicious_vascular_cluster,0.488909,0.55187,4
759bd3e900ca118f.jpg,Ulcer,vascular_red_spots,unclear_view_needs_review,0.450383,0.561235,4
ff997414d94e586c.jpg,Reduced mucosal view,inflamed_red_surface,low_risk_appearance,0.387666,0.552972,4
1b0e6b5b33d65796.jpg,Reduced mucosal view,inflamed_red_surface,unclear_view_needs_review,0.37253,0.491832,1
333c568922beb83e.jpg,Ileocecal valve,raised_round_mass,active_bleeding_visible,0.484911,0.581426,4
88b099e71df6c7e1.jpg,Pylorus,raised_round_mass,deep_ulceration_pattern,0.622581,0.627352,5
7be654fb2ac892cd.jpg,Ileocecal valve,foreign_object_shape,low_risk_appearance,0.343271,0.46809,1
f8bfb770f58588f9.jpg,Ileocecal valve,blurred_visibility,large_protruding_lesion,0.364828,0.486612,1
5d5a8251acb618c3.jpg,Lymphangiectasia,red_fluid_region,low_risk_appearance,0.332913,0.482638,1
a353f0f8b44062ff.jpg,Lymphangiectasia,vascular_red_spots,deep_ulceration_pattern,0.33757,0.51244,2
7786befa8d9fcee0.jpg,Blood - fresh,normal_texture,suspicious_vascular_cluster,0.638269,0.665471,5
fc02e12d371699a8.jpg,Ileocecal valve,blurred_visibility,retained_foreign_object,0.347594,0.505912,2
a095f61ceb494322.jpg,Pylorus,vascular_red_spots,retained_foreign_object,0.594138,0.621051,5
caf89aeb58ccfb6c.jpg,Reduced mucosal view,raised_round_mass,widespread_inflammation,0.358068,0.502154,2
cffd428e5aacc593.jpg,Ileocecal valve,foreign_object_shape,deep_ulceration_pattern,0.355029,0.494884,1
3e4727e62f7fad5b.jpg,Ulcer,dark_blood_residue,large_protruding_lesion,0.358517,0.497069,1
da75dcbfab5e8c04.jpg,Ileocecal valve,foreign_object_shape,unclear_view_needs_review,0.366335,0.532073,3
60ba6063095c7bd8.jpg,Ileocecal valve,red_fluid_region,retained_foreign_object,0.438689,0.560943,4
19b9d3c1d2ad6456.jpg,Reduced mucosal view,landmark_ring_structure,unclear_view_needs_review,0.384686,0.506372,2
5f5ac8328a3f19f8.jpg,Angiectasia,white_crater_lesion,low_risk_appearance,0.353553,0.495162,1
ea4da13bb416b3d0.jpg,Angiectasia,foreign_object_shape,widespread_inflammation,0.330484,0.481575,1
14f4b8515b833114.jpg,Foreign body,normal_texture,widespread_inflammation,0.488059,0.588688,4
596615dc9bb99eb0.jpg,Reduced mucosal view,inflamed_red_surface,active_bleeding_visible,0.368552,0.48387,1
9c1aafb087acd609.jpg,Reduced mucosal view,raised_round_mass,widespread_inflammation,0.3607,0.517725,2
916a3618bd15be48.jpg,Angiectasia,vascular_red_spots,large_protruding_lesion,0.462031,0.554785,4
c29f384be784c264.jpg,Pylorus,dark_blood_residue,active_bleeding_visible,0.430762,0.540771,4
9d973c559f72882a.jpg,Blood - fresh,blurred_visibility,active_bleeding_visible,0.548768,0.626816,5
be631dbeef96013c.jpg,Angiectasia,inflamed_red_surface,active_bleeding_visible,0.336819,0.490611,1
5354ab48f0235af7.jpg,Reduced mucosal view,normal_texture,retained_foreign_object,0.359676,0.493135,1
63ab40e0e1f38e86.jpg,Ileocecal valve,red_fluid_region,low_risk_appearance,0.353859,0.496845,1
7683fa5473c8259e.jpg,Blood - fresh,foreign_object_shape,deep_ulceration_pattern,0.570945,0.637785,5
53d6da9b42ef6f9c.jpg,Foreign body,inflamed_red_surface,widespread_inflammation,0.520984,0.591253,5
f19488cd1f9cc6c2.jpg,Pylorus,dark_blood_residue,active_bleeding_visible,0.619172,0.620024,5
c58c6b82e98c3f52.jpg,Ileocecal valve,foreign_object_shape,widespread_inflammation,0.389073,0.540347,3
ba0afe009c768822.jpg,Reduced mucosal view,vascular_red_spots,retained_foreign_object,0.352138,0.486793,1
4a59c2c0d9dcdd70.jpg,Lymphangiectasia,vascular_red_spots,deep_ulceration_pattern,0.36853,0.516952,2
9cba810421520d6a.jpg,Reduced mucosal view,raised_round_mass,unclear_view_needs_review,0.346457,0.514861,2
753aa2ee45a682e2.jpg,Foreign body,vascular_red_spots,unclear_view_needs_review,0.524062,0.582954,4
462ca57e02402eca.jpg,Ileocecal valve,landmark_ring_structure,suspicious_vascular_cluster,0.396094,0.53029,3
b8597907229847bc.jpg,Reduced mucosal view,raised_round_mass,deep_ulceration_pattern,0.334925,0.545101,3
e881683a492d06f5.jpg,Reduced mucosal view,inflamed_red_surface,widespread_inflammation,0.352953,0.497427,1
0a6415d51b5cdca8.jpg,Erosion,vascular_red_spots,suspicious_vascular_cluster,0.583898,0.635343,5
d2af9d558945ab12.jpg,Lymphangiectasia,blurred_visibility,active_bleeding_visible,0.393127,0.528225,3
104b18ec47e435f6.jpg,Pylorus,dark_blood_residue,widespread_inflammation,0.553362,0.606167,5
45657befd71274e8.jpg,Angiectasia,white_crater_lesion,unclear_view_needs_review,0.525536,0.557733,4
c087a31fcdaefa7b.jpg,Ileocecal valve,vascular_red_spots,deep_ulceration_pattern,0.536035,0.611414,5
60f5ed19382234cf.jpg,Pylorus,inflamed_red_surface,large_protruding_lesion,0.593175,0.599229,5
747eb9bc32ce78a6.jpg,Reduced mucosal view,raised_round_mass,suspicious_vascular_cluster,0.348672,0.512871,2
afa8bc24d7b1ac6a.jpg,Reduced mucosal view,blurred_visibility,suspicious_vascular_cluster,0.381237,0.526486,3
83088528da267cbc.jpg,Ileocecal valve,white_crater_lesion,large_protruding_lesion,0.507755,0.606879,5
99a7ddcd9904307c.jpg,Angiectasia,inflamed_red_surface,suspicious_vascular_cluster,0.355222,0.493264,1
5c2084694f580d93.jpg,Ulcer,landmark_ring_structure,deep_ulceration_pattern,0.350468,0.480843,1
873bfefec3fc3bc4.jpg,Ileocecal valve,inflamed_red_surface,unclear_view_needs_review,0.41578,0.535913,3
33ae8426c5c1ecb6.jpg,Reduced mucosal view,raised_round_mass,large_protruding_lesion,0.344446,0.495635,1
142e85030f9b257a.jpg,Foreign body,normal_texture,low_risk_appearance,0.529634,0.572484,4
78dd5010f06174e4.jpg,Reduced mucosal view,vascular_red_spots,low_risk_appearance,0.331241,0.519017,2
9a77b3e3d6ee1561.jpg,Reduced mucosal view,normal_texture,widespread_inflammation,0.354841,0.479471,1
2f3ef9789a15324a.jpg,Angiectasia,blurred_visibility,retained_foreign_object,0.353992,0.497109,1
e7456f0723acb2ed.jpg,Ileocecal valve,red_fluid_region,active_bleeding_visible,0.400826,0.530422,3
ce0304f873cbef4c.jpg,Ulcer,raised_round_mass,large_protruding_lesion,0.356715,0.498763,1
248f0135d0e2329b.jpg,Reduced mucosal view,blurred_visibility,deep_ulceration_pattern,0.332501,0.511089,2
5c1ab41163cae48e.jpg,Reduced mucosal view,red_fluid_region,retained_foreign_object,0.355284,0.47513,1
2281d8e675d14238.jpg,Pylorus,raised_round_mass,deep_ulceration_pattern,0.579623,0.583738,5
e26b30eb04eaac16.jpg,Pylorus,normal_texture,large_protruding_lesion,0.508864,0.579574,4
4a73eaac3e6c22c0.jpg,Ileocecal valve,blurred_visibility,unclear_view_needs_review,0.381589,0.521439,3
dd7a061593ee65f0.jpg,Reduced mucosal view,raised_round_mass,active_bleeding_visible,0.361927,0.502078,2
ad923211a4efe8d7.jpg,Pylorus,raised_round_mass,active_bleeding_visible,0.406409,0.535677,3
af4a21ca5333c6ff.jpg,Blood - fresh,raised_round_mass,unclear_view_needs_review,0.618727,0.680121,5
a9055669ccbd4d57.jpg,Reduced mucosal view,white_crater_lesion,low_risk_appearance,0.345993,0.495733,1
0c1572431c851991.jpg,Ileocecal valve,normal_texture,large_protruding_lesion,0.340552,0.555587,4
e055d7e92cec0457.jpg,Reduced mucosal view,vascular_red_spots,large_protruding_lesion,0.36212,0.510468,2
b8056bdf177372fb.jpg,Ileocecal valve,dark_blood_residue,unclear_view_needs_review,0.467133,0.528317,4
fbf5fa387cb4fc2a.jpg,Reduced mucosal view,vascular_red_spots,unclear_view_needs_review,0.352213,0.48797,1
c75d8e6ccca40711.jpg,Foreign body,raised_round_mass,large_protruding_lesion,0.351595,0.517478,2
37d0ad632fe629b9.jpg,Foreign body,vascular_red_spots,large_protruding_lesion,0.34321,0.525418,2
211e95cff6a78362.jpg,Ileocecal valve,foreign_object_shape,deep_ulceration_pattern,0.435949,0.531201,3
15f195b8d74e5013.jpg,Ileocecal valve,inflamed_red_surface,deep_ulceration_pattern,0.381594,0.544164,3
b0a280bf2ef72322.jpg,Reduced mucosal view,blurred_visibility,unclear_view_needs_review,0.355794,0.538492,3
812dfc0b5ae0ba9e.jpg,Pylorus,normal_texture,large_protruding_lesion,0.600682,0.605735,5
263d4c6ef0923d70.jpg,Reduced mucosal view,raised_round_mass,retained_foreign_object,0.353536,0.50361,2
424c26ba52045107.jpg,Ileocecal valve,raised_round_mass,deep_ulceration_pattern,0.432013,0.539847,4
b55a7e4a036e90fb.jpg,Pylorus,blurred_visibility,unclear_view_needs_review,0.523806,0.582796,4
012018b8b4c59707.jpg,Erythema,red_fluid_region,widespread_inflammation,0.473261,0.53062,4
c091534302f1ce8a.jpg,Erosion,inflamed_red_surface,deep_ulceration_pattern,0.367546,0.523217,2
cf959191f59d4fca.jpg,Ulcer,blurred_visibility,deep_ulceration_pattern,0.352438,0.48851,1
a7c1ec85fa43c3bb.jpg,Angiectasia,inflamed_red_surface,widespread_inflammation,0.466601,0.569023,4
1d04b3695d2ae969.jpg,Ileocecal valve,landmark_ring_structure,active_bleeding_visible,0.432283,0.549538,4
d272b023ac58fc0c.jpg,Pylorus,normal_texture,retained_foreign_object,0.601696,0.609554,5
36b90148784417db.jpg,Reduced mucosal view,landmark_ring_structure,unclear_view_needs_review,0.355651,0.479984,1
d25bc60c53eb2ddb.jpg,Ileocecal valve,raised_round_mass,low_risk_appearance,0.356766,0.518519,2
bf913302eb1b146c.jpg,Reduced mucosal view,inflamed_red_surface,retained_foreign_object,0.362799,0.539087,3
c54269e01ffe6fb5.jpg,Reduced mucosal view,blurred_visibility,widespread_inflammation,0.352832,0.533545,3
e2da84f855eea2d8.jpg,Angiectasia,blurred_visibility,widespread_inflammation,0.342961,0.48548,1
7b163b26c29051d3.jpg,Reduced mucosal view,dark_blood_residue,large_protruding_lesion,0.347263,0.511123,2
4031f31a5ffd46ba.jpg,Foreign body,red_fluid_region,low_risk_appearance,0.488368,0.570384,4
d1df1bd7fa70b749.jpg,Ileocecal valve,blurred_visibility,unclear_view_needs_review,0.390192,0.48163,1
bd8cc1617da83900.jpg,Reduced mucosal view,vascular_red_spots,suspicious_vascular_cluster,0.367744,0.499902,2
9198fd28682337dd.jpg,Ulcer,foreign_object_shape,unclear_view_needs_review,0.590401,0.588554,5
d314eed1b182c0df.jpg,Pylorus,foreign_object_shape,unclear_view_needs_review,0.614484,0.615821,5
932ccadcb5f6eb4c.jpg,Reduced mucosal view,blurred_visibility,deep_ulceration_pattern,0.374424,0.529088,3
bc76434ca1b55843.jpg,Reduced mucosal view,red_fluid_region,large_protruding_lesion,0.365566,0.478375,1
57bb7c6550647896.jpg,Ileocecal valve,red_fluid_region,deep_ulceration_pattern,0.375793,0.53017,3
8fdfb618a6183780.jpg,Lymphangiectasia,raised_round_mass,retained_foreign_object,0.374352,0.511844,2
47fdba40cb02812f.jpg,Ileocecal valve,white_crater_lesion,suspicious_vascular_cluster,0.413091,0.533795,3
64262a67e5629fa2.jpg,Foreign body,blurred_visibility,active_bleeding_visible,0.444916,0.565718,4
8d46d27c6b7f9608.jpg,Foreign body,raised_round_mass,suspicious_vascular_cluster,0.39589,0.548909,4
2f7a82a983677162.jpg,Reduced mucosal view,red_fluid_region,deep_ulceration_pattern,0.336323,0.582164,4
a4d447aa5f8c6de3.jpg,Ileocecal valve,normal_texture,suspicious_vascular_cluster,0.374835,0.524478,3
995e158a7210a365.jpg,Ileocecal valve,dark_blood_residue,suspicious_vascular_cluster,0.410666,0.51926,3
e5ef7c17b92b6364.jpg,Ileocecal valve,white_crater_lesion,large_protruding_lesion,0.429646,0.530823,3
feecc307cd65b493.jpg,Foreign body,blurred_visibility,active_bleeding_visible,0.363792,0.532358,3
44a063d3729bf83d.jpg,Ileocecal valve,landmark_ring_structure,suspicious_vascular_cluster,0.561475,0.612086,5
73043a33b3dc5d2e.jpg,Blood - fresh,dark_blood_residue,unclear_view_needs_review,0.623375,0.655869,5
ff166cf1e33594ca.jpg,Ileocecal valve,blurred_visibility,deep_ulceration_pattern,0.398074,0.522177,3
df41d627c0872555.jpg,Blood - fresh,vascular_red_spots,retained_foreign_object,0.583582,0.615851,5
ec56b541e9c124dc.jpg,Pylorus,red_fluid_region,deep_ulceration_pattern,0.576654,0.645839,5
7158db6bf88ba63f.jpg,Erosion,inflamed_red_surface,suspicious_vascular_cluster,0.579046,0.624353,5
7066f870c2ca4402.jpg,Ileocecal valve,normal_texture,suspicious_vascular_cluster,0.363761,0.480439,1
17f1c5a28efb4e5e.jpg,Reduced mucosal view,raised_round_mass,widespread_inflammation,0.336077,0.545132,3
ae04fbea15ff1093.jpg,Blood - fresh,red_fluid_region,low_risk_appearance,0.565252,0.651396,5
241324a890435f59.jpg,Ileocecal valve,normal_texture,large_protruding_lesion,0.38159,0.501293,2
5a7b73c5e7630599.jpg,Ileocecal valve,dark_blood_residue,retained_foreign_object,0.382533,0.521536,3
4a21d8d75d642353.jpg,Normal clean mucosa,dark_blood_residue,widespread_inflammation,0.37249,0.489044,1
ead079799462d916.jpg,Reduced mucosal view,white_crater_lesion,retained_foreign_object,0.363914,0.485925,1
b182f11501804cb4.jpg,Foreign body,vascular_red_spots,active_bleeding_visible,0.330095,0.519041,2
54640df135d37060.jpg,Angiectasia,inflamed_red_surface,widespread_inflammation,0.369357,0.506064,2
54e421ac9b5c86bc.jpg,Lymphangiectasia,red_fluid_region,suspicious_vascular_cluster,0.36801,0.520367,2
6aadd132db8e142b.jpg,Ileocecal valve,inflamed_red_surface,suspicious_vascular_cluster,0.387095,0.535991,3
258965ee2f7e3f8d.jpg,Angiectasia,normal_texture,low_risk_appearance,0.338359,0.485882,1
65d7485da50a839d.jpg,Reduced mucosal view,raised_round_mass,large_protruding_lesion,0.333971,0.528527,2
9b44fdd3859941ad.jpg,Ulcer,landmark_ring_structure,active_bleeding_visible,0.361232,0.487974,1
a62a4b0d14754557.jpg,Ulcer,raised_round_mass,retained_foreign_object,0.584877,0.579929,5
bda52631d3632526.jpg,Pylorus,raised_round_mass,unclear_view_needs_review,0.511764,0.570494,4
b84309134f4609d0.jpg,Foreign body,landmark_ring_structure,large_protruding_lesion,0.395841,0.541122,3
1b41cad0b8b25de3.jpg,Reduced mucosal view,red_fluid_region,deep_ulceration_pattern,0.343389,0.494339,1
29969aeb7f6e71fd.jpg,Reduced mucosal view,blurred_visibility,retained_foreign_object,0.355086,0.532411,3
dbd50a82225fd9d0.jpg,Ileocecal valve,foreign_object_shape,large_protruding_lesion,0.394411,0.527249,3
f854ee432dba7f0f.jpg,Erythema,inflamed_red_surface,retained_foreign_object,0.407539,0.518002,3
ba72aaa4c20d0be2.jpg,Blood - fresh,red_fluid_region,widespread_inflammation,0.63309,0.654239,5
9ba760021a820885.jpg,Reduced mucosal view,white_crater_lesion,deep_ulceration_pattern,0.354602,0.537719,3
65a8225e99477e7f.jpg,Reduced mucosal view,blurred_visibility,large_protruding_lesion,0.365047,0.521339,2
254aa0ad47941bbc.jpg,Reduced mucosal view,white_crater_lesion,retained_foreign_object,0.360127,0.483345,1
2ea90c813bb0ec8e.jpg,Ileocecal valve,dark_blood_residue,deep_ulceration_pattern,0.378409,0.509899,2
bb57d320fe3073c0.jpg,Ileocecal valve,dark_blood_residue,unclear_view_needs_review,0.380307,0.519346,2
35b60e43066c0060.jpg,Reduced mucosal view,landmark_ring_structure,low_risk_appearance,0.372216,0.550991,4
9b1dc56096736013.jpg,Reduced mucosal view,raised_round_mass,large_protruding_lesion,0.372788,0.4822,1
2dcf77134ce534e3.jpg,Reduced mucosal view,blurred_visibility,large_protruding_lesion,0.356255,0.541869,3
a2a39057283cde13.jpg,Angiectasia,white_crater_lesion,suspicious_vascular_cluster,0.375716,0.509091,2
8ad29270ca1ec278.jpg,Ileocecal valve,red_fluid_region,retained_foreign_object,0.398878,0.529169,3
4bd60cebddade0d9.jpg,Ileocecal valve,landmark_ring_structure,active_bleeding_visible,0.363071,0.479789,1
e85522f5ca3bdefa.jpg,Blood - fresh,red_fluid_region,widespread_inflammation,0.63163,0.658883,5
fcd6484e92f28752.jpg,Ampulla of vater,foreign_object_shape,unclear_view_needs_review,0.568565,0.610485,5
ac40a920b4a2e332.jpg,Pylorus,inflamed_red_surface,large_protruding_lesion,0.465942,0.537599,4
593cfc316e5de3c3.jpg,Reduced mucosal view,blurred_visibility,unclear_view_needs_review,0.356961,0.575273,4
6ee86ed4aff3f7a2.jpg,Foreign body,normal_texture,suspicious_vascular_cluster,0.362337,0.540144,3
3c455d65c3c569c6.jpg,Ileocecal valve,landmark_ring_structure,deep_ulceration_pattern,0.447056,0.512144,3
c7a56359fb6e5013.jpg,Ileocecal valve,normal_texture,active_bleeding_visible,0.359786,0.477877,1
cf693ea8c79ce3bc.jpg,Ulcer,landmark_ring_structure,low_risk_appearance,0.595778,0.595308,5
4ec8d1fc5268899a.jpg,Reduced mucosal view,normal_texture,suspicious_vascular_cluster,0.384482,0.52846,3
f86680403b051032.jpg,Ileocecal valve,inflamed_red_surface,large_protruding_lesion,0.349361,0.473025,1
8b3beb2433b00ef5.jpg,Ileocecal valve,inflamed_red_surface,low_risk_appearance,0.351655,0.494585,1
8769edccac987fe7.jpg,Pylorus,vascular_red_spots,suspicious_vascular_cluster,0.589643,0.611164,5
3f8e809ce7171f8e.jpg,Ulcer,white_crater_lesion,unclear_view_needs_review,0.355532,0.490139,1
e36ed0957e11081c.jpg,Pylorus,blurred_visibility,widespread_inflammation,0.532258,0.598012,5
b1bd8539e99d38d9.jpg,Ileocecal valve,inflamed_red_surface,low_risk_appearance,0.432233,0.526284,3
9aa18a93bbfafbf5.jpg,Reduced mucosal view,landmark_ring_structure,widespread_inflammation,0.349072,0.560225,4
4ffb3be61086bec2.jpg,Reduced mucosal view,normal_texture,retained_foreign_object,0.344448,0.517641,2
865a37a6d3a21acd.jpg,Ileocecal valve,landmark_ring_structure,unclear_view_needs_review,0.365151,0.509954,2
8d7553cab47c17e8.jpg,Reduced mucosal view,blurred_visibility,retained_foreign_object,0.366579,0.516019,2
d74b4ed11db46f21.jpg,Reduced mucosal view,inflamed_red_surface,widespread_inflammation,0.411437,0.502523,2
7285d3060b1b279c.jpg,Blood - fresh,white_crater_lesion,suspicious_vascular_cluster,0.559222,0.624627,5
d385bb646000351f.jpg,Ulcer,normal_texture,deep_ulceration_pattern,0.359515,0.499431,1
7efbd2a2d1653e12.jpg,Ileocecal valve,dark_blood_residue,large_protruding_lesion,0.41352,0.527184,3
07b4988dcbf4427a.jpg,Reduced mucosal view,landmark_ring_structure,low_risk_appearance,0.355423,0.493615,1
862d496baf1e6c29.jpg,Foreign body,normal_texture,deep_ulceration_pattern,0.528262,0.592436,5
c30255c942827491.jpg,Ileocecal valve,foreign_object_shape,unclear_view_needs_review,0.364508,0.492314,1
3a139a7e88bd4481.jpg,Ileocecal valve,red_fluid_region,widespread_inflammation,0.375794,0.478945,1
0b643e5fe0520358.jpg,Ileocecal valve,vascular_red_spots,low_risk_appearance,0.460986,0.544885,4
1d565ae3efa0f7cb.jpg,Pylorus,white_crater_lesion,widespread_inflammation,0.573807,0.605046,5
fb9c0d97c050611e.jpg,Ileocecal valve,red_fluid_region,suspicious_vascular_cluster,0.347774,0.515867,2
592f7aa7d95c4d21.jpg,Reduced mucosal view,dark_blood_residue,low_risk_appearance,0.363622,0.507959,2
c8ca11af00558b01.jpg,Reduced mucosal view,normal_texture,large_protruding_lesion,0.3448,0.520098,2
362e72118e3ac325.jpg,Ileocecal valve,raised_round_mass,retained_foreign_object,0.355372,0.505939,2
a10601bbaf1c1175.jpg,Reduced mucosal view,white_crater_lesion,widespread_inflammation,0.365909,0.500951,2
e46b37939d7b3ff3.jpg,Blood - fresh,vascular_red_spots,deep_ulceration_pattern,0.633376,0.668319,5
475fc0a3c502ef95.jpg,Ileocecal valve,dark_blood_residue,suspicious_vascular_cluster,0.371793,0.478161,1
72fc2023d2c2883a.jpg,Reduced mucosal view,red_fluid_region,suspicious_vascular_cluster,0.348742,0.520148,2
323035cc77544946.jpg,Ampulla of vater,raised_round_mass,active_bleeding_visible,0.502675,0.565209,4
436e24ad335e3785.jpg,Angiectasia,dark_blood_residue,deep_ulceration_pattern,0.340879,0.487662,1
86c04895e8654a20.jpg,Ulcer,inflamed_red_surface,low_risk_appearance,0.570422,0.598852,5
e2de7469f8560665.jpg,Reduced mucosal view,red_fluid_region,unclear_view_needs_review,0.375186,0.490483,1
b4cdb712af60cae7.jpg,Angiectasia,blurred_visibility,large_protruding_lesion,0.34919,0.49082,1
e75d73007c87b2cf.jpg,Angiectasia,normal_texture,widespread_inflammation,0.347878,0.490182,1
0627d95fd4494efb.jpg,Ileocecal valve,inflamed_red_surface,active_bleeding_visible,0.394104,0.518886,3
21f4f8a337c629e7.jpg,Blood - fresh,vascular_red_spots,large_protruding_lesion,0.557326,0.632072,5
0380e27b697dc5e5.jpg,Ileocecal valve,white_crater_lesion,retained_foreign_object,0.38941,0.513693,2
b9f8531ff46e373f.jpg,Ulcer,landmark_ring_structure,deep_ulceration_pattern,0.399629,0.543113,4
7da6e1441199ffa0.jpg,Ulcer,foreign_object_shape,suspicious_vascular_cluster,0.36265,0.498185,1
1c24c26c1ca70d16.jpg,Ileocecal valve,foreign_object_shape,unclear_view_needs_review,0.422049,0.530493,3
9755e7071aed1439.jpg,Blood - fresh,dark_blood_residue,widespread_inflammation,0.616178,0.66839,5
1d0b70de84df164e.jpg,Angiectasia,white_crater_lesion,active_bleeding_visible,0.373357,0.499556,2
6c3d638659647f7f.jpg,Pylorus,raised_round_mass,unclear_view_needs_review,0.410008,0.535078,3
1a11f69e0c2b3f54.jpg,Ileocecal valve,inflamed_red_surface,widespread_inflammation,0.36605,0.505395,2
794aa23eec1993d3.jpg,Reduced mucosal view,white_crater_lesion,large_protruding_lesion,0.358726,0.521207,2
fa2f54f51c47bc67.jpg,Angiectasia,foreign_object_shape,active_bleeding_visible,0.337545,0.487687,1
7f7fe7a05b4704ea.jpg,Pylorus,vascular_red_spots,low_risk_appearance,0.585042,0.600391,5
a426283ed73aec96.jpg,Ileocecal valve,vascular_red_spots,suspicious_vascular_cluster,0.542177,0.62274,5
b0f11e7bfb74f62a.jpg,Erythema,normal_texture,large_protruding_lesion,0.372281,0.521735,2
56c2b2baec218e0e.jpg,Ileocecal valve,inflamed_red_surface,deep_ulceration_pattern,0.381054,0.536488,3
681caf80cf6d7735.jpg,Reduced mucosal view,blurred_visibility,large_protruding_lesion,0.370519,0.477415,1
66fbb96c76fb0f39.jpg,Lymphangiectasia,raised_round_mass,large_protruding_lesion,0.526972,0.580258,4
c5e92fef85c35f75.jpg,Ileocecal valve,normal_texture,unclear_view_needs_review,0.548542,0.616845,5
981f3f870b1e45dc.jpg,Reduced mucosal view,blurred_visibility,deep_ulceration_pattern,0.366624,0.517105,2
07db46709b1c3c65.jpg,Pylorus,white_crater_lesion,unclear_view_needs_review,0.538344,0.561737,4
f4638e62e50c1b68.jpg,Ileocecal valve,red_fluid_region,deep_ulceration_pattern,0.408687,0.534804,3
6b097ca06e55e21d.jpg,Pylorus,raised_round_mass,unclear_view_needs_review,0.512673,0.539844,4
c8f3bc489f4e4f31.jpg,Reduced mucosal view,inflamed_red_surface,deep_ulceration_pattern,0.356193,0.530111,3
0c6736fec8a9c32f.jpg,Ileocecal valve,vascular_red_spots,unclear_view_needs_review,0.380127,0.502986,2
fbd400083e931ea8.jpg,Erosion,foreign_object_shape,deep_ulceration_pattern,0.405404,0.57461,4
5f46677ba0e11504.jpg,Ileocecal valve,dark_blood_residue,active_bleeding_visible,0.363912,0.506936,2
1ee6fb8e7a6e60cb.jpg,Ileocecal valve,inflamed_red_surface,low_risk_appearance,0.36131,0.532078,3
6c5853af0e85bf4b.jpg,Reduced mucosal view,red_fluid_region,large_protruding_lesion,0.342097,0.553647,3
b49ba7a656de0ea8.jpg,Ulcer,landmark_ring_structure,unclear_view_needs_review,0.590468,0.590202,5
30703ed1324d1cc2.jpg,Reduced mucosal view,raised_round_mass,suspicious_vascular_cluster,0.339878,0.558541,4
de776540eb0edcce.jpg,Ileocecal valve,foreign_object_shape,suspicious_vascular_cluster,0.406172,0.524066,3
6af1af9bfdc4b859.jpg,Reduced mucosal view,inflamed_red_surface,unclear_view_needs_review,0.360511,0.511966,2
99eff53ce4e137de.jpg,Ulcer,landmark_ring_structure,low_risk_appearance,0.358769,0.486092,1
2c292d5feb82f448.jpg,Ileocecal valve,white_crater_lesion,active_bleeding_visible,0.40104,0.5347,3
9c10d800debb0442.jpg,Pylorus,landmark_ring_structure,suspicious_vascular_cluster,0.478169,0.546391,4
8ee0b32314c9f766.jpg,Ileocecal valve,vascular_red_spots,widespread_inflammation,0.342304,0.573356,4
ae0b9d23b45eef66.jpg,Lymphangiectasia,vascular_red_spots,retained_foreign_object,0.400696,0.541009,4
182093ecb91468df.jpg,Foreign body,foreign_object_shape,unclear_view_needs_review,0.359975,0.52804,3
1662112614cfed05.jpg,Ileocecal valve,blurred_visibility,retained_foreign_object,0.38179,0.518561,2
39ca19e2c6c876c8.jpg,Normal clean mucosa,blurred_visibility,unclear_view_needs_review,0.403719,0.495082,2
98a0e5480ac32b69.jpg,Ulcer,white_crater_lesion,deep_ulceration_pattern,0.585487,0.594781,5
1a894b79b814bd27.jpg,Angiectasia,white_crater_lesion,active_bleeding_visible,0.35501,0.495066,1
0ab2823218376c29.jpg,Pylorus,inflamed_red_surface,suspicious_vascular_cluster,0.616555,0.623023,5
afc1c4e289213f2c.jpg,Angiectasia,normal_texture,active_bleeding_visible,0.355741,0.489106,1
83df55d6229ea2f2.jpg,Ileocecal valve,blurred_visibility,deep_ulceration_pattern,0.373316,0.489992,1
a15212edabbdc384.jpg,Ulcer,blurred_visibility,large_protruding_lesion,0.348646,0.485792,1
c0aeed72418efaf4.jpg,Ileocecal valve,foreign_object_shape,suspicious_vascular_cluster,0.350464,0.470755,1
26614314babad5ea.jpg,Ulcer,raised_round_mass,low_risk_appearance,0.35929,0.473392,1
9830dbba3c6a200b.jpg,Foreign body,dark_blood_residue,widespread_inflammation,0.382406,0.568025,4
59cb3fe0e8cd99f3.jpg,Foreign body,inflamed_red_surface,retained_foreign_object,0.35195,0.529634,3
99c947ffed885297.jpg,Blood - fresh,red_fluid_region,suspicious_vascular_cluster,0.633399,0.654011,5
47dacf06b25f2f7c.jpg,Ileocecal valve,landmark_ring_structure,retained_foreign_object,0.344539,0.513967,2
0b55fcbb376220c4.jpg,Pylorus,red_fluid_region,deep_ulceration_pattern,0.566972,0.588536,5
63d3ab47eb4cbfc9.jpg,Ileocecal valve,white_crater_lesion,suspicious_vascular_cluster,0.475347,0.56751,4
0b89bfa337c3d3fa.jpg,Ileocecal valve,raised_round_mass,unclear_view_needs_review,0.365479,0.484133,1
fb2fd0b85a420ba9.jpg,Ileocecal valve,white_crater_lesion,unclear_view_needs_review,0.390661,0.510087,2
703bf74f94344bda.jpg,Ileocecal valve,landmark_ring_structure,low_risk_appearance,0.388715,0.502752,2
4f325cca9aa21030.jpg,Angiectasia,red_fluid_region,large_protruding_lesion,0.339172,0.488685,1
9fe761e8ad7706df.jpg,Ileocecal valve,foreign_object_shape,widespread_inflammation,0.451089,0.557929,4
aae2d42b81aa4f61.jpg,Ulcer,raised_round_mass,unclear_view_needs_review,0.357283,0.484347,1
235e81726b428bd7.jpg,Ileocecal valve,red_fluid_region,active_bleeding_visible,0.413664,0.520112,3
558a7784ff1e1272.jpg,Erosion,landmark_ring_structure,retained_foreign_object,0.410518,0.5645,4
7696adeab98acb9e.jpg,Ulcer,foreign_object_shape,active_bleeding_visible,0.343308,0.485074,1
2ab4db8fa9ba2838.jpg,Foreign body,inflamed_red_surface,suspicious_vascular_cluster,0.392199,0.5433,4
46c20b5e37369ba6.jpg,Ileocecal valve,raised_round_mass,active_bleeding_visible,0.378865,0.524777,3
fa7a1534e7bc5439.jpg,Ileocecal valve,blurred_visibility,active_bleeding_visible,0.430187,0.546966,4
f0cee70e902c75a2.jpg,Reduced mucosal view,white_crater_lesion,suspicious_vascular_cluster,0.357607,0.540064,3
86d5a70604b5fee4.jpg,Ileocecal valve,white_crater_lesion,widespread_inflammation,0.363376,0.514241,2
cebcb299c1c7ae74.jpg,Reduced mucosal view,red_fluid_region,deep_ulceration_pattern,0.338269,0.548523,3
027caa3dbd032e6b.jpg,Reduced mucosal view,landmark_ring_structure,widespread_inflammation,0.36712,0.485969,1
584eff041293f424.jpg,Reduced mucosal view,white_crater_lesion,suspicious_vascular_cluster,0.354723,0.514588,2
a271331fc96f0bd6.jpg,Foreign body,raised_round_mass,unclear_view_needs_review,0.51823,0.587546,4
2dd346028749378b.jpg,Pylorus,landmark_ring_structure,suspicious_vascular_cluster,0.574602,0.616576,5
af6b8433aaf68a51.jpg,Ileocecal valve,foreign_object_shape,unclear_view_needs_review,0.41786,0.506032,2
829866b4f3e46ccd.jpg,Reduced mucosal view,white_crater_lesion,retained_foreign_object,0.369894,0.487993,1
4d3db23078a0da6b.jpg,Pylorus,landmark_ring_structure,retained_foreign_object,0.580709,0.608039,5
90e2eb1bdea2def5.jpg,Blood - fresh,landmark_ring_structure,widespread_inflammation,0.57905,0.630681,5
2416883ffd9a589e.jpg,Ileocecal valve,white_crater_lesion,low_risk_appearance,0.348214,0.557752,4
fec4cb24027fbfd9.jpg,Pylorus,raised_round_mass,low_risk_appearance,0.541236,0.573819,4
1fe6ccd1a9a932b3.jpg,Ileocecal valve,foreign_object_shape,unclear_view_needs_review,0.452933,0.549286,4
92aafad6d495821a.jpg,Reduced mucosal view,inflamed_red_surface,large_protruding_lesion,0.354808,0.486797,1
b4df78d07a2ec85e.jpg,Pylorus,raised_round_mass,suspicious_vascular_cluster,0.593743,0.617556,5
2cb44c6aeae003d8.jpg,Ileocecal valve,vascular_red_spots,retained_foreign_object,0.379673,0.516976,2
5af63a00de111c49.jpg,Reduced mucosal view,white_crater_lesion,deep_ulceration_pattern,0.383357,0.518945,2
26ad73967867c3cc.jpg,Ileocecal valve,white_crater_lesion,active_bleeding_visible,0.443892,0.54456,4
98b8c0411187a7b6.jpg,Ileocecal valve,dark_blood_residue,large_protruding_lesion,0.39002,0.519281,3
ec54d37e47f393b8.jpg,Ileocecal valve,foreign_object_shape,active_bleeding_visible,0.326286,0.487581,1
88216fb843c8aaa8.jpg,Ileocecal valve,vascular_red_spots,large_protruding_lesion,0.532379,0.610202,5
ea53d2283723c259.jpg,Ileocecal valve,raised_round_mass,unclear_view_needs_review,0.447509,0.540447,4
374ec2dab377eafe.jpg,Pylorus,blurred_visibility,suspicious_vascular_cluster,0.609841,0.627784,5
94b226f924b94de7.jpg,Reduced mucosal view,landmark_ring_structure,retained_foreign_object,0.366678,0.529636,3
36a3011399ec6237.jpg,Ileocecal valve,blurred_visibility,widespread_inflammation,0.377714,0.518093,2
6925bd24163383e1.jpg,Reduced mucosal view,white_crater_lesion,deep_ulceration_pattern,0.356783,0.509464,2
828386167a989b9f.jpg,Pylorus,raised_round_mass,deep_ulceration_pattern,0.564762,0.592336,5
42ad640c8126f928.jpg,Ileocecal valve,foreign_object_shape,suspicious_vascular_cluster,0.400403,0.536621,3
caf42e312b6e0b6b.jpg,Ileocecal valve,blurred_visibility,deep_ulceration_pattern,0.376052,0.514178,2
fe255f4a62516b84.jpg,Erythema,white_crater_lesion,deep_ulceration_pattern,0.469333,0.539785,4
7ae26538b1f338cf.jpg,Ileocecal valve,red_fluid_region,unclear_view_needs_review,0.453984,0.52658,3
c459b7a86767f80f.jpg,Reduced mucosal view,landmark_ring_structure,widespread_inflammation,0.357672,0.545026,3
e38438642f2d0b2b.jpg,Ileocecal valve,landmark_ring_structure,unclear_view_needs_review,0.352645,0.48515,1
82bb505e2c229ee7.jpg,Reduced mucosal view,foreign_object_shape,retained_foreign_object,0.338247,0.515804,2
0a1531ee20d843be.jpg,Pylorus,inflamed_red_surface,suspicious_vascular_cluster,0.611044,0.617164,5
2f878c1c437681f4.jpg,Pylorus,red_fluid_region,suspicious_vascular_cluster,0.60008,0.624044,5
f15685bfffa6c03b.jpg,Lymphangiectasia,red_fluid_region,deep_ulceration_pattern,0.4786,0.549043,4
bd696018b920505f.jpg,Ileocecal valve,raised_round_mass,retained_foreign_object,0.365286,0.516641,2
95a060e55939ef4a.jpg,Reduced mucosal view,inflamed_red_surface,low_risk_appearance,0.369862,0.493604,1
de3923fc5df9663e.jpg,Lymphangiectasia,white_crater_lesion,large_protruding_lesion,0.380398,0.514406,2
78d809e81e123ad6.jpg,Erosion,raised_round_mass,deep_ulceration_pattern,0.398233,0.568379,4
6fc60ee9b3c53a53.jpg,Foreign body,landmark_ring_structure,widespread_inflammation,0.392968,0.53653,3
7a801cdb68de7bf6.jpg,Normal clean mucosa,red_fluid_region,large_protruding_lesion,0.431061,0.538693,4
0c975b816372b7ad.jpg,Pylorus,blurred_visibility,large_protruding_lesion,0.473578,0.55135,4
96fe0db26058bbed.jpg,Ileocecal valve,inflamed_red_surface,deep_ulceration_pattern,0.431325,0.515107,3
925fbde9270dd9d1.jpg,Reduced mucosal view,dark_blood_residue,widespread_inflammation,0.343007,0.534366,3
09ed99e088423bc5.jpg,Ileocecal valve,raised_round_mass,active_bleeding_visible,0.382825,0.513476,2
685e2503f1c2a332.jpg,Ileocecal valve,foreign_object_shape,deep_ulceration_pattern,0.437913,0.547893,4
3a877ce2596cae91.jpg,Reduced mucosal view,foreign_object_shape,active_bleeding_visible,0.363986,0.506714,2
242367dfaac3578e.jpg,Blood - fresh,inflamed_red_surface,large_protruding_lesion,0.62622,0.65083,5
7cb364988e1eb5d2.jpg,Reduced mucosal view,foreign_object_shape,large_protruding_lesion,0.413173,0.532475,3
f304875a9fe47d4b.jpg,Foreign body,normal_texture,active_bleeding_visible,0.374148,0.553336,4
3a74cf322fb5e9be.jpg,Pylorus,white_crater_lesion,low_risk_appearance,0.605294,0.611075,5
6237c72044b301bb.jpg,Lymphangiectasia,raised_round_mass,suspicious_vascular_cluster,0.329828,0.522685,2
d6181cbdfa97b3e7.jpg,Pylorus,red_fluid_region,deep_ulceration_pattern,0.473944,0.55259,4
461f3f278ba068ce.jpg,Pylorus,blurred_visibility,deep_ulceration_pattern,0.615621,0.608703,5
3f23e6932ecec58c.jpg,Foreign body,vascular_red_spots,suspicious_vascular_cluster,0.524126,0.570511,4
e0640524355865b2.jpg,Reduced mucosal view,white_crater_lesion,low_risk_appearance,0.345094,0.513075,2
45dd00a8d93e0bb2.jpg,Ileocecal valve,red_fluid_region,unclear_view_needs_review,0.318153,0.520355,2
506494e6cd9b9332.jpg,Ileocecal valve,dark_blood_residue,suspicious_vascular_cluster,0.335354,0.526354,2
9b721eacde03b628.jpg,Angiectasia,raised_round_mass,deep_ulceration_pattern,0.541559,0.599098,5
c86b4710598ce431.jpg,Reduced mucosal view,landmark_ring_structure,widespread_inflammation,0.354074,0.568023,4
c69e54cd9f3ebc56.jpg,Reduced mucosal view,inflamed_red_surface,large_protruding_lesion,0.363629,0.480016,1
cfa8ab893ddfcdb1.jpg,Reduced mucosal view,vascular_red_spots,unclear_view_needs_review,0.353599,0.481175,1
75e295a3d4a04aa4.jpg,Pylorus,foreign_object_shape,large_protruding_lesion,0.602474,0.605935,5
dc344461854b362e.jpg,Angiectasia,normal_texture,retained_foreign_object,0.378736,0.501546,2
a783927270eb7775.jpg,Foreign body,red_fluid_region,unclear_view_needs_review,0.43627,0.562396,4
89d30fa5f64c4fd4.jpg,Reduced mucosal view,blurred_visibility,active_bleeding_visible,0.34427,0.497462,1
a79c4bd0569e7a61.jpg,Ileocecal valve,white_crater_lesion,unclear_view_needs_review,0.394144,0.545549,4
bca218e8d32db992.jpg,Reduced mucosal view,normal_texture,low_risk_appearance,0.379102,0.542639,3
7d4847ec81806729.jpg,Angiectasia,white_crater_lesion,suspicious_vascular_cluster,0.363728,0.498771,1
bbbe8cab7f18a6a1.jpg,Reduced mucosal view,blurred_visibility,suspicious_vascular_cluster,0.352484,0.552019,3
58eb5ae7be642138.jpg,Polyp,blurred_visibility,unclear_view_needs_review,0.497269,0.582546,4
1ee8968dc1286a15.jpg,Ileocecal valve,foreign_object_shape,large_protruding_lesion,0.495095,0.609335,5
9db805d84c735d24.jpg,Reduced mucosal view,red_fluid_region,unclear_view_needs_review,0.341246,0.495912,1
480d503be4f1fb14.jpg,Reduced mucosal view,inflamed_red_surface,retained_foreign_object,0.343711,0.521414,2
c5bdfac2a4a8437a.jpg,Angiectasia,landmark_ring_structure,active_bleeding_visible,0.582968,0.603607,5
bad8121b927cb705.jpg,Ileocecal valve,dark_blood_residue,suspicious_vascular_cluster,0.430855,0.543184,4
7f52bd1a4070a0cb.jpg,Angiectasia,vascular_red_spots,active_bleeding_visible,0.349391,0.489927,1
60436b3b7ae8f611.jpg,Ileocecal valve,foreign_object_shape,widespread_inflammation,0.363474,0.48019,1
f9d88636ae0af645.jpg,Foreign body,foreign_object_shape,retained_foreign_object,0.356678,0.534577,3
66796421c5f6fada.jpg,Pylorus,red_fluid_region,large_protruding_lesion,0.452169,0.547592,4
9588e5dc48a30964.jpg,Angiectasia,white_crater_lesion,unclear_view_needs_review,0.355325,0.494463,1
607ce201284f0831.jpg,Ileocecal valve,landmark_ring_structure,active_bleeding_visible,0.400161,0.511863,2
20d3c9756c9f22c0.jpg,Ileocecal valve,foreign_object_shape,widespread_inflammation,0.396393,0.506711,2
e0c072f639b48357.jpg,Reduced mucosal view,vascular_red_spots,large_protruding_lesion,0.343374,0.501445,1
c9d203156fdf09a7.jpg,Blood - fresh,foreign_object_shape,suspicious_vascular_cluster,0.61708,0.652757,5
608efcd1eec5a94a.jpg,Ileocecal valve,blurred_visibility,deep_ulceration_pattern,0.43648,0.539919,4
1f5d52c4eb42d6a1.jpg,Ulcer,inflamed_red_surface,unclear_view_needs_review,0.34608,0.500978,1
cd885f2bdce1a5c8.jpg,Ileocecal valve,blurred_visibility,widespread_inflammation,0.387874,0.515965,2
b39c09423057d0fc.jpg,Angiectasia,foreign_object_shape,active_bleeding_visible,0.326729,0.479986,1
aa58399385c76521.jpg,Foreign body,red_fluid_region,retained_foreign_object,0.441065,0.561116,4
c9e350f5996ffc85.jpg,Reduced mucosal view,landmark_ring_structure,unclear_view_needs_review,0.372241,0.489796,1
8a0873fd39ca0cf6.jpg,Pylorus,red_fluid_region,widespread_inflammation,0.556826,0.588672,5
14625403358e2679.jpg,Reduced mucosal view,raised_round_mass,retained_foreign_object,0.372677,0.507863,2
908d37441d2289f7.jpg,Reduced mucosal view,vascular_red_spots,large_protruding_lesion,0.356336,0.474934,1
3a4320a904d63c41.jpg,Foreign body,red_fluid_region,widespread_inflammation,0.401675,0.546566,4
0d65f8f6d811df59.jpg,Ileocecal valve,white_crater_lesion,large_protruding_lesion,0.418807,0.542024,4
f375964b4d8d08f7.jpg,Pylorus,red_fluid_region,unclear_view_needs_review,0.612814,0.625202,5
1e320a1f7566a0ba.jpg,Blood - fresh,inflamed_red_surface,unclear_view_needs_review,0.615334,0.653941,5
0e0d0c576528bc16.jpg,Ulcer,vascular_red_spots,retained_foreign_object,0.345474,0.489908,1
70ff15300af0ad33.jpg,Ileocecal valve,blurred_visibility,low_risk_appearance,0.43074,0.531667,3
dc657f961af31d46.jpg,Reduced mucosal view,raised_round_mass,low_risk_appearance,0.358221,0.502648,2
99a836d0a08a831f.jpg,Ileocecal valve,blurred_visibility,large_protruding_lesion,0.371608,0.524077,3
28cd432499ec81c8.jpg,Erythema,foreign_object_shape,unclear_view_needs_review,0.421216,0.516563,3
9b771d281937f7fe.jpg,Pylorus,dark_blood_residue,unclear_view_needs_review,0.572889,0.610293,5
436073ce76d190ae.jpg,Angiectasia,red_fluid_region,unclear_view_needs_review,0.441662,0.529439,3
027fe9f8990fde35.jpg,Reduced mucosal view,red_fluid_region,active_bleeding_visible,0.34816,0.555381,4
a5ce317c7a0290e1.jpg,Reduced mucosal view,red_fluid_region,large_protruding_lesion,0.365064,0.502261,2
74c7a92f8df68f99.jpg,Ileocecal valve,landmark_ring_structure,retained_foreign_object,0.374378,0.531186,3
53d28030cc7c1f8d.jpg,Pylorus,foreign_object_shape,suspicious_vascular_cluster,0.595934,0.625689,5
66c4dc1bfc5d82fd.jpg,Pylorus,foreign_object_shape,widespread_inflammation,0.578183,0.622426,5
b8762ee3d13c99ab.jpg,Pylorus,landmark_ring_structure,retained_foreign_object,0.396658,0.527486,3
a9a93c1c884bb894.jpg,Reduced mucosal view,normal_texture,large_protruding_lesion,0.364275,0.480311,1
0241d2af25f0b06c.jpg,Reduced mucosal view,foreign_object_shape,unclear_view_needs_review,0.346316,0.545543,3
9dcc84fe49704bb2.jpg,Angiectasia,blurred_visibility,low_risk_appearance,0.343205,0.491811,1
91c0c9db16c4b5eb.jpg,Erythema,blurred_visibility,low_risk_appearance,0.409676,0.524089,3
d7f7490aafacdccb.jpg,Normal clean mucosa,white_crater_lesion,retained_foreign_object,0.3808,0.488725,1
56f80e97bdf9353f.jpg,Reduced mucosal view,blurred_visibility,widespread_inflammation,0.340982,0.563035,4
4ff2fa0e1584eee7.jpg,Reduced mucosal view,normal_texture,low_risk_appearance,0.336941,0.564614,4
86891a084efae9bd.jpg,Pylorus,white_crater_lesion,deep_ulceration_pattern,0.582471,0.592838,5
bacc7f62acdb5cac.jpg,Ileocecal valve,vascular_red_spots,deep_ulceration_pattern,0.336556,0.510117,2
706d2e587de0924f.jpg,Ileocecal valve,landmark_ring_structure,unclear_view_needs_review,0.396411,0.522882,3
7fc3b922a23bfee5.jpg,Angiectasia,red_fluid_region,retained_foreign_object,0.349699,0.493106,1
6cf5bea8d5e7c1fe.jpg,Ileocecal valve,blurred_visibility,active_bleeding_visible,0.368096,0.532068,3
58b097b4c69e78f0.jpg,Pylorus,red_fluid_region,large_protruding_lesion,0.521507,0.571131,4
5b49f8bb9e4f8603.jpg,Ileocecal valve,inflamed_red_surface,suspicious_vascular_cluster,0.368452,0.516178,2
573ab863a0bf25ab.jpg,Lymphangiectasia,raised_round_mass,suspicious_vascular_cluster,0.350969,0.527301,2
173130fdd251dfb8.jpg,Ileocecal valve,foreign_object_shape,widespread_inflammation,0.430666,0.542412,4
5b1c2474a4c67a10.jpg,Ileocecal valve,red_fluid_region,widespread_inflammation,0.374813,0.486182,1
38773b98c987e401.jpg,Erosion,dark_blood_residue,suspicious_vascular_cluster,0.584192,0.603414,5
cd82db0ddd5d3a60.jpg,Ileocecal valve,landmark_ring_structure,deep_ulceration_pattern,0.387433,0.560853,4
a220ff77a56b12c5.jpg,Reduced mucosal view,vascular_red_spots,large_protruding_lesion,0.360447,0.540979,3
67d8fdfcc53fb280.jpg,Pylorus,landmark_ring_structure,large_protruding_lesion,0.477725,0.554872,4
849777c6dc1e7086.jpg,Blood - fresh,inflamed_red_surface,large_protruding_lesion,0.620503,0.661901,5
96ff24263082ba8a.jpg,Angiectasia,inflamed_red_surface,large_protruding_lesion,0.373552,0.569834,4
d76ad10e2149b1b2.jpg,Ileocecal valve,foreign_object_shape,active_bleeding_visible,0.361282,0.484026,1
e7345b4685980322.jpg,Pylorus,dark_blood_residue,suspicious_vascular_cluster,0.473841,0.553801,4
2190f9980fe1ae33.jpg,Angiectasia,foreign_object_shape,deep_ulceration_pattern,0.531832,0.596963,5
4c048adf0630cf2b.jpg,Ulcer,raised_round_mass,active_bleeding_visible,0.501357,0.59142,4
a03118e562b2946a.jpg,Reduced mucosal view,blurred_visibility,large_protruding_lesion,0.336525,0.552335,3
d66f359570e39f02.jpg,Ileocecal valve,normal_texture,low_risk_appearance,0.333489,0.503416,1
c355ea3c29fd48a4.jpg,Ileocecal valve,blurred_visibility,deep_ulceration_pattern,0.40191,0.522239,3
43ea4a0339b1f538.jpg,Ileocecal valve,vascular_red_spots,unclear_view_needs_review,0.373895,0.497845,2
a581fe29ac31d442.jpg,Pylorus,normal_texture,large_protruding_lesion,0.473914,0.566213,4
c2a9c79cd6f65242.jpg,Erosion,foreign_object_shape,suspicious_vascular_cluster,0.416116,0.570004,4
971dc282dabe738d.jpg,Reduced mucosal view,white_crater_lesion,suspicious_vascular_cluster,0.37155,0.493335,1
6e2b71622bafe38d.jpg,Ileocecal valve,normal_texture,unclear_view_needs_review,0.394984,0.515895,2
c04e3dc6fa936b22.jpg,Reduced mucosal view,dark_blood_residue,large_protruding_lesion,0.359435,0.481611,1
e4757b5fa3b4c97e.jpg,Normal clean mucosa,blurred_visibility,unclear_view_needs_review,0.346628,0.480474,1
3eea71787c67ceb7.jpg,Blood - fresh,landmark_ring_structure,deep_ulceration_pattern,0.597718,0.609039,5
82fda13bced65fd6.jpg,Ileocecal valve,raised_round_mass,suspicious_vascular_cluster,0.432087,0.524988,3
0d7082776a08c920.jpg,Pylorus,landmark_ring_structure,widespread_inflammation,0.527425,0.585417,5
6df0a66fd3d4e2fd.jpg,Reduced mucosal view,normal_texture,deep_ulceration_pattern,0.390404,0.525323,3
4cf9505aeb302437.jpg,Ileocecal valve,inflamed_red_surface,unclear_view_needs_review,0.386791,0.523053,3
cdaabbdae4d4539c.jpg,Angiectasia,foreign_object_shape,retained_foreign_object,0.34631,0.487308,1
85db5eb1f8838631.jpg,Ileocecal valve,raised_round_mass,deep_ulceration_pattern,0.389039,0.514591,2
b8a93152559bc22d.jpg,Foreign body,red_fluid_region,large_protruding_lesion,0.35581,0.535655,3
d531bf2387461c38.jpg,Pylorus,inflamed_red_surface,widespread_inflammation,0.59516,0.615564,5
922e8d379d0a3b8a.jpg,Reduced mucosal view,raised_round_mass,low_risk_appearance,0.364472,0.504576,2
98b6f098c490a362.jpg,Reduced mucosal view,raised_round_mass,retained_foreign_object,0.369236,0.493337,1
d0d9cff5ca46bc1c.jpg,Pylorus,normal_texture,suspicious_vascular_cluster,0.606657,0.615559,5
c19d0719b7546d52.jpg,Erythema,inflamed_red_surface,suspicious_vascular_cluster,0.557212,0.581757,5
c75a96bbc4143223.jpg,Ileocecal valve,dark_blood_residue,deep_ulceration_pattern,0.396491,0.510702,2
cd40b534dd9d0596.jpg,Foreign body,raised_round_mass,unclear_view_needs_review,0.36871,0.522894,2
2e4ce8a937d7f5e5.jpg,Reduced mucosal view,vascular_red_spots,deep_ulceration_pattern,0.339268,0.529251,2
f4e9ad0a34c1ac91.jpg,Erosion,red_fluid_region,deep_ulceration_pattern,0.526052,0.61446,5
dd2e49c386e552ce.jpg,Pylorus,inflamed_red_surface,unclear_view_needs_review,0.552862,0.593346,5
a6d8ca837ffe5c11.jpg,Ileocecal valve,red_fluid_region,large_protruding_lesion,0.4566,0.528697,4
c7781a873c2347f7.jpg,Erosion,white_crater_lesion,suspicious_vascular_cluster,0.41277,0.572236,4
27c187d046f514a0.jpg,Ileocecal valve,white_crater_lesion,unclear_view_needs_review,0.319229,0.523849,2
c5bfb511e71e735d.jpg,Pylorus,foreign_object_shape,deep_ulceration_pattern,0.590082,0.61664,5
f020c2f3a601dc55.jpg,Erosion,white_crater_lesion,deep_ulceration_pattern,0.517393,0.627243,5
7c4a025e3f4f7e80.jpg,Ileocecal valve,red_fluid_region,deep_ulceration_pattern,0.367303,0.512843,2
7fbedb01dd28020e.jpg,Ileocecal valve,red_fluid_region,large_protruding_lesion,0.391327,0.536162,3
e1e4b81f890478cf.jpg,Reduced mucosal view,raised_round_mass,retained_foreign_object,0.364282,0.507471,2
a2df27bd800131cf.jpg,Ileocecal valve,dark_blood_residue,suspicious_vascular_cluster,0.367404,0.525075,3
dbe13bbc9f130d46.jpg,Reduced mucosal view,landmark_ring_structure,unclear_view_needs_review,0.365789,0.514316,2
e6b52b3eac79a40c.jpg,Ileocecal valve,raised_round_mass,low_risk_appearance,0.396289,0.516414,2
51a1eab13ff45f8e.jpg,Reduced mucosal view,raised_round_mass,suspicious_vascular_cluster,0.340599,0.538178,3
f7ea94520ad9bc16.jpg,Foreign body,blurred_visibility,unclear_view_needs_review,0.372977,0.552929,4
cebbbe466f78a528.jpg,Ileocecal valve,vascular_red_spots,widespread_inflammation,0.366139,0.480262,1
af33a9c76ad3c1af.jpg,Ileocecal valve,raised_round_mass,large_protruding_lesion,0.424836,0.536828,4
d6668d4db76c0984.jpg,Ileocecal valve,inflamed_red_surface,widespread_inflammation,0.356865,0.505408,2
7ac081712e1db395.jpg,Ileocecal valve,dark_blood_residue,retained_foreign_object,0.383339,0.509364,2
b84bcb080695aac2.jpg,Reduced mucosal view,vascular_red_spots,deep_ulceration_pattern,0.35303,0.510413,2
6872b9bd67124fcf.jpg,Ileocecal valve,dark_blood_residue,large_protruding_lesion,0.378106,0.525051,3
a0e3377d00f0ed87.jpg,Pylorus,raised_round_mass,unclear_view_needs_review,0.517841,0.555175,4
a9c7adf8f4c91326.jpg,Angiectasia,red_fluid_region,deep_ulceration_pattern,0.367481,0.495715,1
d45b465cab57a21d.jpg,Foreign body,normal_texture,widespread_inflammation,0.387513,0.557522,4
ea2b64eb484a5fc5.jpg,Ulcer,blurred_visibility,widespread_inflammation,0.45649,0.558763,4
946a7558e593497c.jpg,Reduced mucosal view,raised_round_mass,widespread_inflammation,0.347495,0.544195,3
76cd29308c0492e3.jpg,Ileocecal valve,blurred_visibility,deep_ulceration_pattern,0.348253,0.485175,1
0f61c30b7436e604.jpg,Foreign body,blurred_visibility,deep_ulceration_pattern,0.433517,0.558423,4
c5c7696c739b6756.jpg,Lymphangiectasia,normal_texture,widespread_inflammation,0.377836,0.536464,3
76a4184622a92df3.jpg,Ileocecal valve,landmark_ring_structure,deep_ulceration_pattern,0.370624,0.54086,3
356e432d20ee23c4.jpg,Lymphangiectasia,raised_round_mass,unclear_view_needs_review,0.337002,0.533321,3
0ad5809d3282e819.jpg,Reduced mucosal view,raised_round_mass,deep_ulceration_pattern,0.354388,0.515254,2
8e43f5b479027bf5.jpg,Angiectasia,landmark_ring_structure,unclear_view_needs_review,0.345462,0.495612,1
2d94cc7928a70deb.jpg,Reduced mucosal view,foreign_object_shape,large_protruding_lesion,0.348337,0.572194,4
99f32ba22082ee22.jpg,Reduced mucosal view,foreign_object_shape,active_bleeding_visible,0.346202,0.512096,2
66e8f33528ebe952.jpg,Ileocecal valve,inflamed_red_surface,deep_ulceration_pattern,0.401791,0.529819,3
d0482a3e8927882b.jpg,Ileocecal valve,dark_blood_residue,deep_ulceration_pattern,0.373359,0.506627,2
451ff18580ae7440.jpg,Pylorus,white_crater_lesion,active_bleeding_visible,0.596136,0.606238,5
ae2f739d04541e41.jpg,Reduced mucosal view,red_fluid_region,retained_foreign_object,0.358124,0.477791,1
0dab888a8aeab187.jpg,Reduced mucosal view,blurred_visibility,large_protruding_lesion,0.336428,0.549038,3
c85140e7f2b50bd3.jpg,Angiectasia,dark_blood_residue,unclear_view_needs_review,0.361147,0.495452,1
3d109138935ad37d.jpg,Reduced mucosal view,raised_round_mass,widespread_inflammation,0.338631,0.567249,4
be7af41d4630bdea.jpg,Ileocecal valve,dark_blood_residue,low_risk_appearance,0.369981,0.483611,1
09412a5a2f5b6a62.jpg,Ileocecal valve,inflamed_red_surface,low_risk_appearance,0.377384,0.512027,2
66623469301c04a3.jpg,Blood - fresh,inflamed_red_surface,retained_foreign_object,0.631308,0.659997,5
841d28963e08aa9d.jpg,Reduced mucosal view,raised_round_mass,large_protruding_lesion,0.349486,0.540123,3
bc9973740efc8dd9.jpg,Pylorus,inflamed_red_surface,active_bleeding_visible,0.526706,0.563465,4
ee1a489c9efe355f.jpg,Reduced mucosal view,raised_round_mass,deep_ulceration_pattern,0.345436,0.506609,2
87f129e2ec1f8a25.jpg,Reduced mucosal view,landmark_ring_structure,deep_ulceration_pattern,0.353837,0.496866,1
e524ac109de8fcf3.jpg,Pylorus,red_fluid_region,active_bleeding_visible,0.585478,0.603356,5
f710a04b27c85d39.jpg,Reduced mucosal view,vascular_red_spots,deep_ulceration_pattern,0.321641,0.517129,2
02b905b4574bc165.jpg,Reduced mucosal view,foreign_object_shape,unclear_view_needs_review,0.362207,0.48312,1
8b1644181a85812d.jpg,Reduced mucosal view,normal_texture,low_risk_appearance,0.332971,0.518637,2
21b4662488f2ac3a.jpg,Pylorus,normal_texture,active_bleeding_visible,0.576771,0.591768,5
7d6eedcfd3aec242.jpg,Ileocecal valve,foreign_object_shape,suspicious_vascular_cluster,0.408906,0.576267,4
3593e1092d229de0.jpg,Ulcer,raised_round_mass,deep_ulceration_pattern,0.360144,0.491511,1
e675f7ecea2cbfed.jpg,Pylorus,normal_texture,large_protruding_lesion,0.588568,0.610874,5
9e8cc67571c09016.jpg,Angiectasia,normal_texture,large_protruding_lesion,0.417323,0.522095,3
6f42e943fd2458aa.jpg,Foreign body,inflamed_red_surface,retained_foreign_object,0.392149,0.548977,4
2fac6455cc2cd4f5.jpg,Ileocecal valve,landmark_ring_structure,low_risk_appearance,0.361367,0.483387,1
ca19b982f5228075.jpg,Normal clean mucosa,inflamed_red_surface,active_bleeding_visible,0.394716,0.510844,2
6e717abedc62f662.jpg,Ileocecal valve,foreign_object_shape,active_bleeding_visible,0.370939,0.540169,3
8d66dcbe703c4aca.jpg,Erosion,inflamed_red_surface,retained_foreign_object,0.393753,0.567021,4
ba7da2a2c5d3f784.jpg,Foreign body,white_crater_lesion,large_protruding_lesion,0.417259,0.545022,4
bf552deee9efd1ad.jpg,Lymphangiectasia,white_crater_lesion,low_risk_appearance,0.438823,0.540316,4
08187ffed0cec1ab.jpg,Pylorus,vascular_red_spots,low_risk_appearance,0.592361,0.609002,5
7b56ed3df80ab49c.jpg,Reduced mucosal view,landmark_ring_structure,unclear_view_needs_review,0.352102,0.534893,3
166bd2bf96ddf711.jpg,Ileocecal valve,landmark_ring_structure,suspicious_vascular_cluster,0.34916,0.496043,1
5812a5b56f5ef9de.jpg,Reduced mucosal view,red_fluid_region,unclear_view_needs_review,0.34385,0.549775,3
0d65da826598c5c4.jpg,Pylorus,raised_round_mass,suspicious_vascular_cluster,0.578057,0.601661,5
138f8057232ac902.jpg,Ileocecal valve,red_fluid_region,widespread_inflammation,0.452481,0.550795,4
90897619a7799127.jpg,Reduced mucosal view,inflamed_red_surface,suspicious_vascular_cluster,0.358304,0.504945,2
ada8356162aa0614.jpg,Angiectasia,normal_texture,retained_foreign_object,0.360164,0.503316,2
9517f1ffad410563.jpg,Angiectasia,dark_blood_residue,suspicious_vascular_cluster,0.335242,0.482047,1
4b910ff1b899dfad.jpg,Ileocecal valve,normal_texture,suspicious_vascular_cluster,0.473366,0.597945,4
a7b9d5de22a19aec.jpg,Ileocecal valve,foreign_object_shape,suspicious_vascular_cluster,0.379545,0.521763,3
6981bb1d884e52f0.jpg,Ileocecal valve,blurred_visibility,deep_ulceration_pattern,0.420202,0.594978,4
dc23065fd9aef64f.jpg,Ileocecal valve,vascular_red_spots,suspicious_vascular_cluster,0.52577,0.579524,4
9ac414735c92c533.jpg,Ileocecal valve,blurred_visibility,widespread_inflammation,0.375601,0.499047,2
87b49fddae8bfb9f.jpg,Ileocecal valve,normal_texture,deep_ulceration_pattern,0.364435,0.534083,3
f0437468b85b67f5.jpg,Normal clean mucosa,foreign_object_shape,active_bleeding_visible,0.415979,0.522786,3
379b915dd6dbe5df.jpg,Reduced mucosal view,dark_blood_residue,large_protruding_lesion,0.430872,0.524703,3
2ace8282b3f29616.jpg,Foreign body,normal_texture,low_risk_appearance,0.539239,0.599615,5
139840d19fb5b702.jpg,Reduced mucosal view,blurred_visibility,active_bleeding_visible,0.332255,0.517467,2
492d0fc2c74b7ca7.jpg,Normal clean mucosa,vascular_red_spots,retained_foreign_object,0.368452,0.471691,1
4293027a02c44030.jpg,Reduced mucosal view,blurred_visibility,retained_foreign_object,0.340205,0.536791,3
b18cfae9821c2467.jpg,Ileocecal valve,white_crater_lesion,low_risk_appearance,0.368028,0.507119,2
9b61dd7463432e91.jpg,Erythema,white_crater_lesion,large_protruding_lesion,0.369516,0.503647,2
cbbe0693cdc39a6a.jpg,Ileocecal valve,landmark_ring_structure,retained_foreign_object,0.358418,0.493527,1
5469976c1720a071.jpg,Foreign body,landmark_ring_structure,deep_ulceration_pattern,0.348229,0.544383,3
5009f3d48249a32c.jpg,Reduced mucosal view,raised_round_mass,suspicious_vascular_cluster,0.337597,0.516336,2
878cbef5d6576435.jpg,Lymphangiectasia,normal_texture,retained_foreign_object,0.359728,0.533065,3
4b864125c2ecc48c.jpg,Reduced mucosal view,landmark_ring_structure,active_bleeding_visible,0.340158,0.56268,4
33cbe180ca67f4cc.jpg,Ileocecal valve,foreign_object_shape,suspicious_vascular_cluster,0.366076,0.489477,1
46c5518c9ca0dfb8.jpg,Lymphangiectasia,vascular_red_spots,large_protruding_lesion,0.355673,0.520882,2
882aedd66b2c5069.jpg,Reduced mucosal view,raised_round_mass,unclear_view_needs_review,0.347274,0.541922,3
0cc1565b8abdb2e8.jpg,Ileocecal valve,vascular_red_spots,large_protruding_lesion,0.404018,0.526233,3
8ae16b0739d7edf8.jpg,Ileocecal valve,landmark_ring_structure,unclear_view_needs_review,0.36482,0.530597,3
fd61d7ed3eb05767.jpg,Foreign body,white_crater_lesion,widespread_inflammation,0.540581,0.588951,5
cb03e617b46869a1.jpg,Ileocecal valve,red_fluid_region,large_protruding_lesion,0.3597,0.486301,1
6ec17be83b627b55.jpg,Blood - fresh,dark_blood_residue,deep_ulceration_pattern,0.633857,0.663574,5
4bbc4142d99a5cf6.jpg,Ileocecal valve,vascular_red_spots,active_bleeding_visible,0.352601,0.504437,2
b02057c28b7f99ff.jpg,Ulcer,landmark_ring_structure,large_protruding_lesion,0.355794,0.480834,1
e7efb7bd79bd697d.jpg,Lymphangiectasia,inflamed_red_surface,large_protruding_lesion,0.315719,0.508277,1
6955faa5c733f1ba.jpg,Ileocecal valve,normal_texture,unclear_view_needs_review,0.375899,0.528322,3
0a8025e34d20ce19.jpg,Ulcer,vascular_red_spots,widespread_inflammation,0.468947,0.53536,4
c8e2a1ec5ef26129.jpg,Ulcer,normal_texture,unclear_view_needs_review,0.547297,0.584502,5
793f471c9e07094c.jpg,Blood - fresh,red_fluid_region,retained_foreign_object,0.564791,0.613812,5
1e68884db65777c1.jpg,Pylorus,blurred_visibility,low_risk_appearance,0.592479,0.624825,5
55a11ff661fade0a.jpg,Blood - fresh,dark_blood_residue,retained_foreign_object,0.517351,0.592063,5
61baaaca4b3fb577.jpg,Lymphangiectasia,vascular_red_spots,low_risk_appearance,0.371162,0.515196,2
da3e397df0a39b06.jpg,Reduced mucosal view,red_fluid_region,large_protruding_lesion,0.335876,0.530775,2
f7f9aceb941c2c10.jpg,Ileocecal valve,blurred_visibility,unclear_view_needs_review,0.371809,0.499938,2
db1bb451bf74a0f4.jpg,Pylorus,foreign_object_shape,low_risk_appearance,0.542456,0.587032,5
4aa96e71fe009c6e.jpg,Pylorus,normal_texture,deep_ulceration_pattern,0.592567,0.620222,5
9256a8b566c56288.jpg,Ileocecal valve,vascular_red_spots,retained_foreign_object,0.40221,0.515713,3
9675b9f549dc1f8b.jpg,Reduced mucosal view,normal_texture,suspicious_vascular_cluster,0.360525,0.484391,1
2789a5a366355d36.jpg,Lymphangiectasia,inflamed_red_surface,retained_foreign_object,0.350561,0.497608,1
864aad0bb4c4acbf.jpg,Reduced mucosal view,normal_texture,large_protruding_lesion,0.359043,0.514239,2
590cc72c6790b7b5.jpg,Ileocecal valve,normal_texture,retained_foreign_object,0.391791,0.51829,3
25553ab47d4c9c8f.jpg,Reduced mucosal view,raised_round_mass,retained_foreign_object,0.344815,0.552103,3
d4ded6baa9c60fa6.jpg,Reduced mucosal view,blurred_visibility,active_bleeding_visible,0.35989,0.476359,1
029f618139292ec6.jpg,Ileocecal valve,white_crater_lesion,deep_ulceration_pattern,0.401572,0.519831,3
b20bd44261bed386.jpg,Reduced mucosal view,normal_texture,retained_foreign_object,0.355717,0.531131,3
51d84c61fa5dea86.jpg,Reduced mucosal view,blurred_visibility,active_bleeding_visible,0.365829,0.512244,2
7d87691b55f2e727.jpg,Reduced mucosal view,blurred_visibility,suspicious_vascular_cluster,0.362676,0.522278,2
2f7eab6fbcd6d0f5.jpg,Blood - fresh,red_fluid_region,deep_ulceration_pattern,0.632656,0.655665,5
571c009fb155504f.jpg,Foreign body,foreign_object_shape,unclear_view_needs_review,0.487793,0.570323,4
a71e1bb816743cfe.jpg,Ileocecal valve,white_crater_lesion,deep_ulceration_pattern,0.358659,0.51394,2
73a4af88b700b864.jpg,Foreign body,blurred_visibility,widespread_inflammation,0.480149,0.546604,4
8982252e52dded05.jpg,Ileocecal valve,white_crater_lesion,widespread_inflammation,0.362189,0.521286,2
22e97884bd2f1a92.jpg,Reduced mucosal view,inflamed_red_surface,suspicious_vascular_cluster,0.358682,0.594506,4
e8aa0895cc99230d.jpg,Pylorus,raised_round_mass,low_risk_appearance,0.543518,0.574641,4
e70b5231190df143.jpg,Ileocecal valve,normal_texture,unclear_view_needs_review,0.364413,0.51863,2
1a87534f1c7c6106.jpg,Ileocecal valve,raised_round_mass,deep_ulceration_pattern,0.408926,0.51584,3
a0ee1262ce3b3db8.jpg,Pylorus,foreign_object_shape,retained_foreign_object,0.518504,0.595285,5
9d98dcd854369308.jpg,Ileocecal valve,vascular_red_spots,widespread_inflammation,0.356772,0.502758,2
f9f3113be528ffea.jpg,Ulcer,inflamed_red_surface,unclear_view_needs_review,0.558371,0.597546,5
d96f1cc5900078b3.jpg,Reduced mucosal view,blurred_visibility,low_risk_appearance,0.350627,0.540512,3
1cb68ac300554d66.jpg,Ileocecal valve,landmark_ring_structure,large_protruding_lesion,0.421529,0.529008,3
38735d39d9bd60d5.jpg,Ulcer,vascular_red_spots,unclear_view_needs_review,0.36195,0.485751,1
0619d05b9b7132f7.jpg,Lymphangiectasia,raised_round_mass,suspicious_vascular_cluster,0.331943,0.481951,1
9bc25f58ebd77ffe.jpg,Pylorus,raised_round_mass,active_bleeding_visible,0.572589,0.595602,5
cf0412a79845ecb8.jpg,Reduced mucosal view,white_crater_lesion,large_protruding_lesion,0.358836,0.479582,1
1a36da6fa1275553.jpg,Ileocecal valve,foreign_object_shape,large_protruding_lesion,0.449002,0.552335,4
7c41f31b75a65512.jpg,Ileocecal valve,normal_texture,large_protruding_lesion,0.357795,0.506999,2
8ba599e91560c68a.jpg,Ileocecal valve,red_fluid_region,retained_foreign_object,0.359488,0.475515,1
885d51683caea3d9.jpg,Reduced mucosal view,normal_texture,low_risk_appearance,0.341975,0.52365,2
fcbcb4b134ad5538.jpg,Ileocecal valve,dark_blood_residue,widespread_inflammation,0.350766,0.503928,2
134964d4a553fdef.jpg,Ileocecal valve,dark_blood_residue,low_risk_appearance,0.340818,0.510352,2
d898653cabdad318.jpg,Ileocecal valve,landmark_ring_structure,large_protruding_lesion,0.357906,0.517722,2
e24808ca61dd6937.jpg,Angiectasia,dark_blood_residue,low_risk_appearance,0.358438,0.496316,1
30b3cabac8bffae5.jpg,Reduced mucosal view,foreign_object_shape,retained_foreign_object,0.35664,0.506754,2
72607a644bdbd99e.jpg,Ileocecal valve,dark_blood_residue,suspicious_vascular_cluster,0.548079,0.612026,5
60d7e1c29e04d5aa.jpg,Foreign body,vascular_red_spots,low_risk_appearance,0.433976,0.556473,4
732d6fc6482d124e.jpg,Angiectasia,red_fluid_region,low_risk_appearance,0.354216,0.497124,1
9f66d7ac2b6e5dc0.jpg,Reduced mucosal view,red_fluid_region,suspicious_vascular_cluster,0.339918,0.535152,3
04e624c1b64bd74c.jpg,Reduced mucosal view,raised_round_mass,large_protruding_lesion,0.367648,0.493879,1
1a65c45fd7c622d4.jpg,Angiectasia,red_fluid_region,widespread_inflammation,0.480264,0.555972,4
c98de76006aeee08.jpg,Ileocecal valve,red_fluid_region,widespread_inflammation,0.530777,0.608836,5
b820caa9d14e56dc.jpg,Foreign body,inflamed_red_surface,deep_ulceration_pattern,0.487535,0.55013,4
46745c0d1599868d.jpg,Ileocecal valve,dark_blood_residue,unclear_view_needs_review,0.362298,0.478974,1
67ca33d8a655fc5c.jpg,Reduced mucosal view,white_crater_lesion,suspicious_vascular_cluster,0.409792,0.480591,1
3e7db671b8d9721d.jpg,Reduced mucosal view,red_fluid_region,large_protruding_lesion,0.356551,0.544279,3
960736b917d63eac.jpg,Angiectasia,blurred_visibility,low_risk_appearance,0.353276,0.488981,1
84960964b12d07db.jpg,Ileocecal valve,normal_texture,retained_foreign_object,0.430218,0.546133,4
db2206d075450de8.jpg,Reduced mucosal view,normal_texture,active_bleeding_visible,0.345184,0.552815,3
e1d272038af342e6.jpg,Foreign body,foreign_object_shape,unclear_view_needs_review,0.382087,0.554238,4
35988a7a9abe61fb.jpg,Ileocecal valve,inflamed_red_surface,low_risk_appearance,0.440404,0.54906,4
5fa56a914cc7500a.jpg,Foreign body,foreign_object_shape,active_bleeding_visible,0.367256,0.549457,4
90768cd98eea1af6.jpg,Foreign body,blurred_visibility,unclear_view_needs_review,0.381916,0.555163,4
f47c913a9ecf3808.jpg,Blood - fresh,landmark_ring_structure,retained_foreign_object,0.61661,0.654514,5
0bdead60da8448ed.jpg,Ileocecal valve,landmark_ring_structure,unclear_view_needs_review,0.36615,0.479341,1
0a7958782168798c.jpg,Ileocecal valve,red_fluid_region,widespread_inflammation,0.448988,0.553534,4
8218eaa5dc980ed7.jpg,Ileocecal valve,inflamed_red_surface,deep_ulceration_pattern,0.352261,0.49375,1
4cc7ed4a5b0115a1.jpg,Reduced mucosal view,inflamed_red_surface,large_protruding_lesion,0.341591,0.54909,3
a33b1e29d796f4e3.jpg,Ileocecal valve,normal_texture,deep_ulceration_pattern,0.353972,0.47609,1
f799f7162345af0a.jpg,Pylorus,normal_texture,widespread_inflammation,0.384505,0.517886,2
d82a74d906a64a71.jpg,Reduced mucosal view,white_crater_lesion,active_bleeding_visible,0.348429,0.531966,3
8011185fa5c48260.jpg,Angiectasia,foreign_object_shape,retained_foreign_object,0.333859,0.481414,1
eee3ff4a956dd240.jpg,Ileocecal valve,normal_texture,retained_foreign_object,0.380737,0.523221,3
7d27529b0f489d3c.jpg,Polyp,inflamed_red_surface,deep_ulceration_pattern,0.501531,0.575089,4
71525489d576783f.jpg,Lymphangiectasia,raised_round_mass,unclear_view_needs_review,0.360726,0.507341,2
8c6b7747c5508bf8.jpg,Reduced mucosal view,normal_texture,unclear_view_needs_review,0.357699,0.495816,1
0ea07e2b84c8b958.jpg,Angiectasia,raised_round_mass,unclear_view_needs_review,0.371823,0.50702,2
e6b2a75727f56211.jpg,Reduced mucosal view,foreign_object_shape,suspicious_vascular_cluster,0.358614,0.517014,2
727f8f9e252ba34e.jpg,Angiectasia,vascular_red_spots,retained_foreign_object,0.358011,0.490582,1
f370b82c71c8422b.jpg,Reduced mucosal view,white_crater_lesion,suspicious_vascular_cluster,0.35737,0.495005,1
cbbb8ccf57bb2b64.jpg,Pylorus,red_fluid_region,deep_ulceration_pattern,0.427905,0.521418,3
da58935a6d8d95aa.jpg,Reduced mucosal view,white_crater_lesion,unclear_view_needs_review,0.363899,0.495463,1
72ddae5c483d74b1.jpg,Reduced mucosal view,dark_blood_residue,widespread_inflammation,0.367916,0.481085,1
366006b756aac677.jpg,Ileocecal valve,landmark_ring_structure,deep_ulceration_pattern,0.455141,0.55738,4
cb685c2da518cdbb.jpg,Reduced mucosal view,inflamed_red_surface,unclear_view_needs_review,0.345608,0.514469,2
bd66bf84c17d4b14.jpg,Ulcer,landmark_ring_structure,deep_ulceration_pattern,0.359129,0.487679,1
13fe901f9f000a14.jpg,Reduced mucosal view,dark_blood_residue,widespread_inflammation,0.358094,0.489336,1
2c5368539ffe70c7.jpg,Ileocecal valve,red_fluid_region,unclear_view_needs_review,0.372248,0.515498,2
8278beaf6ae1b852.jpg,Ileocecal valve,vascular_red_spots,widespread_inflammation,0.368357,0.48045,1
68ead80e682df566.jpg,Ulcer,landmark_ring_structure,retained_foreign_object,0.44439,0.545608,4
0452b40970005fc8.jpg,Pylorus,vascular_red_spots,suspicious_vascular_cluster,0.494003,0.573305,4
31a2c94bb9245114.jpg,Ileocecal valve,normal_texture,large_protruding_lesion,0.429785,0.533529,4
09f227d209e3cd82.jpg,Ileocecal valve,blurred_visibility,large_protruding_lesion,0.503122,0.598741,5
2b39cea8a907d80b.jpg,Ileocecal valve,white_crater_lesion,active_bleeding_visible,0.38728,0.519643,3
4cb4beaeff224076.jpg,Reduced mucosal view,inflamed_red_surface,deep_ulceration_pattern,0.341639,0.516661,2
fabf444657c00f46.jpg,Ileocecal valve,landmark_ring_structure,large_protruding_lesion,0.358976,0.493373,1
ba8035e7c8bb6bd2.jpg,Ulcer,landmark_ring_structure,unclear_view_needs_review,0.343444,0.499084,1
dae5087779c03833.jpg,Ileocecal valve,inflamed_red_surface,deep_ulceration_pattern,0.339758,0.479081,1
7feced8fcbf5bd43.jpg,Angiectasia,dark_blood_residue,suspicious_vascular_cluster,0.350169,0.493942,1
9c95d65c98d3058b.jpg,Reduced mucosal view,inflamed_red_surface,suspicious_vascular_cluster,0.356305,0.531541,3
ca48fb568e626473.jpg,Pylorus,foreign_object_shape,deep_ulceration_pattern,0.489055,0.529836,4
9cf6527a8b2f830b.jpg,Ileocecal valve,landmark_ring_structure,active_bleeding_visible,0.421632,0.52335,3
b0840611ca8cd410.jpg,Reduced mucosal view,white_crater_lesion,deep_ulceration_pattern,0.386611,0.527635,3
b05b0b0859803e8f.jpg,Ileocecal valve,landmark_ring_structure,widespread_inflammation,0.368414,0.51179,2
66085622e5a81b5e.jpg,Ileocecal valve,white_crater_lesion,widespread_inflammation,0.536661,0.621694,5
b4262ea557967e9a.jpg,Ileocecal valve,red_fluid_region,active_bleeding_visible,0.377461,0.517343,2
18a1a6fc0325e987.jpg,Lymphangiectasia,raised_round_mass,widespread_inflammation,0.355675,0.524194,2
36b86a17efae6d22.jpg,Pylorus,normal_texture,retained_foreign_object,0.41279,0.510639,2
95a1a145fe2d77c5.jpg,Ileocecal valve,vascular_red_spots,unclear_view_needs_review,0.349884,0.492488,1
1e8d49de1a58eb02.jpg,Angiectasia,raised_round_mass,deep_ulceration_pattern,0.341926,0.484419,1
8abc6f35be90c9c0.jpg,Ileocecal valve,landmark_ring_structure,unclear_view_needs_review,0.367485,0.479302,1
56e30affc77a816a.jpg,Pylorus,foreign_object_shape,active_bleeding_visible,0.591394,0.602404,5
02f1bc073feaca89.jpg,Foreign body,normal_texture,widespread_inflammation,0.359275,0.543087,3
9c764db54e0f6b64.jpg,Ileocecal valve,blurred_visibility,suspicious_vascular_cluster,0.379875,0.513143,2
faee9af08e941d40.jpg,Pylorus,normal_texture,suspicious_vascular_cluster,0.530751,0.604799,5
9c94107a47638023.jpg,Ileocecal valve,landmark_ring_structure,low_risk_appearance,0.412622,0.514093,3
e3439535018927bb.jpg,Ileocecal valve,landmark_ring_structure,low_risk_appearance,0.383409,0.473041,1
910b3a33795c0168.jpg,Lymphangiectasia,landmark_ring_structure,deep_ulceration_pattern,0.359992,0.524896,2
eb817d2fd494c64f.jpg,Ileocecal valve,red_fluid_region,deep_ulceration_pattern,0.387639,0.510661,2
a1a851f1749ffffa.jpg,Ileocecal valve,inflamed_red_surface,suspicious_vascular_cluster,0.397114,0.521298,3
e7f97e2a65c36152.jpg,Ileocecal valve,inflamed_red_surface,widespread_inflammation,0.366881,0.543195,3
5697849d687636a2.jpg,Foreign body,blurred_visibility,active_bleeding_visible,0.403932,0.544646,4
0ed814c19719b8dd.jpg,Lymphangiectasia,foreign_object_shape,retained_foreign_object,0.528006,0.57789,4
5dd77f4ec398fb46.jpg,Ileocecal valve,red_fluid_region,widespread_inflammation,0.369372,0.476087,1
481ba3978492abcc.jpg,Ileocecal valve,landmark_ring_structure,low_risk_appearance,0.406834,0.534182,3
8d4d9ef9ccffeb65.jpg,Pylorus,inflamed_red_surface,active_bleeding_visible,0.619376,0.604168,5
05f1104e20a60ec3.jpg,Normal clean mucosa,dark_blood_residue,retained_foreign_object,0.418124,0.521217,3
3eb1d3fee4603524.jpg,Ileocecal valve,red_fluid_region,unclear_view_needs_review,0.380414,0.52622,3
49940353d24b43d7.jpg,Reduced mucosal view,red_fluid_region,active_bleeding_visible,0.353863,0.52595,2
9b9490536bed20d2.jpg,Lymphangiectasia,red_fluid_region,retained_foreign_object,0.375191,0.532297,3
0caeb632ca82fb59.jpg,Reduced mucosal view,normal_texture,large_protruding_lesion,0.366697,0.489771,1
708fbc9939034d4d.jpg,Angiectasia,inflamed_red_surface,active_bleeding_visible,0.344794,0.487169,1
a1e0497cf68d0f97.jpg,Pylorus,normal_texture,large_protruding_lesion,0.570704,0.610868,5
3bdd8b05dc720365.jpg,Ileocecal valve,raised_round_mass,large_protruding_lesion,0.373977,0.480322,1
4b269e761727f7c3.jpg,Lymphangiectasia,foreign_object_shape,low_risk_appearance,0.338253,0.501625,1
73b6a1337d79d178.jpg,Ileocecal valve,raised_round_mass,suspicious_vascular_cluster,0.37317,0.529479,3
5b4d9e2948135167.jpg,Pylorus,foreign_object_shape,widespread_inflammation,0.529212,0.589054,5
c0c52d0a6b149a25.jpg,Ileocecal valve,raised_round_mass,unclear_view_needs_review,0.384745,0.527034,3
26e2801cb1174a1e.jpg,Ileocecal valve,red_fluid_region,deep_ulceration_pattern,0.375402,0.522824,3
841c8e97d758d25a.jpg,Pylorus,red_fluid_region,deep_ulceration_pattern,0.533749,0.576118,4
8a3aa670c09ea520.jpg,Ileocecal valve,normal_texture,deep_ulceration_pattern,0.379988,0.524155,3
dfb03d7e8f85c5da.jpg,Ileocecal valve,red_fluid_region,active_bleeding_visible,0.505456,0.600889,5
5b25ba78448ac376.jpg,Blood - fresh,inflamed_red_surface,active_bleeding_visible,0.629332,0.651879,5
8326750ee6fc901f.jpg,Lymphangiectasia,red_fluid_region,widespread_inflammation,0.462353,0.540019,4
1b9309d4f4db24ee.jpg,Foreign body,foreign_object_shape,unclear_view_needs_review,0.346462,0.520444,2
55f863409e87ce76.jpg,Angiectasia,blurred_visibility,retained_foreign_object,0.344706,0.489594,1
470fd981eb37fd44.jpg,Angiectasia,landmark_ring_structure,large_protruding_lesion,0.332773,0.47756,1
964ad5c295777819.jpg,Ileocecal valve,normal_texture,suspicious_vascular_cluster,0.446766,0.558013,4
47f47a1bbbeb988b.jpg,Blood - fresh,normal_texture,active_bleeding_visible,0.631538,0.667583,5
0f0e07e5fdbac379.jpg,Reduced mucosal view,raised_round_mass,retained_foreign_object,0.417739,0.52415,3
c988dde98afe695d.jpg,Ulcer,raised_round_mass,low_risk_appearance,0.571784,0.605362,5
d296b6b4247dcebb.jpg,Pylorus,inflamed_red_surface,large_protruding_lesion,0.434329,0.559074,4
ba068f17ce52356d.jpg,Pylorus,normal_texture,large_protruding_lesion,0.584857,0.604677,5
02d187dd80fc86bb.jpg,Reduced mucosal view,normal_texture,unclear_view_needs_review,0.426716,0.525401,3
877336068e51b1ee.jpg,Ileocecal valve,blurred_visibility,suspicious_vascular_cluster,0.538337,0.59018,5
6bfafc9ad17cbcf4.jpg,Erythema,inflamed_red_surface,retained_foreign_object,0.407416,0.518138,3
341abe5ea5510f35.jpg,Ileocecal valve,foreign_object_shape,widespread_inflammation,0.523385,0.602572,5
036f2d3c64564f4a.jpg,Ileocecal valve,inflamed_red_surface,suspicious_vascular_cluster,0.392098,0.508855,2
1d5b9590311f4035.jpg,Ileocecal valve,landmark_ring_structure,retained_foreign_object,0.378589,0.516867,2
fe631f2c4a91282b.jpg,Reduced mucosal view,inflamed_red_surface,deep_ulceration_pattern,0.318742,0.513207,2
6fcace265dd5430f.jpg,Ulcer,vascular_red_spots,deep_ulceration_pattern,0.362435,0.474169,1
f5d83b65080f9edd.jpg,Reduced mucosal view,red_fluid_region,deep_ulceration_pattern,0.365638,0.50907,2
664da772979cf2fa.jpg,Pylorus,blurred_visibility,large_protruding_lesion,0.550101,0.592727,5
9d641d987b171543.jpg,Ulcer,raised_round_mass,low_risk_appearance,0.337081,0.495854,1
dfa932f48360d9c8.jpg,Angiectasia,inflamed_red_surface,active_bleeding_visible,0.364056,0.501288,2
51a870cd10409d64.jpg,Pylorus,vascular_red_spots,suspicious_vascular_cluster,0.609764,0.635875,5
3bf344d57725e530.jpg,Pylorus,red_fluid_region,low_risk_appearance,0.559536,0.593216,5
8f087a45cbd5eff4.jpg,Ileocecal valve,dark_blood_residue,widespread_inflammation,0.380165,0.51953,2
70d15c9f03c6d2eb.jpg,Reduced mucosal view,vascular_red_spots,large_protruding_lesion,0.358849,0.507683,2
c386286d14958405.jpg,Blood - fresh,dark_blood_residue,deep_ulceration_pattern,0.623985,0.657961,5
57050490464a7ef2.jpg,Normal clean mucosa,red_fluid_region,deep_ulceration_pattern,0.391786,0.506147,2
80c3e305ce265a6c.jpg,Ulcer,dark_blood_residue,large_protruding_lesion,0.606399,0.61873,5
1a8fcca135ba17b4.jpg,Ileocecal valve,raised_round_mass,retained_foreign_object,0.384777,0.553597,4
52e0acdca2af3a2f.jpg,Reduced mucosal view,raised_round_mass,deep_ulceration_pattern,0.420017,0.518044,3
bea4736c5cd440a3.jpg,Lymphangiectasia,inflamed_red_surface,active_bleeding_visible,0.35201,0.52078,2
d2fe86fa2e1909b9.jpg,Pylorus,raised_round_mass,large_protruding_lesion,0.60635,0.612883,5
b24926fdc11eb685.jpg,Reduced mucosal view,red_fluid_region,widespread_inflammation,0.338985,0.500165,1
87098fb3cc381270.jpg,Pylorus,raised_round_mass,unclear_view_needs_review,0.598067,0.629931,5
e9d2b19dfb06a7c4.jpg,Ileocecal valve,red_fluid_region,deep_ulceration_pattern,0.443274,0.531374,4
13186f6e7129ca4d.jpg,Ileocecal valve,foreign_object_shape,unclear_view_needs_review,0.385708,0.525184,3
376fd770cd05335b.jpg,Reduced mucosal view,blurred_visibility,retained_foreign_object,0.374743,0.555878,4
a2816bc42772989d.jpg,Ileocecal valve,landmark_ring_structure,widespread_inflammation,0.39157,0.491836,1
4dc7927a29eee44e.jpg,Reduced mucosal view,normal_texture,unclear_view_needs_review,0.360607,0.503914,2
2958a6ad3f6dc8e2.jpg,Pylorus,normal_texture,unclear_view_needs_review,0.549758,0.614126,5
6f55e475ded3ca4d.jpg,Angiectasia,blurred_visibility,deep_ulceration_pattern,0.350068,0.487454,1
60bf9e7470cd6d27.jpg,Ileocecal valve,vascular_red_spots,widespread_inflammation,0.379814,0.509814,2
e52fdfd2519698ec.jpg,Reduced mucosal view,vascular_red_spots,low_risk_appearance,0.354341,0.484334,1
4269169566bbd510.jpg,Reduced mucosal view,white_crater_lesion,deep_ulceration_pattern,0.361503,0.50838,2
fa17691f5c88b4ad.jpg,Pylorus,blurred_visibility,deep_ulceration_pattern,0.551401,0.616738,5
78a1809e5499ef99.jpg,Reduced mucosal view,normal_texture,unclear_view_needs_review,0.35941,0.49996,1
beef16bfa226ede1.jpg,Ileocecal valve,inflamed_red_surface,low_risk_appearance,0.362634,0.525016,2
58c07169601ab3ef.jpg,Ileocecal valve,red_fluid_region,widespread_inflammation,0.423451,0.533564,3
018006bacaff6697.jpg,Lymphangiectasia,dark_blood_residue,low_risk_appearance,0.362329,0.506116,2
04707c4507178c5e.jpg,Pylorus,dark_blood_residue,suspicious_vascular_cluster,0.574407,0.614525,5
b853de6e8fb0327e.jpg,Erosion,blurred_visibility,retained_foreign_object,0.376493,0.534625,3
bbcbb69f98abdcc6.jpg,Ileocecal valve,inflamed_red_surface,unclear_view_needs_review,0.355998,0.532075,3
54305b288a9201f0.jpg,Reduced mucosal view,red_fluid_region,deep_ulceration_pattern,0.350363,0.479912,1
cac67deee063f55c.jpg,Reduced mucosal view,blurred_visibility,retained_foreign_object,0.339434,0.508145,2
7d1a18f4e6f81c91.jpg,Foreign body,inflamed_red_surface,deep_ulceration_pattern,0.462621,0.561304,4
cf16ccea77778c58.jpg,Reduced mucosal view,dark_blood_residue,active_bleeding_visible,0.364289,0.498599,1
66d1a8ebe322af90.jpg,Foreign body,landmark_ring_structure,active_bleeding_visible,0.35113,0.52539,2
2266f8f843d78cb8.jpg,Erosion,inflamed_red_surface,deep_ulceration_pattern,0.591697,0.643614,5
8af1aff39ad8fc41.jpg,Reduced mucosal view,vascular_red_spots,retained_foreign_object,0.347861,0.55677,4
21ab2c45c0148f7e.jpg,Reduced mucosal view,blurred_visibility,unclear_view_needs_review,0.381744,0.54929,4
2389e0e99598f42b.jpg,Reduced mucosal view,blurred_visibility,retained_foreign_object,0.373236,0.502569,2
06a6f33ef8ce7d3b.jpg,Ulcer,vascular_red_spots,widespread_inflammation,0.347631,0.473781,1
359fe7367f7d5e3c.jpg,Lymphangiectasia,red_fluid_region,active_bleeding_visible,0.501488,0.596145,5
43bd95376cad0cd6.jpg,Ileocecal valve,white_crater_lesion,unclear_view_needs_review,0.400154,0.533362,3
c5a6c02938a24d42.jpg,Ulcer,red_fluid_region,retained_foreign_object,0.361881,0.509235,2
cb6ac24575fff5a2.jpg,Reduced mucosal view,dark_blood_residue,unclear_view_needs_review,0.351029,0.507191,2
941ac47128cdde6a.jpg,Pylorus,raised_round_mass,unclear_view_needs_review,0.419109,0.537144,4
11dc5e6740f55112.jpg,Angiectasia,dark_blood_residue,widespread_inflammation,0.370609,0.503869,2
63e24a9b0c2a8ad6.jpg,Reduced mucosal view,landmark_ring_structure,unclear_view_needs_review,0.345807,0.495088,1
585321934416d497.jpg,Ulcer,dark_blood_residue,unclear_view_needs_review,0.497229,0.594361,5
47bb5ef3c02e0267.jpg,Ileocecal valve,red_fluid_region,widespread_inflammation,0.542949,0.603178,5
168220d1651e0cf5.jpg,Reduced mucosal view,raised_round_mass,low_risk_appearance,0.359728,0.505769,2
44096a1989f0435a.jpg,Ileocecal valve,normal_texture,widespread_inflammation,0.464957,0.532955,4
7246b74e10d50701.jpg,Pylorus,foreign_object_shape,deep_ulceration_pattern,0.443486,0.584928,4
df10b63a077722ae.jpg,Ileocecal valve,foreign_object_shape,large_protruding_lesion,0.432137,0.538323,4
79bd829003a5104d.jpg,Ileocecal valve,red_fluid_region,deep_ulceration_pattern,0.417007,0.536338,4
3f6e7be62e24b06d.jpg,Lymphangiectasia,inflamed_red_surface,retained_foreign_object,0.366098,0.514229,2
36a3ba64cf6cbf4c.jpg,Pylorus,dark_blood_residue,deep_ulceration_pattern,0.412474,0.525295,3
6adffeeeaeb6a7d4.jpg,Pylorus,vascular_red_spots,retained_foreign_object,0.594432,0.609441,5
aae85f42da628fe8.jpg,Ileocecal valve,foreign_object_shape,widespread_inflammation,0.356431,0.486217,1
9e33fc461278d0b9.jpg,Angiectasia,normal_texture,large_protruding_lesion,0.35953,0.496889,1
e1f51609f0d37204.jpg,Pylorus,normal_texture,active_bleeding_visible,0.5712,0.618891,5
5d616f85dccc8726.jpg,Reduced mucosal view,inflamed_red_surface,low_risk_appearance,0.35056,0.483275,1
25ee21e7a0de0d60.jpg,Erythema,inflamed_red_surface,active_bleeding_visible,0.568846,0.584098,5
cda0a1d8149d782c.jpg,Angiectasia,normal_texture,low_risk_appearance,0.351255,0.494741,1
bcd77a11096b0cb3.jpg,Ileocecal valve,red_fluid_region,unclear_view_needs_review,0.389825,0.523298,3
fd6ae77f74bd82e8.jpg,Blood - fresh,vascular_red_spots,suspicious_vascular_cluster,0.621272,0.664844,5
faae49903e2bedf2.jpg,Angiectasia,white_crater_lesion,low_risk_appearance,0.365582,0.496218,1
5259db25dd6be10a.jpg,Reduced mucosal view,red_fluid_region,widespread_inflammation,0.357637,0.476054,1
a213bd791d81c803.jpg,Reduced mucosal view,white_crater_lesion,retained_foreign_object,0.357704,0.484269,1
edc86198d1e5be2c.jpg,Reduced mucosal view,normal_texture,suspicious_vascular_cluster,0.357459,0.550919,4
f02fb6147a630627.jpg,Ileocecal valve,red_fluid_region,deep_ulceration_pattern,0.422454,0.517732,3
d5b1b46da64b62fb.jpg,Erosion,raised_round_mass,active_bleeding_visible,0.400508,0.603483,4
b335ac1542fb081c.jpg,Angiectasia,dark_blood_residue,suspicious_vascular_cluster,0.386592,0.544394,4
360f1b8803714981.jpg,Reduced mucosal view,dark_blood_residue,retained_foreign_object,0.338122,0.555005,3
4cea9b33ac924631.jpg,Pylorus,red_fluid_region,deep_ulceration_pattern,0.49393,0.559717,4
acf725b4b04209bf.jpg,Ileocecal valve,landmark_ring_structure,widespread_inflammation,0.366681,0.515062,2
adfbf7e31e411102.jpg,Ileocecal valve,blurred_visibility,active_bleeding_visible,0.427075,0.537106,4
7f05b053183bf68c.jpg,Normal clean mucosa,inflamed_red_surface,suspicious_vascular_cluster,0.422749,0.53879,4
4abe7402fe4f580d.jpg,Ulcer,red_fluid_region,large_protruding_lesion,0.372811,0.522939,3
73d2a2783f985d18.jpg,Ileocecal valve,white_crater_lesion,low_risk_appearance,0.365829,0.475888,1
51a9cffa2cb236ba.jpg,Ileocecal valve,white_crater_lesion,unclear_view_needs_review,0.380512,0.512821,2
dc024bdb773b7def.jpg,Foreign body,raised_round_mass,suspicious_vascular_cluster,0.357707,0.530103,3
d9c8298ce5440222.jpg,Angiectasia,red_fluid_region,large_protruding_lesion,0.592681,0.606726,5
267648ea71e30860.jpg,Reduced mucosal view,dark_blood_residue,widespread_inflammation,0.350349,0.504889,2
b03f5237f72ab38a.jpg,Ileocecal valve,red_fluid_region,widespread_inflammation,0.371913,0.51981,2
11b13d704edc85b9.jpg,Ampulla of vater,normal_texture,suspicious_vascular_cluster,0.610508,0.634025,5
f071c629ebf5e05a.jpg,Ileocecal valve,foreign_object_shape,retained_foreign_object,0.533672,0.590404,5
7dd6ea3b3f81a61c.jpg,Ileocecal valve,foreign_object_shape,widespread_inflammation,0.404682,0.524914,3
849116780df74f7f.jpg,Reduced mucosal view,vascular_red_spots,deep_ulceration_pattern,0.348856,0.487732,1
c2562700a4351761.jpg,Blood - fresh,inflamed_red_surface,deep_ulceration_pattern,0.603138,0.642551,5
366ef9a5f3327cbb.jpg,Reduced mucosal view,red_fluid_region,large_protruding_lesion,0.365407,0.495925,1
7a1f3380b036d6be.jpg,Reduced mucosal view,landmark_ring_structure,deep_ulceration_pattern,0.356387,0.536033,3
f80cd664b571d057.jpg,Ileocecal valve,landmark_ring_structure,deep_ulceration_pattern,0.370262,0.480543,1
6f685ae7a776bd02.jpg,Angiectasia,normal_texture,active_bleeding_visible,0.372501,0.504165,2
89d9c5871cc65f9b.jpg,Ulcer,dark_blood_residue,large_protruding_lesion,0.360306,0.489598,1
ec456eeb06dc4cea.jpg,Angiectasia,raised_round_mass,retained_foreign_object,0.344727,0.48807,1
01a0cd7666af9b6f.jpg,Ileocecal valve,raised_round_mass,widespread_inflammation,0.50697,0.596229,5
d5b53a4872740c33.jpg,Reduced mucosal view,red_fluid_region,suspicious_vascular_cluster,0.352846,0.494921,1
9d6f242bf22ece98.jpg,Ileocecal valve,vascular_red_spots,retained_foreign_object,0.497612,0.568039,4
ca10fc49d6be5b81.jpg,Blood - fresh,blurred_visibility,active_bleeding_visible,0.562647,0.629329,5
6d954e65b95617c5.jpg,Reduced mucosal view,raised_round_mass,widespread_inflammation,0.373625,0.507304,2
c7b870332c5a3ea0.jpg,Reduced mucosal view,raised_round_mass,unclear_view_needs_review,0.362073,0.484542,1
d64f4ecb8a4fa202.jpg,Reduced mucosal view,foreign_object_shape,widespread_inflammation,0.36026,0.507527,2
179594a79849e5f2.jpg,Reduced mucosal view,red_fluid_region,retained_foreign_object,0.391657,0.497266,2
e853f79ca7281925.jpg,Reduced mucosal view,dark_blood_residue,retained_foreign_object,0.365591,0.514975,2
3fc316447ba01572.jpg,Foreign body,landmark_ring_structure,low_risk_appearance,0.409294,0.543824,4
c1dbc071eef4cfd0.jpg,Ileocecal valve,normal_texture,low_risk_appearance,0.341632,0.468047,1
5ed6f2f377564f3d.jpg,Ileocecal valve,landmark_ring_structure,retained_foreign_object,0.37768,0.533469,3
56734d1fc96e541e.jpg,Angiectasia,inflamed_red_surface,low_risk_appearance,0.417975,0.519119,3
b1cbf45ebbdfcf43.jpg,Ileocecal valve,red_fluid_region,deep_ulceration_pattern,0.455056,0.555619,4
78632c5cdb37dcc3.jpg,Ileocecal valve,red_fluid_region,large_protruding_lesion,0.414324,0.539161,4
b148c90318b2dd0f.jpg,Reduced mucosal view,raised_round_mass,unclear_view_needs_review,0.35443,0.487456,1
faf8efa4c8f5b3e3.jpg,Blood - fresh,vascular_red_spots,retained_foreign_object,0.633935,0.655995,5
90d1dfc12252778d.jpg,Reduced mucosal view,raised_round_mass,large_protruding_lesion,0.367553,0.490788,1
99be0098b9f400bf.jpg,Reduced mucosal view,white_crater_lesion,suspicious_vascular_cluster,0.3578,0.498065,1
506ea1e2182931f9.jpg,Ileocecal valve,blurred_visibility,unclear_view_needs_review,0.556419,0.619953,5
7121a11a9ca7c344.jpg,Ulcer,blurred_visibility,suspicious_vascular_cluster,0.352575,0.493902,1
4475bc971881496f.jpg,Reduced mucosal view,dark_blood_residue,low_risk_appearance,0.37099,0.595652,4
059fb2b036610156.jpg,Pylorus,red_fluid_region,unclear_view_needs_review,0.586439,0.620619,5
8e512d9da217ce1a.jpg,Ileocecal valve,foreign_object_shape,deep_ulceration_pattern,0.368201,0.47514,1
fb66f21cdc146aab.jpg,Ileocecal valve,landmark_ring_structure,suspicious_vascular_cluster,0.405519,0.520474,3
33b8c1ac9788ee5a.jpg,Angiectasia,dark_blood_residue,retained_foreign_object,0.346836,0.492248,1
7b11d7941e23550c.jpg,Normal clean mucosa,blurred_visibility,large_protruding_lesion,0.38995,0.507091,2
a785ed1b2abf330f.jpg,Ileocecal valve,white_crater_lesion,deep_ulceration_pattern,0.363709,0.472823,1
2548bc5e72bfbb4d.jpg,Reduced mucosal view,blurred_visibility,widespread_inflammation,0.342348,0.529977,2
c6640f762e6f1000.jpg,Ulcer,vascular_red_spots,deep_ulceration_pattern,0.434326,0.553501,4
d9589ba56951f3e9.jpg,Reduced mucosal view,foreign_object_shape,low_risk_appearance,0.361839,0.47623,1
3689d869947f78e9.jpg,Reduced mucosal view,landmark_ring_structure,widespread_inflammation,0.364626,0.504897,2
059709b4bc70b253.jpg,Reduced mucosal view,raised_round_mass,unclear_view_needs_review,0.353443,0.505858,2
b8995cedcb284069.jpg,Reduced mucosal view,blurred_visibility,low_risk_appearance,0.349574,0.550137,3
d5c59a17dcf4f38e.jpg,Reduced mucosal view,normal_texture,unclear_view_needs_review,0.33768,0.514791,2
cfb6ee3f3fcfd724.jpg,Foreign body,normal_texture,retained_foreign_object,0.358571,0.518872,2
f8ea0c27152bfe62.jpg,Ileocecal valve,landmark_ring_structure,retained_foreign_object,0.433566,0.539003,4
ffaaa5cb291c3f3a.jpg,Lymphangiectasia,raised_round_mass,active_bleeding_visible,0.357103,0.520897,2
9900c78009810f46.jpg,Foreign body,normal_texture,widespread_inflammation,0.387586,0.552342,4
8da67e17f9599457.jpg,Reduced mucosal view,normal_texture,retained_foreign_object,0.350023,0.512757,2
5032a513a271574c.jpg,Pylorus,inflamed_red_surface,active_bleeding_visible,0.59268,0.6229,5
794914363fdaafce.jpg,Reduced mucosal view,landmark_ring_structure,widespread_inflammation,0.35771,0.479645,1
69711d6e58f23b7a.jpg,Ileocecal valve,landmark_ring_structure,deep_ulceration_pattern,0.389198,0.547708,4
568dec548d13a14a.jpg,Reduced mucosal view,white_crater_lesion,unclear_view_needs_review,0.406827,0.557518,4
66b90ae43385b41f.jpg,Ileocecal valve,landmark_ring_structure,active_bleeding_visible,0.42689,0.53881,4
b83b282d5f431415.jpg,Blood - fresh,dark_blood_residue,large_protruding_lesion,0.636892,0.655756,5
e6419c8b0cafe830.jpg,Reduced mucosal view,inflamed_red_surface,suspicious_vascular_cluster,0.337814,0.53655,3
9502f5a206c5d18a.jpg,Reduced mucosal view,vascular_red_spots,active_bleeding_visible,0.340511,0.521551,2
7850f8d9046263ef.jpg,Ileocecal valve,raised_round_mass,unclear_view_needs_review,0.354893,0.495152,1
148306765fae7698.jpg,Ileocecal valve,dark_blood_residue,unclear_view_needs_review,0.509884,0.603297,5
806630f1ba7ec1c4.jpg,Ileocecal valve,foreign_object_shape,active_bleeding_visible,0.496814,0.564093,4
bb678e6c9ad789c4.jpg,Ileocecal valve,red_fluid_region,unclear_view_needs_review,0.367099,0.521248,2
4c1b243d562b52b1.jpg,Ileocecal valve,vascular_red_spots,low_risk_appearance,0.512641,0.592637,5
a3664a87ade361b4.jpg,Erosion,white_crater_lesion,deep_ulceration_pattern,0.614558,0.642388,5
e8fe2f4be3dabdad.jpg,Blood - fresh,red_fluid_region,large_protruding_lesion,0.556429,0.623162,5
ab8f9b4de24dc96e.jpg,Ileocecal valve,raised_round_mass,low_risk_appearance,0.420573,0.566726,4
1cd02240368967de.jpg,Foreign body,normal_texture,suspicious_vascular_cluster,0.354311,0.532133,3
159605bf8c8f704e.jpg,Ileocecal valve,blurred_visibility,large_protruding_lesion,0.353034,0.48467,1
0d97e511a296bd9a.jpg,Reduced mucosal view,inflamed_red_surface,retained_foreign_object,0.34563,0.50048,1
0d150853811f527b.jpg,Pylorus,blurred_visibility,unclear_view_needs_review,0.575571,0.614397,5
7f2afade8d2b6158.jpg,Angiectasia,vascular_red_spots,unclear_view_needs_review,0.366846,0.499041,2
9e59c7fb50d9ab9b.jpg,Ileocecal valve,dark_blood_residue,widespread_inflammation,0.398978,0.528776,3
007e8734307f6704.jpg,Lymphangiectasia,normal_texture,unclear_view_needs_review,0.36842,0.522427,2
ad454a453d7ddfc0.jpg,Reduced mucosal view,vascular_red_spots,low_risk_appearance,0.368441,0.554106,4
3768873e03a630c7.jpg,Pylorus,foreign_object_shape,large_protruding_lesion,0.622806,0.626269,5
d5980f82943f128c.jpg,Normal clean mucosa,normal_texture,large_protruding_lesion,0.428616,0.533834,4
aaeb999d5f01f2cf.jpg,Ileocecal valve,normal_texture,widespread_inflammation,0.447939,0.535926,4
072912cf3c6adde1.jpg,Reduced mucosal view,landmark_ring_structure,deep_ulceration_pattern,0.344955,0.551941,3
1fc38f89d10c8d6d.jpg,Ileocecal valve,vascular_red_spots,unclear_view_needs_review,0.367536,0.518409,2
6e16b4de7710c925.jpg,Reduced mucosal view,vascular_red_spots,deep_ulceration_pattern,0.365819,0.491937,1
3b5f6fd13682bdf0.jpg,Ileocecal valve,vascular_red_spots,retained_foreign_object,0.393927,0.525791,3
bb9509b5e375e939.jpg,Ileocecal valve,vascular_red_spots,retained_foreign_object,0.36673,0.522366,2
3355098434c482d1.jpg,Ileocecal valve,raised_round_mass,deep_ulceration_pattern,0.536979,0.597269,5
8e979fd44384d4f5.jpg,Angiectasia,inflamed_red_surface,widespread_inflammation,0.410675,0.511673,2
2651b2540197bba7.jpg,Reduced mucosal view,raised_round_mass,large_protruding_lesion,0.346855,0.568029,4
353e91f0015b93f3.jpg,Reduced mucosal view,blurred_visibility,suspicious_vascular_cluster,0.366491,0.502729,2
8bbf7d0ecbcf09dd.jpg,Reduced mucosal view,landmark_ring_structure,low_risk_appearance,0.341209,0.484637,1
0b0470c6f980fd6d.jpg,Ileocecal valve,blurred_visibility,low_risk_appearance,0.411216,0.533293,3
83cf246481599f03.jpg,Ileocecal valve,dark_blood_residue,large_protruding_lesion,0.36584,0.533097,3
3cd9414b94224ef6.jpg,Lymphangiectasia,raised_round_mass,widespread_inflammation,0.395088,0.538862,3
ae87e85522c221c8.jpg,Reduced mucosal view,raised_round_mass,suspicious_vascular_cluster,0.375683,0.582754,4
64cd31ceb836a531.jpg,Foreign body,landmark_ring_structure,unclear_view_needs_review,0.363391,0.500694,2
675c19c78f21e57a.jpg,Pylorus,dark_blood_residue,widespread_inflammation,0.615927,0.620827,5
d59359478d3fd183.jpg,Ileocecal valve,red_fluid_region,suspicious_vascular_cluster,0.401833,0.53491,3
62659e65bf2469c1.jpg,Ileocecal valve,red_fluid_region,suspicious_vascular_cluster,0.527145,0.607119,5
b1463bbf9719eca1.jpg,Reduced mucosal view,blurred_visibility,active_bleeding_visible,0.366234,0.50904,2
881eacd5e364173e.jpg,Reduced mucosal view,vascular_red_spots,retained_foreign_object,0.364056,0.497554,1
c78d4a26f6df1f5f.jpg,Ileocecal valve,vascular_red_spots,unclear_view_needs_review,0.467719,0.580801,4
1755540daac9e001.jpg,Ileocecal valve,white_crater_lesion,retained_foreign_object,0.459113,0.548944,4
45c262a2e77bdd9c.jpg,Pylorus,landmark_ring_structure,suspicious_vascular_cluster,0.539728,0.561813,4
4bef149f9b028003.jpg,Ileocecal valve,raised_round_mass,widespread_inflammation,0.365099,0.479757,1
aa060378051f3154.jpg,Lymphangiectasia,foreign_object_shape,retained_foreign_object,0.462441,0.539844,4
16695a26e6ac5cdd.jpg,Ileocecal valve,foreign_object_shape,large_protruding_lesion,0.39391,0.534093,3
65422ccde467648b.jpg,Ileocecal valve,blurred_visibility,widespread_inflammation,0.414915,0.522391,3
857e5de8937e57d5.jpg,Ileocecal valve,vascular_red_spots,retained_foreign_object,0.364764,0.487745,1
74b3df8056e7cfde.jpg,Foreign body,landmark_ring_structure,deep_ulceration_pattern,0.474474,0.570267,4
d30fe5a6214ad70e.jpg,Ileocecal valve,raised_round_mass,retained_foreign_object,0.389218,0.53436,3
b6bbe30a7c0117b6.jpg,Pylorus,red_fluid_region,active_bleeding_visible,0.521676,0.553219,4
e40af8f33494893b.jpg,Pylorus,white_crater_lesion,unclear_view_needs_review,0.599831,0.608837,5
c129cc0e71d9a465.jpg,Foreign body,dark_blood_residue,suspicious_vascular_cluster,0.351652,0.528126,3
cad5f6f14c0b4a17.jpg,Erosion,vascular_red_spots,widespread_inflammation,0.587101,0.632634,5
5b38e2537c0c2cdf.jpg,Ileocecal valve,raised_round_mass,unclear_view_needs_review,0.349151,0.508019,2
8564384885fcdde3.jpg,Blood - fresh,foreign_object_shape,retained_foreign_object,0.598111,0.603437,5
204d42365932ac16.jpg,Ileocecal valve,dark_blood_residue,deep_ulceration_pattern,0.432958,0.530016,3
477d06c5aaecd3c8.jpg,Reduced mucosal view,raised_round_mass,large_protruding_lesion,0.352243,0.499299,1
8a321846757ac488.jpg,Reduced mucosal view,blurred_visibility,retained_foreign_object,0.379123,0.48178,1
8cbb57645f03ea40.jpg,Ileocecal valve,normal_texture,deep_ulceration_pattern,0.396512,0.510305,2
9dc5b48e95546389.jpg,Ileocecal valve,white_crater_lesion,large_protruding_lesion,0.372336,0.570049,4
44995f8835d5ae04.jpg,Reduced mucosal view,landmark_ring_structure,retained_foreign_object,0.392819,0.553956,4
c494a5a05aaa2b8e.jpg,Normal clean mucosa,white_crater_lesion,active_bleeding_visible,0.489719,0.561795,4
ca012d98e37b4060.jpg,Ileocecal valve,vascular_red_spots,widespread_inflammation,0.338843,0.550066,3
76b5d94753c39458.jpg,Reduced mucosal view,blurred_visibility,deep_ulceration_pattern,0.344374,0.516543,2
ad4e2ba489a4bd07.jpg,Blood - fresh,red_fluid_region,retained_foreign_object,0.642625,0.670377,5
1fa75ac5678d1e03.jpg,Blood - fresh,normal_texture,active_bleeding_visible,0.623774,0.658699,5
cf66f6eb7149e6ae.jpg,Reduced mucosal view,normal_texture,large_protruding_lesion,0.345888,0.589104,4
78ab4408445700d7.jpg,Pylorus,landmark_ring_structure,suspicious_vascular_cluster,0.534813,0.56285,4
3259b2c8e5315165.jpg,Reduced mucosal view,dark_blood_residue,deep_ulceration_pattern,0.335923,0.563451,4
e36aeed0f8429a44.jpg,Ileocecal valve,inflamed_red_surface,active_bleeding_visible,0.329642,0.523662,2
930d13f6204659d0.jpg,Ulcer,vascular_red_spots,widespread_inflammation,0.35836,0.489715,1
f7d9192c8d673023.jpg,Reduced mucosal view,normal_texture,unclear_view_needs_review,0.352898,0.531157,3
b7c3180078037be4.jpg,Pylorus,foreign_object_shape,low_risk_appearance,0.497118,0.579333,4
d94d20c01a4c5edf.jpg,Pylorus,landmark_ring_structure,unclear_view_needs_review,0.588754,0.613244,5
d1bf48b2e19d3425.jpg,Ileocecal valve,red_fluid_region,active_bleeding_visible,0.372217,0.525474,3
2fb780d871cd6681.jpg,Reduced mucosal view,foreign_object_shape,unclear_view_needs_review,0.371061,0.538952,3
c6c0b40b1c075830.jpg,Lymphangiectasia,dark_blood_residue,deep_ulceration_pattern,0.519616,0.585158,4
49e11adf086cfbc9.jpg,Foreign body,blurred_visibility,retained_foreign_object,0.53399,0.570177,4
f4a5325ead4cbeeb.jpg,Ulcer,dark_blood_residue,large_protruding_lesion,0.34858,0.492105,1
b721b218648940e3.jpg,Ileocecal valve,foreign_object_shape,large_protruding_lesion,0.37808,0.506374,2
fc4dd39e775205ff.jpg,Angiectasia,normal_texture,unclear_view_needs_review,0.351653,0.495817,1
d4854e865546a258.jpg,Reduced mucosal view,foreign_object_shape,low_risk_appearance,0.360674,0.485929,1
af3756c4d4764fc2.jpg,Blood - fresh,foreign_object_shape,large_protruding_lesion,0.620559,0.653701,5
cb9d7ae248872e3c.jpg,Pylorus,vascular_red_spots,unclear_view_needs_review,0.603473,0.621321,5
4c7da7b244f3a3c7.jpg,Ileocecal valve,landmark_ring_structure,unclear_view_needs_review,0.421092,0.546737,4
59cf0b875222fe83.jpg,Ileocecal valve,foreign_object_shape,active_bleeding_visible,0.504565,0.603063,5
49bf6ec82300eedb.jpg,Ulcer,inflamed_red_surface,large_protruding_lesion,0.575736,0.615712,5
63af384a3b6cb8b5.jpg,Reduced mucosal view,normal_texture,deep_ulceration_pattern,0.364584,0.517388,2
1069b4498d878751.jpg,Ileocecal valve,landmark_ring_structure,deep_ulceration_pattern,0.411002,0.526807,3
0d41f67f0216120a.jpg,Pylorus,inflamed_red_surface,suspicious_vascular_cluster,0.513096,0.609331,5
b70044306b4f2e40.jpg,Pylorus,foreign_object_shape,unclear_view_needs_review,0.576004,0.618306,5
390e43ec5c2fc7cc.jpg,Ulcer,dark_blood_residue,widespread_inflammation,0.365014,0.491163,1
1ba7e21b00726ee2.jpg,Ulcer,normal_texture,large_protruding_lesion,0.596513,0.606957,5
868d5eef88609c6b.jpg,Ileocecal valve,normal_texture,active_bleeding_visible,0.368023,0.51244,2
d668d2e84aee96e0.jpg,Erosion,red_fluid_region,low_risk_appearance,0.592145,0.6446,5
3bc41653be37d5c5.jpg,Angiectasia,white_crater_lesion,active_bleeding_visible,0.334801,0.478619,1
c169ef44a6e04ed1.jpg,Ileocecal valve,raised_round_mass,large_protruding_lesion,0.399131,0.53013,3
2d0d29e68d8ac235.jpg,Ileocecal valve,inflamed_red_surface,active_bleeding_visible,0.525452,0.60648,5
eb2bcce421533fbb.jpg,Ileocecal valve,vascular_red_spots,large_protruding_lesion,0.370751,0.523472,3
ea3da00a60216fdf.jpg,Ileocecal valve,vascular_red_spots,retained_foreign_object,0.559598,0.611703,5
327dc49c91d172ec.jpg,Pylorus,raised_round_mass,suspicious_vascular_cluster,0.585912,0.601424,5
266e7a21bcc0eb2f.jpg,Ileocecal valve,white_crater_lesion,large_protruding_lesion,0.393379,0.523738,3
809156386501e880.jpg,Reduced mucosal view,raised_round_mass,deep_ulceration_pattern,0.368203,0.495444,1
957be7f59f302bfa.jpg,Reduced mucosal view,normal_texture,retained_foreign_object,0.388907,0.505886,2
195b5113e1e2e350.jpg,Blood - fresh,dark_blood_residue,suspicious_vascular_cluster,0.621245,0.681612,5
1278a3ec67d3ed4b.jpg,Lymphangiectasia,landmark_ring_structure,retained_foreign_object,0.448278,0.55037,4
d7d858494821a236.jpg,Angiectasia,raised_round_mass,low_risk_appearance,0.599141,0.625332,5
88f7422685fccbbb.jpg,Erythema,white_crater_lesion,large_protruding_lesion,0.364893,0.496493,1
7c8a78245aba2df5.jpg,Ileocecal valve,vascular_red_spots,active_bleeding_visible,0.329754,0.533359,3
7e1ee4c7ade948ee.jpg,Ileocecal valve,vascular_red_spots,suspicious_vascular_cluster,0.357891,0.508115,2
f320337b0ccc238d.jpg,Ileocecal valve,white_crater_lesion,widespread_inflammation,0.351238,0.52552,2
8f80d3f12dece803.jpg,Ulcer,normal_texture,deep_ulceration_pattern,0.583553,0.596233,5
8a848623aa3ff249.jpg,Ulcer,red_fluid_region,deep_ulceration_pattern,0.574166,0.603803,5
fcf7e06c838d1f0c.jpg,Ulcer,red_fluid_region,unclear_view_needs_review,0.505004,0.588281,4
9b663e841a5f742f.jpg,Reduced mucosal view,dark_blood_residue,deep_ulceration_pattern,0.374761,0.473281,1
0edd65fcb947342d.jpg,Pylorus,normal_texture,large_protruding_lesion,0.598576,0.597109,5
dc49bac1986ab622.jpg,Reduced mucosal view,white_crater_lesion,retained_foreign_object,0.339901,0.517966,2
0e0322e53a6f403a.jpg,Pylorus,dark_blood_residue,retained_foreign_object,0.571187,0.615802,5
faf473ab49182a65.jpg,Erosion,white_crater_lesion,large_protruding_lesion,0.585937,0.613617,5
5ec10fc430e79db1.jpg,Reduced mucosal view,inflamed_red_surface,large_protruding_lesion,0.365641,0.513816,2
da2919535b9c5fb5.jpg,Pylorus,raised_round_mass,large_protruding_lesion,0.595495,0.611675,5
d4bd9db224615ef7.jpg,Reduced mucosal view,red_fluid_region,active_bleeding_visible,0.361852,0.491283,1
ee8061fcae791014.jpg,Pylorus,blurred_visibility,active_bleeding_visible,0.51226,0.562604,4
116179b697c634b6.jpg,Ileocecal valve,dark_blood_residue,active_bleeding_visible,0.368284,0.481239,1
234dbc9a00ad6436.jpg,Lymphangiectasia,white_crater_lesion,retained_foreign_object,0.393236,0.520376,3
c05b4e854587bc67.jpg,Ileocecal valve,foreign_object_shape,deep_ulceration_pattern,0.349453,0.532878,3
0d0e262b5dfb5ac6.jpg,Reduced mucosal view,foreign_object_shape,unclear_view_needs_review,0.339182,0.565764,4
7455762a99de8fc1.jpg,Reduced mucosal view,landmark_ring_structure,deep_ulceration_pattern,0.349598,0.525363,2
bcf14702713b17bd.jpg,Foreign body,white_crater_lesion,retained_foreign_object,0.342635,0.53571,3
8ed9175e22009206.jpg,Reduced mucosal view,foreign_object_shape,low_risk_appearance,0.354998,0.568859,4
b5db778c83802ca9.jpg,Angiectasia,inflamed_red_surface,deep_ulceration_pattern,0.366363,0.502256,2
980139aaf024995f.jpg,Ileocecal valve,vascular_red_spots,widespread_inflammation,0.42713,0.542256,4
edbb04917d3e2f40.jpg,Ulcer,foreign_object_shape,unclear_view_needs_review,0.433887,0.553096,4
808f810824b6f694.jpg,Reduced mucosal view,normal_texture,retained_foreign_object,0.335386,0.543775,3
b582823db214a4c8.jpg,Reduced mucosal view,white_crater_lesion,active_bleeding_visible,0.356494,0.541476,3
90a7cdefb4aa6983.jpg,Reduced mucosal view,vascular_red_spots,retained_foreign_object,0.345207,0.527848,2
280ced32844071e1.jpg,Erosion,red_fluid_region,suspicious_vascular_cluster,0.357591,0.501428,2
6692343c78af2922.jpg,Ileocecal valve,foreign_object_shape,retained_foreign_object,0.520214,0.607839,5
1293ab2500b8612a.jpg,Ileocecal valve,dark_blood_residue,large_protruding_lesion,0.375629,0.52059,2
4613035d215ee608.jpg,Ileocecal valve,inflamed_red_surface,large_protruding_lesion,0.360122,0.474012,1
833fa5c1c4251c65.jpg,Lymphangiectasia,inflamed_red_surface,low_risk_appearance,0.358105,0.528824,3
008f3de1c28efdfe.jpg,Reduced mucosal view,white_crater_lesion,unclear_view_needs_review,0.348235,0.492239,1
dfdc7ef535527191.jpg,Lymphangiectasia,raised_round_mass,retained_foreign_object,0.332598,0.526936,2
68eff63f678ed45f.jpg,Erosion,red_fluid_region,retained_foreign_object,0.59162,0.597937,5
a0f0a119a53653f8.jpg,Ileocecal valve,red_fluid_region,large_protruding_lesion,0.346223,0.495885,1
d25136950b1b588a.jpg,Reduced mucosal view,foreign_object_shape,widespread_inflammation,0.353816,0.522856,2
9655b5566aa813f2.jpg,Pylorus,inflamed_red_surface,large_protruding_lesion,0.488373,0.538716,4
6084db00f3987dde.jpg,Ileocecal valve,landmark_ring_structure,unclear_view_needs_review,0.367943,0.505553,2
176385ee2a65c05b.jpg,Ileocecal valve,foreign_object_shape,deep_ulceration_pattern,0.454311,0.551094,4
f945f30ceadefb01.jpg,Pylorus,normal_texture,active_bleeding_visible,0.563015,0.585411,5
46da94f81f5ab450.jpg,Ileocecal valve,inflamed_red_surface,active_bleeding_visible,0.367029,0.517306,2
5f2af6a31cda7b42.jpg,Lymphangiectasia,blurred_visibility,active_bleeding_visible,0.396398,0.529556,3
da8d6118a295139a.jpg,Erythema,inflamed_red_surface,unclear_view_needs_review,0.451168,0.527409,3
6b3ff87d83a13c57.jpg,Foreign body,red_fluid_region,active_bleeding_visible,0.522731,0.58065,4
56db0c5a31db0e51.jpg,Ileocecal valve,blurred_visibility,active_bleeding_visible,0.399461,0.54477,4
d9643289f4983f95.jpg,Ileocecal valve,dark_blood_residue,unclear_view_needs_review,0.342731,0.535726,3
a98eabd77e51c06e.jpg,Foreign body,white_crater_lesion,widespread_inflammation,0.405056,0.542186,4
8e51e6d4fadf3363.jpg,Normal clean mucosa,raised_round_mass,widespread_inflammation,0.460451,0.550896,4
6047b691667b38c0.jpg,Angiectasia,white_crater_lesion,suspicious_vascular_cluster,0.350831,0.501767,1
8896266281db093d.jpg,Foreign body,red_fluid_region,widespread_inflammation,0.487531,0.570249,4
155c57186efc4b4f.jpg,Ampulla of vater,dark_blood_residue,retained_foreign_object,0.57147,0.581438,5
cc348f034ef67c5f.jpg,Reduced mucosal view,raised_round_mass,retained_foreign_object,0.369842,0.513155,2
3df847ac97461c00.jpg,Ileocecal valve,white_crater_lesion,suspicious_vascular_cluster,0.365769,0.540834,3
8d70889e6bb2dd23.jpg,Ileocecal valve,inflamed_red_surface,deep_ulceration_pattern,0.361487,0.517939,2
8d27f7b6076a0103.jpg,Ileocecal valve,normal_texture,deep_ulceration_pattern,0.373571,0.521422,2
c33d367800c83c4e.jpg,Pylorus,red_fluid_region,widespread_inflammation,0.568839,0.59196,5
6a5f0436834747ad.jpg,Angiectasia,white_crater_lesion,widespread_inflammation,0.334598,0.483664,1
07245c2dbfe815f7.jpg,Ileocecal valve,landmark_ring_structure,unclear_view_needs_review,0.416382,0.547833,4
9c6a850bd66ae251.jpg,Reduced mucosal view,landmark_ring_structure,low_risk_appearance,0.343592,0.550503,3
5c209b14fcf28b3d.jpg,Pylorus,inflamed_red_surface,unclear_view_needs_review,0.587433,0.610164,5
354c19a8c5c6eb52.jpg,Normal clean mucosa,red_fluid_region,unclear_view_needs_review,0.399549,0.492685,2
dd9885df695653a7.jpg,Polyp,blurred_visibility,deep_ulceration_pattern,0.530606,0.581369,4
745f48c879c814f4.jpg,Angiectasia,dark_blood_residue,active_bleeding_visible,0.567138,0.59746,5
eac785321b704449.jpg,Ileocecal valve,raised_round_mass,unclear_view_needs_review,0.391625,0.560458,4
0a5ca336d1d37efd.jpg,Pylorus,inflamed_red_surface,low_risk_appearance,0.592852,0.614632,5
8e1861975bb71925.jpg,Reduced mucosal view,foreign_object_shape,active_bleeding_visible,0.3386,0.541738,3
d0cd160903f2155c.jpg,Blood - fresh,vascular_red_spots,retained_foreign_object,0.637116,0.665254,5
1b6fc5ea73e331cb.jpg,Reduced mucosal view,vascular_red_spots,deep_ulceration_pattern,0.356405,0.509889,2
45ef165ec9e2b95a.jpg,Pylorus,landmark_ring_structure,deep_ulceration_pattern,0.60453,0.610434,5
ce747fa5bb5cf374.jpg,Reduced mucosal view,inflamed_red_surface,retained_foreign_object,0.37777,0.551436,4
e1265a9dd5984673.jpg,Reduced mucosal view,normal_texture,retained_foreign_object,0.350744,0.591087,4
919255034d0de625.jpg,Reduced mucosal view,raised_round_mass,suspicious_vascular_cluster,0.371818,0.497613,1
d30f09564ba5a8bd.jpg,Ileocecal valve,landmark_ring_structure,widespread_inflammation,0.356939,0.528255,3
000a9051f280d80f.jpg,Lymphangiectasia,red_fluid_region,suspicious_vascular_cluster,0.361374,0.517877,2
21875062aa09d5f1.jpg,Ileocecal valve,foreign_object_shape,widespread_inflammation,0.417974,0.534444,3
0193145ae23cd968.jpg,Pylorus,landmark_ring_structure,large_protruding_lesion,0.595433,0.606925,5
aede8d0446f49d05.jpg,Ulcer,vascular_red_spots,active_bleeding_visible,0.601892,0.616721,5
57a569884bb7d0c7.jpg,Ileocecal valve,red_fluid_region,widespread_inflammation,0.421149,0.530618,3
0d1628423e60af69.jpg,Reduced mucosal view,raised_round_mass,suspicious_vascular_cluster,0.342442,0.539426,3
67fb95db3307292e.jpg,Reduced mucosal view,landmark_ring_structure,retained_foreign_object,0.36132,0.501156,2
c1908064f9b16193.jpg,Ileocecal valve,blurred_visibility,active_bleeding_visible,0.446275,0.56016,4
e9200fe7f9d83f95.jpg,Reduced mucosal view,vascular_red_spots,large_protruding_lesion,0.35113,0.556356,4
840c9e213bd5610d.jpg,Ileocecal valve,landmark_ring_structure,suspicious_vascular_cluster,0.342279,0.51585,2
b871e3b3c0897c98.jpg,Pylorus,raised_round_mass,low_risk_appearance,0.587616,0.617969,5
bf1e03131ac8e1c8.jpg,Reduced mucosal view,raised_round_mass,deep_ulceration_pattern,0.354798,0.482723,1
16be039ea1d00087.jpg,Reduced mucosal view,inflamed_red_surface,deep_ulceration_pattern,0.350625,0.495683,1
60d318dc544b46ff.jpg,Ileocecal valve,blurred_visibility,widespread_inflammation,0.500455,0.600253,5
93fb6329cb1a2d1b.jpg,Ulcer,raised_round_mass,suspicious_vascular_cluster,0.356636,0.483243,1
91021bd7ec12fc9d.jpg,Reduced mucosal view,red_fluid_region,large_protruding_lesion,0.369496,0.505033,2
61e39d77e4a839ef.jpg,Foreign body,dark_blood_residue,unclear_view_needs_review,0.355376,0.52883,3
3adde6a66b231a04.jpg,Reduced mucosal view,white_crater_lesion,deep_ulceration_pattern,0.368214,0.492271,1
431c23398ff3e3d3.jpg,Blood - fresh,landmark_ring_structure,unclear_view_needs_review,0.591308,0.642547,5
519c87c6dea7f8d2.jpg,Foreign body,normal_texture,unclear_view_needs_review,0.342036,0.533316,3
c957395d0b026315.jpg,Ileocecal valve,red_fluid_region,retained_foreign_object,0.48168,0.602024,5
7ab50149f941b667.jpg,Ileocecal valve,landmark_ring_structure,active_bleeding_visible,0.355621,0.477212,1
7cd93d526ac8ff7a.jpg,Reduced mucosal view,dark_blood_residue,deep_ulceration_pattern,0.346608,0.531235,3
0a861ae02d8deb2f.jpg,Pylorus,foreign_object_shape,large_protruding_lesion,0.59216,0.625361,5
dc5578d835135b3a.jpg,Ulcer,normal_texture,deep_ulceration_pattern,0.354202,0.485349,1
5136c14be90801cb.jpg,Ileocecal valve,red_fluid_region,widespread_inflammation,0.355541,0.507251,2
089f1200f0232784.jpg,Reduced mucosal view,foreign_object_shape,unclear_view_needs_review,0.348634,0.523272,2
1ac76591b9a23b82.jpg,Lymphangiectasia,raised_round_mass,deep_ulceration_pattern,0.352188,0.533903,3
9ac0453b49143f63.jpg,Pylorus,red_fluid_region,deep_ulceration_pattern,0.517365,0.5636,4
209a4150f8164d73.jpg,Foreign body,blurred_visibility,low_risk_appearance,0.549318,0.581973,5
cc251cd7896f5716.jpg,Ileocecal valve,vascular_red_spots,suspicious_vascular_cluster,0.421361,0.539419,4
40333f76d06094ac.jpg,Pylorus,blurred_visibility,unclear_view_needs_review,0.51501,0.589507,5
c0fc133a751f1b94.jpg,Ileocecal valve,inflamed_red_surface,deep_ulceration_pattern,0.369104,0.520159,2
975cf2fe4761b03e.jpg,Pylorus,inflamed_red_surface,suspicious_vascular_cluster,0.58841,0.612233,5
729f49cc9e1ff6a2.jpg,Pylorus,blurred_visibility,deep_ulceration_pattern,0.575356,0.595501,5
602385366054f78a.jpg,Reduced mucosal view,raised_round_mass,active_bleeding_visible,0.354925,0.530725,3
1b02b81b3c892cae.jpg,Ileocecal valve,raised_round_mass,suspicious_vascular_cluster,0.399504,0.516855,3
a7b744d56b8c47af.jpg,Ileocecal valve,red_fluid_region,retained_foreign_object,0.427209,0.509452,3
0814e477eda38938.jpg,Ileocecal valve,landmark_ring_structure,widespread_inflammation,0.365573,0.511114,2
80611eb3f9fe8f71.jpg,Ileocecal valve,inflamed_red_surface,unclear_view_needs_review,0.362527,0.518971,2
bc47451328268bca.jpg,Pylorus,normal_texture,deep_ulceration_pattern,0.523424,0.56238,4
1cdfc9c0d2d811b9.jpg,Ileocecal valve,raised_round_mass,deep_ulceration_pattern,0.505785,0.608374,5
9f73f33ad20a0bd1.jpg,Ileocecal valve,landmark_ring_structure,low_risk_appearance,0.351616,0.514469,2
47625ce5b180c0d0.jpg,Reduced mucosal view,landmark_ring_structure,low_risk_appearance,0.370694,0.484057,1
3b1f6bd405643f2f.jpg,Polyp,landmark_ring_structure,retained_foreign_object,0.494357,0.579006,4
b6d87854a0155c68.jpg,Reduced mucosal view,vascular_red_spots,retained_foreign_object,0.359246,0.513687,2
e567b03414bf199a.jpg,Reduced mucosal view,normal_texture,unclear_view_needs_review,0.366754,0.484378,1
5e1615ccf83a2e03.jpg,Ulcer,red_fluid_region,active_bleeding_visible,0.575403,0.602444,5
58adc0c22db761ac.jpg,Blood - fresh,normal_texture,large_protruding_lesion,0.622471,0.675612,5
7b5acdfa56f89d54.jpg,Ulcer,normal_texture,retained_foreign_object,0.597454,0.595216,5
f06e8b4e3db624b3.jpg,Ileocecal valve,white_crater_lesion,low_risk_appearance,0.411086,0.531797,3
29d351a447ddab09.jpg,Blood - fresh,vascular_red_spots,retained_foreign_object,0.556302,0.647962,5
ce0d4f7c949a1d5e.jpg,Ileocecal valve,white_crater_lesion,active_bleeding_visible,0.426523,0.543617,4
c0cb0e9efef40e59.jpg,Ileocecal valve,normal_texture,active_bleeding_visible,0.514672,0.614393,5
664678b64ee4bfbd.jpg,Pylorus,normal_texture,large_protruding_lesion,0.612727,0.625799,5
8815a5f2f2b6c2e2.jpg,Reduced mucosal view,white_crater_lesion,widespread_inflammation,0.360914,0.493061,1
60968ae9db960a97.jpg,Ileocecal valve,foreign_object_shape,suspicious_vascular_cluster,0.513173,0.59051,5
a29df7fde7933139.jpg,Ulcer,vascular_red_spots,widespread_inflammation,0.580566,0.615186,5
28015cb8d6630b99.jpg,Reduced mucosal view,normal_texture,retained_foreign_object,0.347676,0.557508,4
6a14acfd73ff0d61.jpg,Reduced mucosal view,red_fluid_region,retained_foreign_object,0.358346,0.506891,2
b0f22ba943757aa0.jpg,Reduced mucosal view,foreign_object_shape,retained_foreign_object,0.357944,0.493177,1
2c04720bbe3e9ab7.jpg,Ileocecal valve,foreign_object_shape,suspicious_vascular_cluster,0.444382,0.537123,4
11b9197fb0276519.jpg,Ileocecal valve,dark_blood_residue,active_bleeding_visible,0.376937,0.495362,1
7ae314681c310279.jpg,Blood - fresh,landmark_ring_structure,deep_ulceration_pattern,0.624573,0.659663,5
4f83c97f4f0672a3.jpg,Pylorus,foreign_object_shape,retained_foreign_object,0.528038,0.580473,4
dba42917bba83d06.jpg,Pylorus,dark_blood_residue,unclear_view_needs_review,0.48537,0.576757,4
9979f6c65814472b.jpg,Reduced mucosal view,dark_blood_residue,unclear_view_needs_review,0.358242,0.511677,2
14521c44a331988c.jpg,Reduced mucosal view,raised_round_mass,widespread_inflammation,0.395952,0.539728,3
088671ae629090ad.jpg,Angiectasia,foreign_object_shape,widespread_inflammation,0.58066,0.600678,5
b647f07e21c26342.jpg,Foreign body,foreign_object_shape,deep_ulceration_pattern,0.347055,0.519948,2
a31ab9063c8ffeba.jpg,Ileocecal valve,red_fluid_region,deep_ulceration_pattern,0.45553,0.528685,4
43258d650e7d3b31.jpg,Reduced mucosal view,raised_round_mass,active_bleeding_visible,0.370985,0.495286,1
09f53964d305cfd5.jpg,Pylorus,normal_texture,low_risk_appearance,0.471281,0.554665,4
9d7161fb0210e5e9.jpg,Ileocecal valve,red_fluid_region,suspicious_vascular_cluster,0.378712,0.527933,3
224d564efa181001.jpg,Erosion,normal_texture,low_risk_appearance,0.360819,0.490719,1
6fa63a14eb87340d.jpg,Lymphangiectasia,landmark_ring_structure,deep_ulceration_pattern,0.384156,0.5547,4
08971c661b2ca403.jpg,Reduced mucosal view,vascular_red_spots,deep_ulceration_pattern,0.346423,0.491276,1
9cee49ea933dfb3e.jpg,Blood - fresh,vascular_red_spots,widespread_inflammation,0.595924,0.650887,5
e92f270baa51d4a2.jpg,Ileocecal valve,white_crater_lesion,unclear_view_needs_review,0.413689,0.570455,4
6f25a2654ac6882b.jpg,Lymphangiectasia,white_crater_lesion,unclear_view_needs_review,0.312988,0.494981,1
7528bb11fe5032eb.jpg,Angiectasia,blurred_visibility,active_bleeding_visible,0.349418,0.493404,1
befc6a0ea731193e.jpg,Foreign body,red_fluid_region,large_protruding_lesion,0.371212,0.546646,3
05cdf3721e52345f.jpg,Pylorus,red_fluid_region,widespread_inflammation,0.603149,0.621235,5
ad749899649d62a3.jpg,Reduced mucosal view,red_fluid_region,active_bleeding_visible,0.370883,0.49962,2
7eb11e703d1c990b.jpg,Blood - fresh,landmark_ring_structure,retained_foreign_object,0.620279,0.645241,5
ab3fe0c75a48de26.jpg,Pylorus,blurred_visibility,suspicious_vascular_cluster,0.604145,0.619835,5
476f4c9284eeb7e2.jpg,Ileocecal valve,inflamed_red_surface,unclear_view_needs_review,0.358732,0.478566,1
2fd7a1bf0afa6c64.jpg,Angiectasia,normal_texture,unclear_view_needs_review,0.334853,0.481028,1
4fabbb519c81b0f5.jpg,Ileocecal valve,foreign_object_shape,large_protruding_lesion,0.55882,0.624609,5
b6e4eb772d69aa77.jpg,Reduced mucosal view,blurred_visibility,retained_foreign_object,0.343482,0.543475,3
751ab115a1ed648f.jpg,Ileocecal valve,red_fluid_region,unclear_view_needs_review,0.420283,0.533862,3
30aecb57aaa6feaf.jpg,Erosion,landmark_ring_structure,deep_ulceration_pattern,0.609088,0.647049,5
2c8b291196779062.jpg,Ileocecal valve,raised_round_mass,unclear_view_needs_review,0.379904,0.510799,2
2cdaa878a025dcbe.jpg,Ulcer,blurred_visibility,widespread_inflammation,0.362664,0.482298,1
0aa8465033224180.jpg,Reduced mucosal view,red_fluid_region,deep_ulceration_pattern,0.342727,0.508352,2
1420fc482a1551d9.jpg,Angiectasia,blurred_visibility,active_bleeding_visible,0.378132,0.500765,2
1a209ae398cb6267.jpg,Ulcer,foreign_object_shape,active_bleeding_visible,0.34856,0.486217,1
2bce51064b0e7871.jpg,Ulcer,landmark_ring_structure,unclear_view_needs_review,0.610142,0.62279,5
ff0cec9988c6328e.jpg,Reduced mucosal view,blurred_visibility,unclear_view_needs_review,0.367077,0.48536,1
01ce21632590cb8a.jpg,Ileocecal valve,dark_blood_residue,suspicious_vascular_cluster,0.403317,0.529823,3
a3a443b61f2f0f34.jpg,Reduced mucosal view,inflamed_red_surface,widespread_inflammation,0.343231,0.494963,1
f0976db4ce083d59.jpg,Reduced mucosal view,normal_texture,suspicious_vascular_cluster,0.356018,0.543907,3
60eb0cc08168401a.jpg,Erosion,normal_texture,deep_ulceration_pattern,0.581026,0.608371,5
5e2b6a841b4f61d3.jpg,Ileocecal valve,white_crater_lesion,large_protruding_lesion,0.377954,0.506585,2
23e5d08a530aa7e5.jpg,Ileocecal valve,dark_blood_residue,deep_ulceration_pattern,0.546253,0.605628,5
3baa4e8a94c37171.jpg,Pylorus,blurred_visibility,retained_foreign_object,0.576539,0.592996,5
761902701deae821.jpg,Reduced mucosal view,foreign_object_shape,unclear_view_needs_review,0.33909,0.528917,2
90e7fb247989be37.jpg,Reduced mucosal view,landmark_ring_structure,large_protruding_lesion,0.348706,0.496708,1
4b333d45dc84812c.jpg,Reduced mucosal view,dark_blood_residue,large_protruding_lesion,0.361206,0.480887,1
40b2fea28b982014.jpg,Pylorus,landmark_ring_structure,unclear_view_needs_review,0.485988,0.549651,4
675a4ec531a2271d.jpg,Ileocecal valve,landmark_ring_structure,large_protruding_lesion,0.360173,0.543148,3
69a8ed3ce025f40a.jpg,Erythema,raised_round_mass,active_bleeding_visible,0.477702,0.531303,4
2dd34bcbfeeee33a.jpg,Reduced mucosal view,vascular_red_spots,unclear_view_needs_review,0.367375,0.511791,2
dcd4dc89e3c51471.jpg,Ileocecal valve,raised_round_mass,suspicious_vascular_cluster,0.445348,0.55677,4
2460ab6ee292550b.jpg,Pylorus,raised_round_mass,large_protruding_lesion,0.597621,0.625852,5
71e7326ac6db7a6a.jpg,Ileocecal valve,raised_round_mass,large_protruding_lesion,0.365501,0.482812,1
b6b96428c227fe82.jpg,Ileocecal valve,red_fluid_region,unclear_view_needs_review,0.372674,0.5122,2
e1ec02c1f4ca4379.jpg,Ileocecal valve,red_fluid_region,active_bleeding_visible,0.442153,0.535088,4
28f3ad9b9caf0fae.jpg,Reduced mucosal view,blurred_visibility,low_risk_appearance,0.350618,0.49424,1
094fce962cfa1ed8.jpg,Ileocecal valve,dark_blood_residue,active_bleeding_visible,0.397456,0.527981,3
c494dc4934f32823.jpg,Foreign body,raised_round_mass,low_risk_appearance,0.351262,0.527964,3
7950abe0101b60c2.jpg,Reduced mucosal view,dark_blood_residue,retained_foreign_object,0.376822,0.496798,2
0f1540c6f5a44126.jpg,Ileocecal valve,blurred_visibility,active_bleeding_visible,0.333054,0.553874,3
86687c4972825e8f.jpg,Erosion,dark_blood_residue,deep_ulceration_pattern,0.385634,0.553772,4
60af7cf02cfe429c.jpg,Ulcer,blurred_visibility,deep_ulceration_pattern,0.350008,0.487762,1
0b8b7a112d934eec.jpg,Lymphangiectasia,foreign_object_shape,low_risk_appearance,0.475445,0.543288,4
54b273419058daac.jpg,Reduced mucosal view,vascular_red_spots,low_risk_appearance,0.36075,0.586695,4
83c49fca3768a715.jpg,Ileocecal valve,inflamed_red_surface,widespread_inflammation,0.529939,0.603667,5
a64721d48132949c.jpg,Ileocecal valve,dark_blood_residue,unclear_view_needs_review,0.369895,0.466686,1
4050631fd94c2a06.jpg,Ileocecal valve,vascular_red_spots,deep_ulceration_pattern,0.506288,0.585436,4
26ddd9f19c770328.jpg,Ulcer,inflamed_red_surface,large_protruding_lesion,0.572297,0.601991,5
5ec64fc99c9badeb.jpg,Lymphangiectasia,red_fluid_region,unclear_view_needs_review,0.347504,0.501855,1
5ef4236b1d512b20.jpg,Reduced mucosal view,vascular_red_spots,suspicious_vascular_cluster,0.342263,0.54843,3
4cb573fd6630533b.jpg,Ulcer,blurred_visibility,widespread_inflammation,0.572537,0.597886,5
22661a0023e5ee81.jpg,Reduced mucosal view,inflamed_red_surface,suspicious_vascular_cluster,0.420704,0.526986,3
9219ce837f0bb365.jpg,Foreign body,blurred_visibility,deep_ulceration_pattern,0.376079,0.525851,3
a65884a4acf72cc1.jpg,Ileocecal valve,blurred_visibility,retained_foreign_object,0.355416,0.462973,1
d8687a2ea894cdff.jpg,Ileocecal valve,blurred_visibility,retained_foreign_object,0.401549,0.525441,3
e91a6557e5fe6a48.jpg,Pylorus,blurred_visibility,retained_foreign_object,0.592936,0.614436,5
f0209e5205d14bf3.jpg,Reduced mucosal view,red_fluid_region,widespread_inflammation,0.362013,0.582806,4
0289b06f5301c388.jpg,Reduced mucosal view,blurred_visibility,suspicious_vascular_cluster,0.348452,0.484449,1
51446ef517bb6381.jpg,Blood - fresh,white_crater_lesion,widespread_inflammation,0.582728,0.645685,5
241ccfdc1d082879.jpg,Ileocecal valve,vascular_red_spots,active_bleeding_visible,0.518316,0.609078,5
becd629f06477ee7.jpg,Reduced mucosal view,dark_blood_residue,widespread_inflammation,0.35502,0.476834,1
6e7fa2ddb9a3d119.jpg,Pylorus,dark_blood_residue,active_bleeding_visible,0.554265,0.583189,5
9a7c57acbfa1bfee.jpg,Reduced mucosal view,foreign_object_shape,active_bleeding_visible,0.350843,0.534946,3
c566ddbebf02622a.jpg,Ileocecal valve,vascular_red_spots,unclear_view_needs_review,0.545984,0.608439,5
87a24dc713844a90.jpg,Reduced mucosal view,inflamed_red_surface,large_protruding_lesion,0.364773,0.499734,2
0e0000bcc211a6bd.jpg,Ileocecal valve,foreign_object_shape,unclear_view_needs_review,0.440678,0.545105,4
06fb0f668b86d83f.jpg,Ileocecal valve,inflamed_red_surface,low_risk_appearance,0.508912,0.596833,5
5c103a171077f314.jpg,Reduced mucosal view,normal_texture,widespread_inflammation,0.349472,0.481203,1
b236a65c01cc8892.jpg,Ileocecal valve,raised_round_mass,retained_foreign_object,0.342179,0.578035,4
42d308daebfc0829.jpg,Ileocecal valve,white_crater_lesion,unclear_view_needs_review,0.522981,0.606314,5
6df1f7b0fb5b83ca.jpg,Ileocecal valve,inflamed_red_surface,low_risk_appearance,0.507338,0.599968,5
6f3672c8abf2cbeb.jpg,Pylorus,red_fluid_region,suspicious_vascular_cluster,0.397093,0.530211,3
71c2098207f3d12c.jpg,Ileocecal valve,inflamed_red_surface,large_protruding_lesion,0.37185,0.498636,2
9a808e7fabc4e120.jpg,Blood - fresh,raised_round_mass,unclear_view_needs_review,0.621423,0.656204,5
71a4a49a9a596dca.jpg,Ileocecal valve,normal_texture,active_bleeding_visible,0.451217,0.559618,4
b3f567021f8f517a.jpg,Ileocecal valve,foreign_object_shape,deep_ulceration_pattern,0.360884,0.526067,3
79da5da29d2b6db8.jpg,Angiectasia,vascular_red_spots,deep_ulceration_pattern,0.367745,0.495515,1
dbc7825ce1520a46.jpg,Ileocecal valve,landmark_ring_structure,retained_foreign_object,0.40241,0.521339,3
8429f1b6ae1386e8.jpg,Ileocecal valve,dark_blood_residue,widespread_inflammation,0.433905,0.561443,4
7c9ff74f4dc48d0a.jpg,Angiectasia,inflamed_red_surface,unclear_view_needs_review,0.559389,0.611493,5
7e719d1700739a9f.jpg,Foreign body,red_fluid_region,widespread_inflammation,0.508392,0.565483,4
45cae7b7373d36dc.jpg,Pylorus,blurred_visibility,low_risk_appearance,0.572347,0.593186,5
bd85fad53a5c9c70.jpg,Erosion,inflamed_red_surface,large_protruding_lesion,0.610339,0.641813,5
32bf6c9225c49ed0.jpg,Ileocecal valve,blurred_visibility,suspicious_vascular_cluster,0.383928,0.519593,2
1dbfc549d3ae168b.jpg,Ileocecal valve,landmark_ring_structure,retained_foreign_object,0.377299,0.517519,2
c2765c1bd7c7b7fd.jpg,Ulcer,landmark_ring_structure,deep_ulceration_pattern,0.348385,0.499965,1
465d82d0393a4461.jpg,Ileocecal valve,dark_blood_residue,active_bleeding_visible,0.385205,0.530144,3
092707491c095446.jpg,Lymphangiectasia,white_crater_lesion,suspicious_vascular_cluster,0.380071,0.532615,3
eefaa7ca24ad4e6c.jpg,Foreign body,raised_round_mass,retained_foreign_object,0.352968,0.536791,3
b01c49d40ab491ae.jpg,Erythema,dark_blood_residue,suspicious_vascular_cluster,0.386946,0.494136,2
bebc29701fef1ee5.jpg,Erosion,red_fluid_region,retained_foreign_object,0.56001,0.627957,5
86fe433e7e25c9ca.jpg,Reduced mucosal view,white_crater_lesion,unclear_view_needs_review,0.344739,0.500871,1
2e64b37a0df4f95c.jpg,Blood - fresh,dark_blood_residue,low_risk_appearance,0.554555,0.614665,5
d5a603435e198ca5.jpg,Ileocecal valve,foreign_object_shape,active_bleeding_visible,0.354389,0.49018,1
a7d5751c845b7b94.jpg,Blood - fresh,dark_blood_residue,retained_foreign_object,0.622448,0.656682,5
503a5ba2c0823d08.jpg,Reduced mucosal view,inflamed_red_surface,widespread_inflammation,0.354541,0.514098,2
cb8a05b7427e041f.jpg,Foreign body,landmark_ring_structure,large_protruding_lesion,0.418795,0.559554,4
098be2baedbdd06c.jpg,Reduced mucosal view,dark_blood_residue,retained_foreign_object,0.351864,0.539657,3
3f9fa493917ae607.jpg,Reduced mucosal view,white_crater_lesion,active_bleeding_visible,0.3553,0.537608,3
eaa0697915256c33.jpg,Ileocecal valve,foreign_object_shape,retained_foreign_object,0.339386,0.569911,4
a6d6f94a245d8959.jpg,Reduced mucosal view,white_crater_lesion,retained_foreign_object,0.348868,0.55856,4
5c84508afeca0edb.jpg,Blood - fresh,blurred_visibility,active_bleeding_visible,0.567468,0.623712,5
c2f09d7bb94b02cf.jpg,Reduced mucosal view,raised_round_mass,deep_ulceration_pattern,0.377037,0.527827,3
d58553bdb2896c12.jpg,Reduced mucosal view,blurred_visibility,unclear_view_needs_review,0.365714,0.499597,2
598d95524db0192f.jpg,Reduced mucosal view,blurred_visibility,large_protruding_lesion,0.367407,0.517089,2
ba6390c5dbd248db.jpg,Ileocecal valve,foreign_object_shape,active_bleeding_visible,0.376429,0.528858,3
6c2c613552c720a1.jpg,Ileocecal valve,normal_texture,suspicious_vascular_cluster,0.364607,0.486944,1
9c86ad03b6168607.jpg,Ileocecal valve,foreign_object_shape,deep_ulceration_pattern,0.349741,0.52209,2
58aced10e12f6892.jpg,Ileocecal valve,landmark_ring_structure,retained_foreign_object,0.39744,0.58483,4
bfbd6ac99f060832.jpg,Foreign body,blurred_visibility,active_bleeding_visible,0.35608,0.542272,3
03cb49f0a5bb695d.jpg,Blood - fresh,raised_round_mass,suspicious_vascular_cluster,0.624899,0.657895,5
8f8707ce45b9121c.jpg,Pylorus,white_crater_lesion,unclear_view_needs_review,0.433422,0.54689,4
afc8a37dcd5ded0a.jpg,Ulcer,raised_round_mass,deep_ulceration_pattern,0.342841,0.506386,2
ac99172e48e1416a.jpg,Foreign body,blurred_visibility,deep_ulceration_pattern,0.409731,0.556296,4
ce917db3b26206c3.jpg,Ileocecal valve,white_crater_lesion,retained_foreign_object,0.354681,0.4948,1
c22e7a0ad6ceb3b7.jpg,Reduced mucosal view,dark_blood_residue,large_protruding_lesion,0.341604,0.496923,1
5b2be2bac6930a66.jpg,Ileocecal valve,normal_texture,suspicious_vascular_cluster,0.420542,0.544037,4
dbdef2c34a282eee.jpg,Reduced mucosal view,normal_texture,large_protruding_lesion,0.354434,0.501744,1
768d7b15995385fe.jpg,Ileocecal valve,normal_texture,retained_foreign_object,0.412674,0.520037,3
66887876b1f33906.jpg,Ileocecal valve,raised_round_mass,unclear_view_needs_review,0.366721,0.519593,2
7efd2e0a7b9424b4.jpg,Erosion,normal_texture,widespread_inflammation,0.567618,0.634921,5
7398edff3df974eb.jpg,Pylorus,vascular_red_spots,deep_ulceration_pattern,0.611295,0.630864,5
4589cb0d79963d8e.jpg,Ileocecal valve,vascular_red_spots,suspicious_vascular_cluster,0.355178,0.47138,1
00525dac9de0d67c.jpg,Reduced mucosal view,dark_blood_residue,suspicious_vascular_cluster,0.396811,0.502352,2
840f21b84de97609.jpg,Reduced mucosal view,vascular_red_spots,low_risk_appearance,0.363182,0.510239,2
93347499445d1d59.jpg,Pylorus,landmark_ring_structure,large_protruding_lesion,0.583091,0.61789,5
4549f97cbad07950.jpg,Angiectasia,landmark_ring_structure,deep_ulceration_pattern,0.369101,0.499538,2
cf25db7d0897dd91.jpg,Ileocecal valve,white_crater_lesion,suspicious_vascular_cluster,0.366879,0.520721,2
643a3fbe5dde8457.jpg,Ileocecal valve,inflamed_red_surface,deep_ulceration_pattern,0.34077,0.569904,4
35cdb4519836c8ff.jpg,Angiectasia,landmark_ring_structure,active_bleeding_visible,0.356387,0.500105,1
87357bb9863141f9.jpg,Reduced mucosal view,red_fluid_region,retained_foreign_object,0.340862,0.494444,1
056d922851b91f9a.jpg,Lymphangiectasia,foreign_object_shape,retained_foreign_object,0.409166,0.541618,4
6f0e7e84f5e5de25.jpg,Ileocecal valve,inflamed_red_surface,low_risk_appearance,0.356723,0.504109,2
aa6cfa8f9cd89e93.jpg,Lymphangiectasia,vascular_red_spots,suspicious_vascular_cluster,0.455726,0.541085,4
762789925e8d8678.jpg,Foreign body,landmark_ring_structure,deep_ulceration_pattern,0.363092,0.537504,3
45eaa5cef3ec3662.jpg,Pylorus,raised_round_mass,unclear_view_needs_review,0.426698,0.542577,4
b0c03cab0fa0e836.jpg,Ileocecal valve,red_fluid_region,deep_ulceration_pattern,0.366206,0.51873,2
d19d482fe56542f3.jpg,Ileocecal valve,vascular_red_spots,deep_ulceration_pattern,0.340965,0.562267,4
02805d3577293285.jpg,Reduced mucosal view,normal_texture,large_protruding_lesion,0.3454,0.543172,3
4ff3af3a15fe607d.jpg,Ileocecal valve,normal_texture,large_protruding_lesion,0.372439,0.479348,1
a39d28ef6698768e.jpg,Angiectasia,vascular_red_spots,large_protruding_lesion,0.335887,0.481747,1
99d281b16c377db2.jpg,Foreign body,red_fluid_region,unclear_view_needs_review,0.442818,0.558303,4
8e4f635531036eb0.jpg,Reduced mucosal view,dark_blood_residue,unclear_view_needs_review,0.429598,0.516638,3
803d69cd00b426da.jpg,Ulcer,dark_blood_residue,active_bleeding_visible,0.415469,0.545705,4
c0425ac254441154.jpg,Reduced mucosal view,inflamed_red_surface,suspicious_vascular_cluster,0.340345,0.543533,3
d9d9631a8bdfc5bc.jpg,Ileocecal valve,vascular_red_spots,suspicious_vascular_cluster,0.404754,0.528903,3
59ccede33a2a622b.jpg,Reduced mucosal view,raised_round_mass,active_bleeding_visible,0.338532,0.535379,3
ce7decbad7663f65.jpg,Normal clean mucosa,red_fluid_region,widespread_inflammation,0.470833,0.54021,4
15edadbec5ba0a69.jpg,Pylorus,landmark_ring_structure,active_bleeding_visible,0.538293,0.599471,5
60f604c0cea2fa81.jpg,Ileocecal valve,white_crater_lesion,widespread_inflammation,0.387625,0.522175,3
5da4a03e2a5cfbde.jpg,Ileocecal valve,dark_blood_residue,active_bleeding_visible,0.390808,0.529659,3
ae04420761b7ee6e.jpg,Erosion,inflamed_red_surface,deep_ulceration_pattern,0.516562,0.618878,5
b030d95c8a485716.jpg,Angiectasia,vascular_red_spots,large_protruding_lesion,0.351098,0.494734,1
0d269754fbe856d2.jpg,Foreign body,inflamed_red_surface,suspicious_vascular_cluster,0.488739,0.563051,4
68bed850a8fa3e17.jpg,Lymphangiectasia,blurred_visibility,large_protruding_lesion,0.364735,0.520216,2
80028cc7b1b40ae9.jpg,Ileocecal valve,blurred_visibility,deep_ulceration_pattern,0.412054,0.532757,3
9a84db446d418bd5.jpg,Reduced mucosal view,landmark_ring_structure,deep_ulceration_pattern,0.365836,0.507798,2
f34b02fbc90f58c9.jpg,Ileocecal valve,raised_round_mass,retained_foreign_object,0.340468,0.500112,1
ce578bc0a06ffe61.jpg,Ileocecal valve,blurred_visibility,large_protruding_lesion,0.425169,0.530949,3
bd597c1edba9692d.jpg,Reduced mucosal view,foreign_object_shape,deep_ulceration_pattern,0.350024,0.538787,3
4132224d1ab48c94.jpg,Ileocecal valve,landmark_ring_structure,large_protruding_lesion,0.516597,0.610062,5
ca804707a5b74e1c.jpg,Ileocecal valve,blurred_visibility,active_bleeding_visible,0.432374,0.539669,4
9b531d808f790704.jpg,Pylorus,normal_texture,large_protruding_lesion,0.582183,0.606067,5
1656eb30baa829fe.jpg,Foreign body,blurred_visibility,deep_ulceration_pattern,0.370528,0.554802,4
7373e8102527e86a.jpg,Ileocecal valve,landmark_ring_structure,suspicious_vascular_cluster,0.380084,0.500903,2
562928e6b4155e62.jpg,Angiectasia,vascular_red_spots,retained_foreign_object,0.338684,0.485689,1
8aee74cf167c3ead.jpg,Pylorus,blurred_visibility,unclear_view_needs_review,0.543636,0.585156,5
cedc4239cca822f7.jpg,Lymphangiectasia,foreign_object_shape,suspicious_vascular_cluster,0.358257,0.530085,3
8c45cea0609864f2.jpg,Erythema,inflamed_red_surface,widespread_inflammation,0.493386,0.559499,4
524e7bede8427b15.jpg,Ileocecal valve,vascular_red_spots,deep_ulceration_pattern,0.436385,0.541886,4
1430aad1404667e3.jpg,Pylorus,raised_round_mass,low_risk_appearance,0.541216,0.568748,4
9141c87a0722f07f.jpg,Ileocecal valve,raised_round_mass,large_protruding_lesion,0.402644,0.531534,3
01320e8a706be10e.jpg,Foreign body,white_crater_lesion,active_bleeding_visible,0.388067,0.551746,4
ef674233d3f446f7.jpg,Ileocecal valve,foreign_object_shape,deep_ulceration_pattern,0.413242,0.530599,3
0285f62e8f30eae6.jpg,Ulcer,raised_round_mass,low_risk_appearance,0.3553,0.490444,1
2c54f5bf8eae871f.jpg,Ileocecal valve,dark_blood_residue,unclear_view_needs_review,0.376214,0.522676,3
4f3933743925dfa9.jpg,Ulcer,normal_texture,deep_ulceration_pattern,0.591269,0.610659,5
ed6ffad678075b62.jpg,Reduced mucosal view,vascular_red_spots,active_bleeding_visible,0.362661,0.514769,2
f02988047580f7db.jpg,Lymphangiectasia,red_fluid_region,deep_ulceration_pattern,0.529872,0.57173,4
b87104766847eb52.jpg,Reduced mucosal view,red_fluid_region,large_protruding_lesion,0.359548,0.516365,2
e6a77c816a42242f.jpg,Ileocecal valve,inflamed_red_surface,suspicious_vascular_cluster,0.575367,0.627172,5
0e4ff3fb73f56819.jpg,Lymphangiectasia,blurred_visibility,unclear_view_needs_review,0.380458,0.490691,1
38189fb9c0ca8f7f.jpg,Reduced mucosal view,normal_texture,active_bleeding_visible,0.343618,0.517954,2
9bb658f94a127f67.jpg,Ileocecal valve,blurred_visibility,widespread_inflammation,0.351135,0.50582,2
b9aed127291834a2.jpg,Normal clean mucosa,red_fluid_region,large_protruding_lesion,0.36645,0.508585,2
4a48bf6cabfdca9d.jpg,Foreign body,dark_blood_residue,active_bleeding_visible,0.491469,0.568757,4
f2154b3231d6e946.jpg,Foreign body,normal_texture,widespread_inflammation,0.344303,0.524365,2
357bc1f003c34182.jpg,Ileocecal valve,red_fluid_region,retained_foreign_object,0.355463,0.513771,2
96e4f491c8fbcf5f.jpg,Reduced mucosal view,red_fluid_region,large_protruding_lesion,0.368057,0.539272,3
37d6e1d1c2a5d346.jpg,Foreign body,landmark_ring_structure,large_protruding_lesion,0.381477,0.553588,4
c70a3f6393f202be.jpg,Pylorus,blurred_visibility,low_risk_appearance,0.546336,0.572384,4
95a59372942f3cb1.jpg,Ileocecal valve,red_fluid_region,active_bleeding_visible,0.437549,0.548343,4
796267527af0db3d.jpg,Lymphangiectasia,normal_texture,widespread_inflammation,0.45765,0.538035,4
7045af467db9785a.jpg,Ileocecal valve,dark_blood_residue,large_protruding_lesion,0.359793,0.51345,2
b18f2de747a39bae.jpg,Ileocecal valve,vascular_red_spots,retained_foreign_object,0.375773,0.516254,2
6855c6230bd6ba0e.jpg,Lymphangiectasia,dark_blood_residue,retained_foreign_object,0.33936,0.509641,2
59fbd0a926f3b459.jpg,Ileocecal valve,dark_blood_residue,large_protruding_lesion,0.474928,0.598734,5
f103b9342b017f29.jpg,Pylorus,raised_round_mass,low_risk_appearance,0.546909,0.578332,4
107e6c7570fd552f.jpg,Reduced mucosal view,normal_texture,widespread_inflammation,0.339613,0.551121,3
33550ecdf3befbbb.jpg,Pylorus,blurred_visibility,large_protruding_lesion,0.589019,0.598848,5
e37e24cabc2d500f.jpg,Reduced mucosal view,normal_texture,retained_foreign_object,0.366173,0.47958,1
15e43308b32cedea.jpg,Ileocecal valve,inflamed_red_surface,active_bleeding_visible,0.425967,0.555266,4
97c2d942e38df58a.jpg,Lymphangiectasia,vascular_red_spots,deep_ulceration_pattern,0.340874,0.523093,2
86eb5c66bb4959be.jpg,Ulcer,red_fluid_region,retained_foreign_object,0.36301,0.490632,1
725f0c8817a5d880.jpg,Angiectasia,raised_round_mass,large_protruding_lesion,0.335165,0.486316,1
fd7e94ad1221222e.jpg,Ulcer,white_crater_lesion,deep_ulceration_pattern,0.434151,0.543852,4
41f223f1b7174c1c.jpg,Reduced mucosal view,raised_round_mass,unclear_view_needs_review,0.362793,0.489101,1
0648a4ad490c79a8.jpg,Ulcer,red_fluid_region,deep_ulceration_pattern,0.350642,0.490002,1
e1b29369b7ad4eea.jpg,Lymphangiectasia,raised_round_mass,active_bleeding_visible,0.346042,0.519853,2
ca2d342330ed4064.jpg,Ulcer,blurred_visibility,unclear_view_needs_review,0.353241,0.491861,1
beda27381f3d2286.jpg,Blood - fresh,dark_blood_residue,deep_ulceration_pattern,0.599172,0.650641,5
b661188fa1d89172.jpg,Ileocecal valve,dark_blood_residue,low_risk_appearance,0.390026,0.514647,2
5217c024a04f9819.jpg,Ileocecal valve,white_crater_lesion,retained_foreign_object,0.388545,0.52239,3
dbbc27767877c8a3.jpg,Angiectasia,blurred_visibility,large_protruding_lesion,0.335744,0.485611,1
45699876ffcba775.jpg,Reduced mucosal view,raised_round_mass,active_bleeding_visible,0.362982,0.49639,1
b227a87b6ceca071.jpg,Pylorus,raised_round_mass,deep_ulceration_pattern,0.600137,0.602368,5
e72ae12c89b8179d.jpg,Reduced mucosal view,dark_blood_residue,retained_foreign_object,0.341341,0.525342,2
